rank,german,dutch,dutch_alt,dutch_article,pos,lemma_used,match_type,frequency,per_million
1,ich,ik,ikke,,Personalpronomen,,direct,5890279,37717.21
2,sie,zij,ze; haar; hen,,Personalpronomen,,direct,3806767,24375.86
3,das,dat,,,,,direct,3122198,19992.36
4,ist,zijn,wezen,,Verb,sein,lemma,3025610,19373.88
5,du,jij,je,,Personalpronomen,,direct,2947020,18870.65
6,nicht,niet,,,Adverb,,direct,2756783,17652.50
7,die,de,,,Artikel,,direct,2484854,15911.26
8,es,het,,,Personalpronomen,,direct,2303025,14746.95
9,und,en,,,Konjunktion,,direct,2289891,14662.85
10,der,de,,,Artikel,,direct,1726001,11052.10
11,wir,wij,we,,Personalpronomen,,direct,1721620,11024.05
12,was,wat,hetgeen,,Pronomen,,direct,1696010,10860.06
13,zu,te,,,Präposition,,direct,1424706,9122.82
14,er,hij,'ie,,Personalpronomen,,direct,1352161,8658.29
15,ein,een,,,Artikel,,direct,1315301,8422.26
16,in,in,,,Präposition,,direct,1231372,7884.84
17,ja,ja,,,Antwortpartikel,,direct,1054114,6749.81
18,mir,mij,,,Personalpronomen,,direct,1019451,6527.85
19,mit,met,,,Präposition,,direct,1014541,6496.41
20,wie,hoe,als,,Adverb,,direct,928920,5948.15
21,den,de,,,Artikel,der,lemma,920646,5895.17
22,mich,me,,,Reflexivpronomen,,direct,893076,5718.63
23,auf,op,open,,Präposition,,direct,881418,5643.98
24,dass,dat,,,Subjunktion,,direct,879520,5631.83
25,aber,maar,echter,,Konjunktion,,direct,854492,5471.57
26,eine,een,,,Artikel,ein,lemma,839485,5375.47
27,so,zo,,,Gradpartikel,,direct,813903,5211.66
28,hat,hebben,,,Verb,haben,lemma,799017,5116.34
29,hier,hier,alhier,,Adverb,,direct,754243,4829.64
30,haben,hebben,,,Verb,,direct,742327,4753.34
31,für,voor,,,Präposition,,direct,735252,4708.04
32,sind,zijn,wezen,,Verb,sein,lemma,727078,4655.70
33,war,zijn,wezen,,Verb,sein,lemma,712337,4561.31
34,von,van,,,Präposition,,direct,706490,4523.87
35,wenn,als,,,Subjunktion,,direct,694462,4446.85
36,dich,jou,,,Personalpronomen,,direct,688780,4410.46
37,ihr,jullie,,,Personalpronomen,,direct,655351,4196.41
38,nein,nee,neen,,Antwortpartikel,,direct,641479,4107.58
39,habe,bezit,,,Substantiv,,direct,636175,4073.62
40,an,aan,,,Adverb,,direct,627600,4018.71
41,bin,zijn,wezen,,Verb,sein,lemma,576589,3692.07
42,noch,nog,nog steeds,,Adverb,,direct,572486,3665.80
43,nur,alleen,slechts; maar; nou,,Fokuspartikel,,direct,564245,3613.03
44,da,daar,omdat,,Adverb,,direct,564244,3613.02
45,dir,jou,,,Personalpronomen,,direct,554802,3552.56
46,sich,zich,zichzelf,,Reflexivpronomen,,direct,533395,3415.49
47,einen,verenigen,,,Verb,,direct,532402,3409.13
48,uns,ons,,,Personalpronomen,,direct,523604,3352.79
49,hast,haast,,,Substantiv,,direct,511491,3275.23
50,dem,de,,,Artikel,der,lemma,465044,2977.82
51,kann,kunnen,,,Verb,können,lemma,461755,2956.75
52,gut,goed,,,Adjektiv,,direct,452726,2898.94
53,auch,ook,eveneens,,Adverb,,direct,449250,2876.68
54,schon,al,reeds,,Adverb,,direct,442343,2832.45
55,als,toen,dan,,Konjunktion,,direct,440490,2820.59
56,sein,zijn,wezen,,Verb,,direct,440142,2818.36
57,mal,keer,moedervlek; brandmerk,,Substantiv,,direct,435631,2789.47
58,jetzt,nu,,,Adverb,,direct,435411,2788.07
59,ihn,hem,,,Personalpronomen,,direct,435147,2786.38
60,dann,toen,dan,,Adverb,,direct,429424,2749.73
61,aus,uit,,,Präposition,,direct,425184,2722.58
62,meine,denken,menen,,Verb,meinen,lemma,420280,2691.18
63,um,rondom,om; met; heen,,Präposition,,direct,417759,2675.04
64,im,in,,,Kontraktion,,direct,403737,2585.25
65,wird,worden,zullen; gaan,,Verb,werden,lemma,394216,2524.28
66,mein,mijn,,,Possessivpronomen,,direct,384765,2463.76
67,bist,zijn,wezen,,Verb,sein,lemma,381498,2442.85
68,doch,jawel,,,Antwortpartikel,,direct,381456,2442.58
69,alles,alles,,,,,direct,366575,2347.29
70,weiß,wit,blank,,Adjektiv,,direct,357869,2291.54
71,keine,geen,,,Indefinitpronomen,kein,lemma,349315,2236.77
72,oder,of,dan wel,,Konjunktion,,direct,341214,2184.89
73,nach,na,achter; naar; volgens,,Präposition,,direct,326208,2088.81
74,nichts,niets,,,Indefinitpronomen,,direct,308672,1976.52
75,man,ze,zij,,Indefinitpronomen,,direct,300922,1926.89
76,muss,must,,,Substantiv,,direct,295567,1892.60
77,werden,worden,zullen; gaan,,Verb,,direct,294676,1886.90
78,will,willen,,,Verb,wollen,lemma,293445,1879.02
79,ihnen,hen,,,Personalpronomen,,direct,292370,1872.13
80,geht,gaan,lopen; rijzen,,Verb,gehen,lemma,290919,1862.84
81,wo,waar,,,Adverb,,direct,288363,1846.47
82,etwas,iets,,,Indefinitpronomen,,direct,286968,1837.54
83,oh,o,,,Interjektion,,direct,284455,1821.45
84,mehr,meer,,,Adverb,,direct,281301,1801.25
85,bei,bij,,,Präposition,,direct,277087,1774.27
86,also,dus,aldus,,Adverb,,direct,276548,1770.82
87,bitte,alstublieft,graag gedaan,,Adverb,,direct,261548,1674.77
88,immer,altijd,steeds,,Adverb,,direct,260238,1666.38
89,hab,hebben,,,Verb,haben,lemma,252697,1618.09
90,warum,waarom,,,Adverb,,direct,251177,1608.36
91,vor,voor,,,Präposition,,direct,247840,1586.99
92,los,vooruit,,,Adverb,,direct,242543,1553.07
93,können,kunnen,,,Verb,,direct,240905,1542.59
94,wieder,weer,,,Adverb,,direct,240508,1540.04
95,sagen,zeggen,spreken,,Verb,,direct,236702,1515.67
96,machen,doen,maken,,Verb,,direct,228412,1462.59
97,danke,bedankt,dank u; dank je,,Interjektion,,direct,227937,1459.55
98,sehr,heel,zeer; uiterst,,Gradpartikel,,direct,226425,1449.87
99,alle,op,uit,,Adverb,,direct,224850,1439.78
100,denn,aangezien,,,Konjunktion,,direct,224543,1437.82
101,mann,man,echtgenoot,de,Substantiv,,direct,222707,1426.06
102,tun,doen,,,Verb,,direct,219102,1402.98
103,ihm,hem,,,Personalpronomen,,direct,217025,1389.68
104,zum,à la,,,Kontraktion,,direct,216201,1384.40
105,gehen,gaan,lopen; rijzen,,Verb,,direct,213952,1370.00
106,sehen,zien,aanschouwen,,Verb,,direct,212948,1363.57
107,vielleicht,misschien,wellicht,,Modaladverb,,direct,212216,1358.88
108,einem,een,,,Artikel,ein,lemma,210889,1350.39
109,wer,wie,,,Interrogativpronomen,,direct,210823,1349.96
110,ihre,jullie,,,Personalpronomen,ihr,lemma,208915,1337.74
111,diese,dit,,,,,direct,208607,1335.77
112,euch,ge,,,Personalpronomen,,direct,206931,1325.04
113,einer,een,,,Artikel,ein,lemma,202097,1294.09
114,komm,komen,klaarkomen,,Verb,kommen,lemma,201117,1287.81
115,über,boven,over; bovenop,,Präposition,,direct,196855,1260.52
116,gibt,geven,zijn; verstrekken; bestaan,,Verb,geben,lemma,196771,1259.98
117,okay,OK,oké,,Adjektiv,,direct,196683,1259.42
118,wissen,weten,,,Verb,,direct,192456,1232.35
119,deine,jouw,,,Possessivpronomen,dein,lemma,191923,1228.94
120,müssen,moeten,,,Verb,,direct,191257,1224.68
121,soll,debet,,,Substantiv,,direct,191100,1223.67
122,werde,worden,zullen; gaan,,Verb,werden,lemma,187290,1199.27
123,nie,nooit,,,Adverb,,direct,185925,1190.53
124,wirklich,werkelijk,,,Adverb,,direct,185166,1185.67
125,hey,begroeting,,,Interjektion,,direct,185011,1184.68
126,kein,geen,,,Indefinitpronomen,,direct,177553,1136.92
127,viel,veel,,,Adjektiv,,direct,176767,1131.89
128,weg,weg,,de,Substantiv,,direct,175124,1121.37
129,würde,waardigheid,,,Substantiv,,direct,175047,1120.88
130,tut,doen,,,Verb,tun,lemma,172752,1106.18
131,am,,,,,,none,170913,1094.41
132,des,des,,,Substantiv,,direct,169182,1083.32
133,einfach,eenvoudig,enkel; gewoonweg,,Adjektiv,,direct,168892,1081.47
134,leben,leven,,,Substantiv,,direct,167721,1073.97
135,hatte,hebben,,,Verb,haben,lemma,162793,1042.41
136,zeit,tijd,,de,Substantiv,,direct,160393,1027.04
137,weil,omdat,Men moet het ijzer smeden als het heet is; zolang,,Subjunktion,,direct,159743,1022.88
138,willst,willen,,,Verb,wollen,lemma,159106,1018.80
139,kommen,komen,klaarkomen,,Verb,,direct,156754,1003.74
140,dein,jouw,,,Possessivpronomen,,direct,155913,998.36
141,heute,vandaag,,,Temporaladverb,,direct,154162,987.15
142,kommt,komen,klaarkomen,,Verb,kommen,lemma,153845,985.12
143,wollen,willen,,,Verb,,direct,152595,977.11
144,damit,opdat,,,Subjunktion,,direct,150635,964.56
145,ganz,heel,geheel; compleet; gaaf,,Adjektiv,,direct,149683,958.46
146,wäre,zijn,wezen,,Verb,sein,lemma,149557,957.66
147,wollte,willen,,,Verb,wollen,lemma,148643,951.81
148,weißt,bleken,,,Verb,weißen,lemma,147614,945.22
149,ok,,,,,,none,147191,942.51
150,sicher,veilig,zeker,,Adjektiv,,direct,145360,930.78
151,gesagt,zeggen,spreken,,Verb,sagen,lemma,144870,927.65
152,frau,vrouw,mevrouw; echtgenote,de,Substantiv,,direct,143725,920.31
153,nun,nu,,,Adverb,,direct,143552,919.21
154,bis,tot,tot en met,,Präposition,,direct,142166,910.33
155,wurde,worden,zullen; gaan,,Verb,werden,lemma,141236,904.38
156,leid,verdriet,,,Substantiv,,direct,140641,900.57
157,na,nou,,,Partikel,,direct,140395,898.99
158,kannst,kunnen,,,Verb,können,lemma,136795,875.94
159,macht,macht,,,Substantiv,,direct,134768,862.96
160,dieser,deze,,,Demonstrativpronomen,,direct,134205,859.35
161,zurück,terug,,,Adverb,,direct,133326,853.73
162,lassen,laten,,,Verb,,direct,131393,841.35
163,hallo,hallo,hoi,,Interjektion,,direct,128561,823.21
164,meinen,denken,menen,,Verb,,direct,128288,821.47
165,gott,God,god,de,Substantiv,,direct,127498,816.41
166,seine,Seine,,,Substantiv,,direct,126038,807.06
167,hätte,hebben,,,Verb,haben,lemma,125345,802.62
168,zwei,twee,tweejarig,,Numerale,,direct,122625,785.20
169,könnte,kunnen,,,Verb,können,lemma,117870,754.76
170,genau,exact,,,Antwortpartikel,,direct,117667,753.46
171,waren,zijn,wezen,,Verb,sein,lemma,117474,752.22
172,zur,,,,,,none,115474,739.41
173,lass,flauw,,,Adjektiv,,direct,115316,738.40
174,klar,sereen,helder,,Adjektiv,,direct,113688,727.98
175,morgen,morgen,,,Adverb,,direct,112042,717.44
176,leute,mensen,lui; lieden,,Substantiv,,direct,109956,704.08
177,vater,vader,papa,de,Substantiv,,direct,109048,698.27
178,schön,mooi,leuk,,Adjektiv,,direct,106669,683.03
179,glaube,geloof,vertrouwen,,Substantiv,,direct,105941,678.37
180,ab,vanaf,,,Präposition,,direct,104853,671.40
181,gerade,recht,even,,Adjektiv,,direct,104130,666.78
182,tag,dag,etmaal,de,Substantiv,,direct,103559,663.12
183,gesehen,zien,aanschouwen,,Verb,sehen,lemma,103106,660.22
184,reden,spreken,praten,,Verb,,direct,101992,653.09
185,wohl,welzijn,,,Substantiv,,direct,100488,643.45
186,liebe,liefde,,de,Substantiv,,direct,99301,635.85
187,sollte,moeten,zullen,,Verb,sollen,lemma,98826,632.81
188,sagte,zeggen,spreken,,Verb,sagen,lemma,98657,631.73
189,unsere,ons,,,Possessivpronomen,unser,lemma,98478,630.58
190,jemand,iemand,,,Indefinitpronomen,,direct,98283,629.34
191,geld,geld,poen,,Substantiv,,direct,98052,627.86
192,durch,door,,,Präposition,,direct,97587,624.88
193,ob,of,,,Subjunktion,,direct,97001,621.13
194,keinen,geen,,,Indefinitpronomen,kein,lemma,96394,617.24
195,mutter,moeder,moer,de,Substantiv,,direct,95349,610.55
196,raus,out,,,Adverb,,direct,95012,608.39
197,gemacht,doen,maken,,Verb,machen,lemma,94261,603.58
198,paar,paar,,,Substantiv,,direct,93818,600.74
199,mach,doen,maken,,Verb,machen,lemma,93345,597.72
200,passiert,,,,,,none,93021,595.64
201,dachte,,,,,,none,92867,594.66
202,besser,beter,,,Adjektiv,,direct,92556,592.66
203,musst,moeten,,,Verb,müssen,lemma,92429,591.85
204,wieso,waarom,,,Adverb,,direct,92191,590.33
205,sir,heer,,de,Substantiv,,direct,92012,589.18
206,dieses,dit,,,,,direct,91148,583.65
207,selbst,zelf,zelfs,,Demonstrativpronomen,,direct,90135,577.16
208,gehört,horen,luisteren,,Verb,hören,lemma,89459,572.83
209,möchte,mogen,,,Verb,mögen,lemma,89068,570.33
210,ohne,zonder,,,Präposition,,direct,88934,569.47
211,hör,horen,luisteren,,Verb,hören,lemma,88336,565.64
212,her,geleden,,,Adverb,,direct,87571,560.74
213,sag,zeggen,spreken,,Verb,sagen,lemma,87203,558.39
214,meiner,mijn,,,Possessivpronomen,mein,lemma,86264,552.37
215,anderen,ander,,,,ander,lemma,86205,552.00
216,helfen,helpen,bijstaan,,Verb,,direct,85664,548.53
217,nacht,nacht,,de,Substantiv,,direct,85102,544.93
218,finden,vinden,,,Verb,,direct,83987,537.79
219,diesen,dit,deze,,Pronomen,dies,lemma,83932,537.44
220,gute,goed,,,Adjektiv,gut,lemma,83835,536.82
221,wirst,worden,zullen; gaan,,Verb,werden,lemma,83791,536.54
222,lange,lang,,,Adverb,,direct,82872,530.65
223,natürlich,natuurlijk,uiteraard; vanzelfsprekend,,Adjektiv,,direct,82710,529.62
224,ach,genade,,,Interjektion,,direct,82252,526.68
225,meinem,mijn,,,Possessivpronomen,mein,lemma,82233,526.56
226,gar,gaar,,,Adjektiv,,direct,82082,525.60
227,ins,,,,,,none,80529,515.65
228,sei,zijn,wezen,,Verb,sein,lemma,80433,515.04
229,dort,daar,,,Adverb,,direct,79951,511.95
230,weiter,verder,,,Adjektiv,,direct,79598,509.69
231,geben,geven,zijn; verstrekken; bestaan,,Verb,,direct,78926,505.39
232,seit,sinds,sedert,,Präposition,,direct,78517,502.77
233,gleich,gelijk,meteen; dadelijk; onmiddellijk,,Adjektiv,,direct,78080,499.97
234,sagt,zeggen,spreken,,Verb,sagen,lemma,78008,499.51
235,recht,recht,,het,Substantiv,,direct,77861,498.57
236,ihren,jullie,,,Personalpronomen,ihr,lemma,76796,491.75
237,richtig,correct,juist,,Adjektiv,,direct,76789,491.70
238,ordnung,orde,,,Substantiv,,direct,76635,490.72
239,vom,van,,,Kontraktion,,direct,76597,490.47
240,hören,horen,luisteren,,Verb,,direct,76109,487.35
241,sieht,zien,aanschouwen,,Verb,sehen,lemma,75968,486.45
242,davon,daarvan,,,Pronominaladverb,,direct,75947,486.31
243,dafür,ervoor,,,Pronominaladverb,,direct,75302,482.18
244,geh,gaan,lopen; rijzen,,Verb,gehen,lemma,74468,476.84
245,diesem,dit,deze,,Pronomen,dies,lemma,74234,475.34
246,wegen,wegens,vanwege,,Postposition,,direct,74062,474.24
247,hause,wachten,,,Verb,hausen,lemma,73059,467.82
248,sollten,moeten,zullen,,Verb,sollen,lemma,72777,466.01
249,mädchen,meisje,meid,het,Substantiv,,direct,72685,465.42
250,hin,heengegaan,,,Adverb,,direct,72272,462.78
251,sollen,moeten,zullen,,Verb,,direct,71445,457.48
252,abend,avond,,de,Substantiv,,direct,71375,457.04
253,haus,huis,kamer; jongen,het,Substantiv,,direct,70976,454.48
254,denke,denken,,,Verb,denken,lemma,70824,453.51
255,viele,veel,,,,,direct,70545,451.72
256,drei,drie,,,Numerale,,direct,69824,447.10
257,deinen,jouw,,,Possessivpronomen,dein,lemma,69621,445.80
258,freund,vriend,,de,Substantiv,,direct,69586,445.58
259,guten,goed,,,Adjektiv,gut,lemma,68866,440.97
260,unser,ons,,,Possessivpronomen,,direct,68722,440.05
261,warte,wachttoren,,,Substantiv,,direct,68407,438.03
262,machst,doen,maken,,Verb,machen,lemma,67926,434.95
263,menschen,mens,,de,Substantiv,Mensch,lemma,67631,433.06
264,essen,eten,schaften,,Verb,,direct,67594,432.82
265,angst,angst,vrees,de,Substantiv,,direct,67249,430.62
266,bleiben,blijven,,,Verb,,direct,67238,430.54
267,zusammen,samen,met elkaar; onderling,,Adverb,,direct,66885,428.28
268,welt,wereld,,,Substantiv,,direct,66821,427.87
269,unter,onder,te midden van,,Präposition,,direct,66173,423.73
270,habt,hebben,,,Verb,haben,lemma,66045,422.91
271,schnell,snel,,,Adjektiv,,direct,66011,422.69
272,andere,ander,,,,ander,lemma,65229,417.68
273,tot,dood,,,Adjektiv,,direct,64995,416.18
274,getan,doen,,,Verb,tun,lemma,64404,412.40
275,darf,mogen,,,Verb,dürfen,lemma,64161,410.84
276,erst,pas,,,Adverb,,direct,64092,410.40
277,rein,puur,,,Adjektiv,,direct,64028,409.99
278,stimmt,klopt,,,,,direct,63896,409.15
279,nehmen,nemen,pakken; benemen; gebruiken,,Verb,,direct,63773,408.36
280,kinder,kind,,het,Substantiv,Kind,lemma,63716,407.99
281,eines,een,,,Artikel,ein,lemma,63710,407.95
282,glauben,geloven,,,Verb,,direct,63577,407.10
283,bringen,brengen,,,Verb,,direct,63285,405.23
284,ganze,geheel,,,,,direct,62461,399.96
285,genug,genoeg,,,Adjektiv,,direct,62381,399.44
286,scheiße,schijt,,,Adjektiv,,direct,61982,396.89
287,brauchen,nodig hebben,behoeven; gebruiken; hoeven,,Verb,,direct,61791,395.67
288,gegen,tegen,,,Präposition,,direct,61438,393.41
289,moment,moment,tijdstip; ogenblik,,Substantiv,,direct,61265,392.30
290,junge,jongen,joch; jochie,de,Substantiv,,direct,60843,389.60
291,steht,staan,,,Verb,stehen,lemma,60832,389.53
292,sonst,afgezien van,,,Adverb,,direct,60478,387.26
293,musik,muziek,toonkunst,de,Substantiv,,direct,59500,381.00
294,arbeit,werk,arbeid; baan; huiswerk,,Substantiv,,direct,59309,379.77
295,seid,zijn,wezen,,Verb,sein,lemma,58799,376.51
296,ihrer,haar,,,Personalpronomen,,direct,58510,374.66
297,fragen,vragen,,,Verb,,direct,58352,373.65
298,herr,heer,Heer; mijnheer; meneer,de,Substantiv,,direct,58200,372.67
299,dabei,naast,,,Pronominaladverb,,direct,57923,370.90
300,heißt,heten,betekenen,,Verb,heißen,lemma,57306,366.95
301,familie,familie,gezin,de,Substantiv,,direct,57288,366.83
302,warten,wachten,onderhouden; verzorgen,,Verb,,direct,56911,364.42
303,niemand,niemand,,,Indefinitpronomen,,direct,56907,364.39
304,sofort,meteen,onmiddellijk; ogenblikkelijk,,Temporaladverb,,direct,56605,362.46
305,bevor,voordat,,,Subjunktion,,direct,56210,359.93
306,jahre,jaar,,het,Substantiv,Jahr,lemma,56075,359.06
307,einmal,eens,,,Adverb,,direct,55398,354.73
308,problem,probleem,,het,Substantiv,,direct,54783,350.79
309,sohn,zoon,,de,Substantiv,,direct,54396,348.31
310,wann,wanneer,,,Adverb,,direct,54105,346.45
311,brauche,nodig hebben,behoeven; gebruiken; hoeven,,Verb,brauchen,lemma,53799,344.49
312,fertig,klaar,,,Adjektiv,,direct,53738,344.10
313,halt,halte,,,Substantiv,,direct,53723,344.00
314,allein,alleen,,,Adjektiv,,direct,53720,343.99
315,beim,,,,,,none,53673,343.68
316,sprechen,spreken,praten,,Verb,,direct,53232,340.86
317,beide,beide,allebei,,Indefinitpronomen,,direct,53120,340.14
318,gefunden,terecht,,,,,direct,53083,339.91
319,hatten,hebben,,,Verb,haben,lemma,53008,339.43
320,sache,zaak,,de,Substantiv,,direct,52830,338.29
321,hilfe,hulp,,de,Substantiv,,direct,52679,337.32
322,verdammt,doemen,verdomd,,Adjektiv,,direct,52499,336.17
323,ne,,,,,,none,52438,335.78
324,jeder,ieder,iedereen; elk,,Indefinitpronomen,,direct,52254,334.60
325,warst,zijn,wezen,,Verb,sein,lemma,52211,334.32
326,gern,graag,,,Adverb,,direct,52147,333.91
327,konnte,kunnen,,,Verb,können,lemma,51818,331.81
328,darüber,overheen,,,Pronominaladverb,,direct,51711,331.12
329,halten,houden,vasthouden,,Verb,,direct,51690,330.99
330,siehst,zien,aanschouwen,,Verb,sehen,lemma,51444,329.41
331,verstehe,verstaan,overweg komen; begrijpen,,Verb,verstehen,lemma,51294,328.45
332,jahren,jaar,,het,Substantiv,Jahr,lemma,51158,327.58
333,kam,komen,klaarkomen,,Verb,kommen,lemma,51041,326.83
334,kind,kind,,het,Substantiv,,direct,50922,326.07
335,wusste,weten,,,Verb,wissen,lemma,50878,325.79
336,wahr,waar,,,Adjektiv,,direct,50700,324.65
337,seinen,zijn,wezen,,Verb,sein,lemma,50311,322.16
338,dazu,daarbij,daartoe; erbij; ten,,Pronominaladverb,,direct,50144,321.09
339,bruder,broer,broeder,de,Substantiv,,direct,50137,321.04
340,daran,daarop,,,Adverb,,direct,50081,320.68
341,ihrem,jullie,,,Personalpronomen,ihr,lemma,50046,320.46
342,denken,denken,,,Verb,,direct,49912,319.60
343,könnten,kunnen,,,Verb,können,lemma,49708,318.30
344,dank,dankzij,,,Präposition,,direct,49155,314.75
345,würden,worden,zullen; gaan,,Verb,werden,lemma,49143,314.68
346,lieber,liever,,,Adverb,,direct,49123,314.55
347,fall,geval,val; naamval; zaak,,Substantiv,,direct,49042,314.03
348,deiner,jouw,,,Possessivpronomen,dein,lemma,48756,312.20
349,sehe,zien,aanschouwen,,Verb,sehen,lemma,48293,309.23
350,egal,altijd,,,Adjektiv,,direct,48287,309.20
351,kennen,kennen,,,Verb,,direct,48114,308.09
352,deinem,jouw,,,Possessivpronomen,dein,lemma,48010,307.42
353,vergessen,vergeten,,,Verb,,direct,47889,306.65
354,frage,vraag,vraagstuk,,Substantiv,,direct,47512,304.23
355,mache,brengen,,,Substantiv,,direct,47510,304.22
356,komme,komen,klaarkomen,,Verb,kommen,lemma,47282,302.76
357,sage,sage,,,Substantiv,,direct,47197,302.22
358,mag,wel,,,,,direct,47150,301.92
359,sieh,zien,aanschouwen,,Verb,sehen,lemma,47133,301.81
360,echt,echt,echte,,Adjektiv,,direct,46884,300.21
361,gib,geven,zijn; verstrekken; bestaan,,Verb,geben,lemma,46863,300.08
362,eigentlich,eigenlijk,,,Adverb,,direct,46744,299.32
363,jeden,ieder,iedereen; elk,,Indefinitpronomen,jeder,lemma,46594,298.36
364,dad,,,,,,none,46472,297.57
365,gab,geven,zijn; verstrekken; bestaan,,Verb,geben,lemma,46178,295.69
366,uhr,klok,uur; tijdklok; meetklok,,Substantiv,,direct,46117,295.30
367,stadt,stad,,de,Substantiv,,direct,45812,293.35
368,männer,man,echtgenoot,de,Substantiv,Mann,lemma,45451,291.04
369,baby,baby,,de,Substantiv,,direct,45434,290.93
370,fahren,rijden,,,Verb,,direct,45060,288.53
371,namen,naam,,de,Substantiv,Name,lemma,44998,288.14
372,bekommen,krijgen,bekomen; pakken,,Verb,,direct,44852,287.20
373,kopf,hoofd,kop,het,Substantiv,,direct,44851,287.19
374,hi,-en,,,Adverb,,direct,44653,285.93
375,gehe,gaan,lopen; rijzen,,Verb,gehen,lemma,44502,284.96
376,kleine,klein,minuscuul,,Adjektiv,klein,lemma,44338,283.91
377,später,later,,,Adjektiv,,direct,44320,283.79
378,glück,geluk,voorspoed,,Substantiv,,direct,44295,283.63
379,letzte,laatst,,,Adjektiv,,direct,44246,283.32
380,freunde,,,,,,none,43913,281.19
381,all,al,,,Indefinitpronomen,,direct,43808,280.52
382,darauf,daarop,erop,,Adverb,,direct,43236,276.85
383,ende,einde,stuk; touw,,Substantiv,,direct,43216,276.72
384,bald,straks,spoedig; weldra,,Adverb,,direct,42834,274.28
385,töten,doden,,,Verb,,direct,42735,273.64
386,dinge,spullen,,,,,direct,42560,272.52
387,meinst,denken,menen,,Verb,meinen,lemma,42522,272.28
388,toll,leuk,,,Adjektiv,,direct,42438,271.74
389,eins,één,een,,Numerale,,direct,42157,269.94
390,minuten,minuut,,,Substantiv,Minute,lemma,42139,269.83
391,vielen,veel,,,,,direct,42047,269.24
392,bereit,klaar,,,Adjektiv,,direct,41925,268.46
393,weit,wijd,,,Adjektiv,,direct,41558,266.11
394,ahnung,denkbeeld,,,Substantiv,,direct,41525,265.90
395,seiner,zijn,wezen,,Verb,sein,lemma,41478,265.60
396,bisschen,beetje,,,Indefinitpronomen,,direct,41471,265.55
397,tür,deur,,,Substantiv,,direct,41457,265.46
398,auto,auto,autootje,de,Substantiv,,direct,41372,264.92
399,jungs,jongen,joch; jochie,de,Substantiv,Junge,lemma,40783,261.15
400,eure,jullie,,,Possessivpronomen,euer,lemma,40647,260.27
401,augen,oog,kijker,het,Substantiv,Auge,lemma,40593,259.93
402,polizei,politie,,de,Substantiv,,direct,40572,259.79
403,stehen,staan,,,Verb,,direct,40469,259.14
404,sterben,sterven,doodgaan,,Verb,,direct,40334,258.27
405,hätten,hebben,,,Verb,haben,lemma,40190,257.35
406,draußen,buiten,,,Adverb,,direct,40075,256.61
407,kenne,kennen,,,Verb,kennen,lemma,39750,254.53
408,fast,bijna,haast,,Adverb,,direct,39542,253.20
409,runter,naar beneden,neerwaarts,,Lokaladverb,,direct,39290,251.59
410,vorbei,voorbij,,,Lokaladverb,,direct,38763,248.21
411,treffen,treffen,,,Substantiv,,direct,38758,248.18
412,gerne,graag,,,Adverb,,direct,38739,248.06
413,dran,beurt,,,Adverb,,direct,38593,247.12
414,wurden,worden,zullen; gaan,,Verb,werden,lemma,38564,246.94
415,arbeiten,werken,arbeiden,,Verb,,direct,38510,246.59
416,mom,,,,,,none,38250,244.93
417,verrückt,gek,idioot; verschoven,,Adjektiv,,direct,38126,244.13
418,neue,nieuw,,,Adjektiv,neu,lemma,38119,244.09
419,ging,gaan,lopen; rijzen,,Verb,gehen,lemma,38051,243.65
420,hinter,achter,,,Präposition,,direct,37964,243.09
421,sorgen,zorgen,verzorgen,,Verb,,direct,37844,242.33
422,einzige,enig,,,Adjektiv,einzig,lemma,37724,241.56
423,jemanden,iemand,,,Indefinitpronomen,jemand,lemma,37451,239.81
424,darum,daarom,,,Adverb,,direct,37424,239.64
425,tochter,dochter,,de,Substantiv,,direct,37375,239.32
426,braucht,nodig hebben,behoeven; gebruiken; hoeven,,Verb,brauchen,lemma,37187,238.12
427,idee,idee,notie,,Substantiv,,direct,37181,238.08
428,schwester,zuster,zus,de,Substantiv,,direct,37032,237.13
429,drin,binnen,,,Adverb,,direct,36941,236.54
430,ruhig,rustig,sereen,,Adjektiv,,direct,36940,236.54
431,sah,zien,aanschouwen,,Verb,sehen,lemma,36936,236.51
432,ganzen,heel,geheel; compleet; gaaf,,Adjektiv,ganz,lemma,36929,236.47
433,spät,laat,,,Adjektiv,,direct,36834,235.86
434,ziemlich,vrij,tamelijk; redelijk; nogal,,Gradpartikel,,direct,36820,235.77
435,solltest,moeten,zullen,,Verb,sollen,lemma,36770,235.45
436,name,naam,,de,Substantiv,,direct,36668,234.80
437,sogar,zelfs,,,Adverb,,direct,36650,234.68
438,kurz,kort,kortstondig,,Adjektiv,,direct,36629,234.55
439,kerl,kerel,vent; pik,,Substantiv,,direct,36512,233.80
440,frauen,vrouw,mevrouw; echtgenote,de,Substantiv,Frau,lemma,36457,233.45
441,liegt,liggen,,,Verb,liegen,lemma,36313,232.52
442,suchen,zoeken,,,Verb,,direct,36294,232.40
443,finde,vinden,,,Verb,finden,lemma,36286,232.35
444,je,ooit,,,Adverb,,direct,36205,231.83
445,woher,vanwaar,,,Adverb,,direct,36061,230.91
446,lang,lang,,,Adjektiv,,direct,36029,230.70
447,job,job,,,Substantiv,,direct,35995,230.49
448,keiner,geen,,,Indefinitpronomen,,direct,35951,230.20
449,seinem,zijn,wezen,,Verb,sein,lemma,35907,229.92
450,hört,horen,luisteren,,Verb,hören,lemma,35796,229.21
451,verstehen,verstaan,overweg komen; begrijpen,,Verb,,direct,35693,228.55
452,spielen,spelen,meespelen,,Verb,,direct,35600,227.96
453,überhaupt,überhaupt,helemaal; bovendien; eigenlijk,,Adverb,,direct,35566,227.74
454,teufel,duivel,duvel,de,Substantiv,,direct,35421,226.81
455,verstanden,verstaan,overweg komen; begrijpen,,Verb,verstehen,lemma,35353,226.38
456,verloren,verloren,,,,,direct,35282,225.92
457,große,groot,volwassene,,Adjektiv,groß,lemma,35255,225.75
458,hand,hand,,,Substantiv,,direct,35247,225.70
459,grund,grond,reden,de,Substantiv,,direct,35243,225.67
460,jahr,jaar,,het,Substantiv,,direct,35092,224.70
461,kommst,komen,klaarkomen,,Verb,kommen,lemma,34951,223.80
462,mama,mammie,,,Substantiv,,direct,34883,223.37
463,ruhe,rust,,,Substantiv,,direct,34794,222.80
464,gewesen,passe,,,Adjektiv,,direct,34766,222.62
465,tod,dood,overlijden,,Substantiv,,direct,34408,220.32
466,stunden,dralen,,,Verb,,direct,34244,219.27
467,hoffe,hopen,,,Verb,hoffen,lemma,34207,219.04
468,denkst,denken,,,Verb,denken,lemma,34170,218.80
469,oben,boven,,,Lokaladverb,,direct,34115,218.45
470,gestern,gisteren,gister,,Adverb,,direct,34095,218.32
471,versuchen,proberen,,,Verb,,direct,34093,218.31
472,art,soort,,,Substantiv,,direct,34062,218.11
473,letzten,laatst,,,,letzt,lemma,34029,217.90
474,schatz,schat,,,Substantiv,,direct,34026,217.88
475,endlich,eindelijk,,,Adverb,,direct,33924,217.23
476,he,hela,,,Interjektion,,direct,33922,217.21
477,nimm,nemen,pakken; benemen; gebruiken,,Verb,nehmen,lemma,33866,216.85
478,etwa,ongeveer,,,Adverb,,direct,33845,216.72
479,erzählt,,,,,,none,33821,216.57
480,läuft,rennen,lopen; hollen; werken,,Verb,laufen,lemma,33798,216.42
481,schwer,zwaar,moeilijk,,Adjektiv,,direct,33640,215.41
482,anders,anders,ongelijk,,Adverb,,direct,33554,214.86
483,miss,juffrouw,,,Substantiv,,direct,33536,214.74
484,musste,moeten,,,Verb,müssen,lemma,33428,214.05
485,fünf,vijf,,,Numerale,,direct,33424,214.02
486,wasser,water,,het,Substantiv,,direct,33387,213.79
487,lässt,laten,,,Verb,lassen,lemma,33377,213.72
488,erste,eerste,,,Adjektiv,,direct,33254,212.94
489,versucht,,,,,,none,33190,212.53
490,gekommen,komen,klaarkomen,,Verb,kommen,lemma,33073,211.78
491,geschichte,geschiedenis,historie,de,Substantiv,,direct,33070,211.76
492,wenig,weinig,beetje,,Adjektiv,,direct,33015,211.40
493,holen,halen,,,Verb,,direct,32820,210.16
494,bedeutet,,,,,,none,32688,209.31
495,nett,aangenaam,,,Adjektiv,,direct,32685,209.29
496,wahrheit,waarheid,,de,Substantiv,,direct,32627,208.92
497,woche,week,,de,Substantiv,,direct,32543,208.38
498,bringt,brengen,,,Verb,bringen,lemma,32528,208.29
499,deshalb,deshalve,deswege,,Konjunktionaladverb,,direct,32451,207.79
500,welche,dewelke,,,Interrogativpronomen,,direct,32349,207.14
501,bestimmt,bepaald,,,Adjektiv,,direct,32232,206.39
502,hoch,hoog,omhoog,,Adjektiv,,direct,32147,205.85
503,alter,leeftijd,ouderdom,de,Substantiv,,direct,32101,205.55
504,sagst,zeggen,spreken,,Verb,sagen,lemma,32048,205.21
505,schau,"tentoonstelling, expositie",,,Substantiv,,direct,32038,205.15
506,ah,hé,,,,,direct,31832,203.83
507,land,land,grond,het,Substantiv,,direct,31728,203.16
508,zimmer,kamer,vertrek,,Substantiv,,direct,31727,203.16
509,wagen,wagen,,de,Substantiv,,direct,31434,201.28
510,vier,vier,,,Numerale,,direct,31390,201.00
511,gefallen,bevallen,aanstaan,,Verb,,direct,31368,200.86
512,spaß,lol,,de,Substantiv,,direct,31361,200.81
513,niemals,nooit,nimmer,,Adverb,,direct,31303,200.44
514,schuld,schuld,,,Substantiv,,direct,31228,199.96
515,getötet,doden,,,Verb,töten,lemma,31223,199.93
516,wollten,willen,,,Verb,wollen,lemma,31158,199.51
517,verlassen,verlaten,weggaan,,Verb,,direct,31021,198.64
518,zeigen,tonen,wijzen,,Verb,,direct,30869,197.66
519,beste,best,,de,Substantiv,,direct,30671,196.40
520,ernst,ernstig,serieus,,Adjektiv,,direct,30649,196.25
521,unserer,ons,,,Possessivpronomen,unser,lemma,30644,196.22
522,denen,de,,,Artikel,der,lemma,30608,195.99
523,ort,oord,bewoners; Zwitsers kanton; topje van zwaard,,Substantiv,,direct,30562,195.70
524,bleibt,blijven,,,Verb,bleiben,lemma,30520,195.43
525,würdest,worden,zullen; gaan,,Verb,werden,lemma,30516,195.40
526,manchmal,soms,,,Adverb,,direct,30500,195.30
527,glaubst,geloven,,,Verb,glauben,lemma,30407,194.71
528,seite,zijde,kant; site,,Substantiv,,direct,30345,194.31
529,lasst,laten,,,Verb,lassen,lemma,30331,194.22
530,zwischen,tussen,,,Präposition,,direct,30326,194.19
531,eben,vlak,egaal,,Adjektiv,,direct,30288,193.94
532,während,terwijl,tijdens; gedurende,,Subjunktion,,direct,30284,193.92
533,spiel,spel,,het,Substantiv,,direct,30057,192.46
534,nehme,nemen,pakken; benemen; gebruiken,,Verb,nehmen,lemma,30019,192.22
535,ersten,pas,,,Adverb,erst,lemma,29956,191.82
536,guter,goed,,,Substantiv,,direct,29956,191.82
537,chance,kans,gelegenheid,,Substantiv,,direct,29888,191.38
538,freundin,vriendin,,de,Substantiv,,direct,29850,191.14
539,krieg,oorlog,krijg,de,Substantiv,,direct,29815,190.91
540,gefällt,,,,,,none,29665,189.95
541,kleinen,klein,minuscuul,,Adjektiv,klein,lemma,29378,188.12
542,erzählen,vertellen,verhalen,,Verb,,direct,29301,187.62
543,anderes,anders,ongelijk,,Adverb,anders,lemma,29170,186.78
544,tage,vergaderen,,,Verb,tagen,lemma,29111,186.41
545,entschuldigen,verontschuldigen,,,Verb,,direct,29089,186.27
546,wichtig,belangrijk,,,Adjektiv,,direct,29007,185.74
547,gehst,gaan,lopen; rijzen,,Verb,gehen,lemma,28954,185.40
548,allen,op,uit,,Adverb,alle,lemma,28945,185.34
549,bett,bed,bedding,het,Substantiv,,direct,28931,185.25
550,sachen,spullen,,,,,direct,28679,183.64
551,the,,,,,,none,28674,183.61
552,schlecht,slecht,kwaad; zwak; rotten,,Adjektiv,,direct,28460,182.24
553,schule,school,,,Substantiv,,direct,28409,181.91
554,entschuldigung,verontschuldiging,excuus; excuses; sorry,,Substantiv,,direct,28406,181.89
555,wort,woord,,de/het,Substantiv,,direct,28327,181.39
556,john,,,,,,none,28291,181.16
557,hättest,hebben,,,Verb,haben,lemma,28253,180.91
558,wären,zijn,wezen,,Verb,sein,lemma,28193,180.53
559,typ,type,,,Substantiv,,direct,27983,179.18
560,schlafen,slapen,overnachten,,Verb,,direct,27946,178.95
561,äh,euh,,,Interjektion,,direct,27883,178.54
562,tu,,,,,,none,27733,177.58
563,euer,jullie,,,Possessivpronomen,,direct,27634,176.95
564,captain,,,,,,none,27491,176.03
565,gesicht,gezicht,aangezicht; gelaat,het,Substantiv,,direct,27489,176.02
566,falls,indien,voor het geval dat; bijgeval; ingeval,,Subjunktion,,direct,27447,175.75
567,neuen,nieuw,,,Adjektiv,neu,lemma,27364,175.22
568,bloß,bloot,slechts; maar; naakt,,Adjektiv,,direct,27288,174.73
569,unten,onder,onderaan,,Lokaladverb,,direct,27259,174.55
570,teil,deel,onderdeel; stuk; kledingstuk,,Substantiv,,direct,27243,174.45
571,beiden,beide,allebei,,Indefinitpronomen,beide,lemma,27228,174.35
572,mensch,mens,,de,Substantiv,,direct,27093,173.48
573,kleiner,jong,,,Substantiv,,direct,27048,173.20
574,stellen,plaatsen,stellen; vragen,,Verb,,direct,26821,171.74
575,oft,vaak,dikwijls,,Adverb,,direct,26820,171.74
576,sorge,zorg,,,Substantiv,,direct,26812,171.69
577,gedacht,bedoeld,,,,,direct,26691,170.91
578,tust,doen,,,Verb,tun,lemma,26635,170.55
579,trinken,drinken,,,Verb,,direct,26484,169.58
580,einige,enigen,,,Indefinitpronomen,,direct,26477,169.54
581,dies,dit,deze,,Pronomen,,direct,26436,169.28
582,ding,ding,iets; voorval,,Substantiv,,direct,26389,168.98
583,unseren,,,,,,none,26378,168.91
584,kriegen,krijgen,ontvangen; vatten; klissen,,Verb,,direct,26366,168.83
585,blut,bloed,,het,Substantiv,,direct,26293,168.36
586,ehrlich,eerlijk,,,Adjektiv,,direct,26290,168.34
587,eltern,ouders,,,Substantiv,,direct,26221,167.90
588,scheint,schijnen,,,Verb,scheinen,lemma,26026,166.65
589,herz,hart,harten,het,Substantiv,,direct,26008,166.54
590,jack,,,,,,none,25967,166.27
591,glücklich,gelukkig,fortuinlijk; voorspoedig,,Adjektiv,,direct,25915,165.94
592,alte,oud,,,Substantiv,,direct,25827,165.38
593,alt,oud,,,Adjektiv,,direct,25682,164.45
594,bleib,blijven,,,Verb,bleiben,lemma,25656,164.28
595,wiedersehen,reviseren,terugzien; weerzien,,Verb,,direct,25645,164.21
596,frei,vrij,open,,Adjektiv,,direct,25635,164.15
597,wen,wie,,,Pronomen,,direct,25569,163.73
598,drauf,,,,,,none,25564,163.69
599,möglich,mogelijk,,,Adjektiv,,direct,25388,162.57
600,irgendwie,eenderhoe,,,Adverb,,direct,25378,162.50
601,reicht,volstaan,,,Verb,reichen,lemma,25343,162.28
602,fest,feest,,,Substantiv,,direct,25199,161.36
603,besten,goed,,,Adjektiv,gut,lemma,25164,161.13
604,waffe,wapen,,het,Substantiv,,direct,25140,160.98
605,kaum,nauwelijks,amper,,Adverb,,direct,25058,160.45
606,irgendwas,iets,,,Indefinitpronomen,,direct,24950,159.76
607,klingt,klinken,,,Verb,klingen,lemma,24910,159.51
608,platz,plein,plaats; ruimte,,Substantiv,,direct,24820,158.93
609,brauchst,nodig hebben,behoeven; gebruiken; hoeven,,Verb,brauchen,lemma,24773,158.63
610,rede,toespraak,,,Substantiv,,direct,24754,158.51
611,papa,pappa,,,Substantiv,,direct,24707,158.21
612,falsch,vals,verkeerd; fout; nep,,Adjektiv,,direct,24701,158.17
613,sondern,maar,,,Konjunktion,,direct,24687,158.08
614,alten,oud,,,Adjektiv,alt,lemma,24660,157.91
615,nummer,nummer,,,Substantiv,,direct,24641,157.78
616,früher,vroeger,,,Adjektiv,,direct,24599,157.51
617,jungen,jong,jeugdig,,Adjektiv,jung,lemma,24498,156.87
618,wohin,waarheen,,,Adverb,,direct,24373,156.07
619,außer,behalve,buiten; tenzij,,Präposition,,direct,24306,155.64
620,früh,vroeg,pril,,Adjektiv,,direct,24189,154.89
621,setzen,zetten,zitten; neerzitten,,Verb,,direct,24061,154.07
622,zuerst,eerst,,,Adverb,,direct,24005,153.71
623,wahrscheinlich,waarschijnlijk,,,Adjektiv,,direct,23968,153.47
624,dürfen,mogen,,,Verb,,direct,23930,153.23
625,jede,ieder,iedereen; elk,,Indefinitpronomen,jeder,lemma,23900,153.04
626,arsch,kont,gat; achterwerk; klootzak,,Substantiv,,direct,23823,152.55
627,telefon,telefoon,,de,Substantiv,,direct,23581,151.00
628,tue,doen,,,Verb,tun,lemma,23560,150.86
629,kennst,kennen,,,Verb,kennen,lemma,23541,150.74
630,willkommen,welkom,graag gezien,,Interjektion,,direct,23375,149.68
631,plan,plan,ontwerp,,Substantiv,,direct,23291,149.14
632,großen,groot,volwassene,,Adjektiv,groß,lemma,23269,149.00
633,retten,redden,,,Verb,,direct,23258,148.93
634,hierher,hierheen,,,Adverb,,direct,23229,148.74
635,wär,zijn,wezen,,Verb,sein,lemma,23099,147.91
636,bring,brengen,,,Verb,bringen,lemma,23068,147.71
637,fehler,fout,vergissing,,Substantiv,,direct,22947,146.94
638,wollt,willen,,,Verb,wollen,lemma,22936,146.87
639,dollar,dollar,,,Substantiv,,direct,22913,146.72
640,zehn,tien,,,Numerale,,direct,22855,146.35
641,allem,op,uit,,Adverb,alle,lemma,22790,145.93
642,pass,paspoort,pas; bergpas; pass,,Substantiv,,direct,22790,145.93
643,nächste,dichtbij,,,Adjektiv,nah,lemma,22714,145.44
644,stunde,uur,,,Substantiv,,direct,22665,145.13
645,hände,hand,,,Substantiv,Hand,lemma,22645,145.00
646,gegeben,,,,,,none,22620,144.84
647,menge,verzameling,,,Substantiv,,direct,22618,144.83
648,langsam,traag,langzaam; sloom,,Adjektiv,,direct,22581,144.59
649,bereits,reeds,,,Adverb,,direct,22535,144.30
650,wartet,wachten,onderhouden; verzorgen,,Verb,warten,lemma,22512,144.15
651,sechs,zes,,,Numerale,,direct,22454,143.78
652,lieben,liefhebben,houden van,,Verb,,direct,22407,143.48
653,meines,mijn,,,Possessivpronomen,mein,lemma,22280,142.67
654,büro,kantoor,bureau,,Substantiv,,direct,22253,142.49
655,nächsten,dichtbij,,,Adjektiv,nah,lemma,22247,142.45
656,gebe,geven,zijn; verstrekken; bestaan,,Verb,geben,lemma,22215,142.25
657,wochen,week,,de,Substantiv,Woche,lemma,22080,141.38
658,ruf,reputatie,roep; kreet; aanmaning,,Substantiv,,direct,21947,140.53
659,schaffen,slagen,scheppfen,,Verb,,direct,21929,140.42
660,leider,helaas,,,Modaladverb,,direct,21867,140.02
661,scheiß,gelul,,,Substantiv,,direct,21719,139.07
662,hölle,hel,,,Substantiv,,direct,21656,138.67
663,trotzdem,toch,,,Konjunktionaladverb,,direct,21476,137.52
664,doktor,doctor,dokter,de,Substantiv,,direct,21392,136.98
665,tja,nou,,,Interjektion,,direct,21330,136.58
666,new,,,,,,none,21321,136.52
667,voll,vol,,,Adjektiv,,direct,21320,136.52
668,film,film,,de,Substantiv,,direct,21254,136.10
669,überall,overal,alom,,Adverb,,direct,21161,135.50
670,hund,hond,,de,Substantiv,,direct,21146,135.40
671,geworden,worden,zullen; gaan,,Verb,werden,lemma,21015,134.57
672,direkt,direct,,,Adjektiv,,direct,21011,134.54
673,wolltest,willen,,,Verb,wollen,lemma,20973,134.30
674,tat,daad,prestatie,,Substantiv,,direct,20923,133.98
675,denkt,denken,,,Verb,denken,lemma,20863,133.59
676,schiff,schip,,het,Substantiv,,direct,20825,133.35
677,neues,nieuw,,,Adjektiv,neu,lemma,20814,133.28
678,wem,waarmee,,,Pronomen,,direct,20802,133.20
679,könig,koning,,de,Substantiv,,direct,20785,133.09
680,danach,daarna,vervolgens; toen,,Adverb,,direct,20649,132.22
681,funktioniert,,,,,,none,20608,131.96
682,hattest,hebben,,,Verb,haben,lemma,20582,131.79
683,lernen,leren,,,Verb,,direct,20579,131.77
684,deswegen,dus,daarom; toen,,Konjunktionaladverb,,direct,20564,131.68
685,wow,wauw,,,Interjektion,,direct,20470,131.08
686,nennen,noemen,aanwijzen,,Verb,,direct,20467,131.06
687,hm,hm,,,Interjektion,,direct,20416,130.73
688,feuer,vuur,brand,,Substantiv,,direct,20404,130.65
689,laufen,rennen,lopen; hollen; werken,,Verb,,direct,20390,130.56
690,alleine,alleen,,,Adjektiv,,direct,20359,130.36
691,erinnern,herinneren,,,Verb,,direct,20326,130.15
692,völlig,helemaal,volledig; totaal; compleet,,Adjektiv,,direct,20317,130.10
693,kleines,klein,minuscuul,,Adjektiv,klein,lemma,20305,130.02
694,könnt,kunnen,,,Verb,können,lemma,20255,129.70
695,stelle,baan,plaats; plek; cijfer,,Substantiv,,direct,20224,129.50
696,kumpel,maat,,,Substantiv,,direct,20189,129.28
697,verlieren,verliezen,,,Verb,,direct,20125,128.87
698,probleme,probleem,,het,Substantiv,Problem,lemma,20116,128.81
699,spricht,spreken,praten,,Verb,sprechen,lemma,20030,128.26
700,kaffee,koffie,,de,Substantiv,,direct,19999,128.06
701,luft,lucht,,,Substantiv,,direct,19958,127.80
702,fand,vinden,,,Verb,finden,lemma,19911,127.50
703,entschuldige,verontschuldigen,,,Verb,entschuldigen,lemma,19709,126.20
704,ziehen,trekken,,,Verb,,direct,19643,125.78
705,verschwinden,verdwijnen,opsodemieteren,,Verb,,direct,19631,125.70
706,könntest,kunnen,,,Verb,können,lemma,19588,125.43
707,seht,zien,aanschouwen,,Verb,sehen,lemma,19586,125.41
708,aufhören,stoppen,ophouden,,Verb,,direct,19532,125.07
709,eigenen,apart,eigen,,Adjektiv,eigen,lemma,19530,125.06
710,richtige,correct,juist,,Adjektiv,richtig,lemma,19499,124.86
711,unserem,ons,,,Possessivpronomen,unser,lemma,19459,124.60
712,suche,zoektocht,,,Substantiv,,direct,19440,124.48
713,zwar,wel,weliswaar,,Adverb,,direct,19381,124.10
714,groß,groot,volwassene,,Adjektiv,,direct,19362,123.98
715,hol,halen,,,Verb,holen,lemma,19339,123.83
716,buch,boek,,het,Substantiv,,direct,19306,123.62
717,krank,ziek,,,Adjektiv,,direct,19265,123.36
718,fühle,voelen,,,Verb,fühlen,lemma,19176,122.79
719,jedes,elk,elke,,Indefinitpronomen,,direct,19154,122.65
720,verstehst,verstaan,overweg komen; begrijpen,,Verb,verstehen,lemma,19139,122.55
721,wert,waarde,waard,de,Substantiv,,direct,19128,122.48
722,arzt,arts,dokter; geneesheer; medicus,de,Substantiv,,direct,19080,122.17
723,froh,blij,,,Adjektiv,,direct,19077,122.16
724,versuche,proberen,,,Verb,versuchen,lemma,18964,121.43
725,straße,straat,weg,de,Substantiv,,direct,18963,121.43
726,rufen,roepen,,,Verb,,direct,18953,121.36
727,heiraten,huwen,trouwen,,Verb,,direct,18905,121.05
728,super,super,,,Adjektiv,,direct,18808,120.43
729,sam,,,,,,none,18717,119.85
730,lebt,leven,,,Substantiv,leben,lemma,18642,119.37
731,gutes,goed,,,Substantiv,,direct,18638,119.34
732,lasse,laten,,,Verb,lassen,lemma,18636,119.33
733,onkel,oom,nonkel,de,Substantiv,,direct,18581,118.98
734,total,totaal,,,Adjektiv,,direct,18569,118.90
735,gebracht,,,,,,none,18552,118.79
736,party,fuif,feest,,Substantiv,,direct,18531,118.66
737,erklären,uitleggen,uit de doeken doen,,Verb,,direct,18526,118.63
738,spielt,spelen,meespelen,,Verb,spielen,lemma,18526,118.63
739,wahl,verkiezing,keuze; keus,,Substantiv,,direct,18477,118.31
740,vertrauen,vertrouwen,,,Substantiv,,direct,18459,118.20
741,damals,toen,destijds,,Adverb,,direct,18434,118.04
742,tagen,vergaderen,,,Verb,,direct,18366,117.60
743,leicht,licht,gemakkelijk; makkelijk,,Adjektiv,,direct,18358,117.55
744,nachdem,nadat,,,Subjunktion,,direct,18300,117.18
745,gegangen,gaan,lopen; rijzen,,Verb,gehen,lemma,18296,117.15
746,gefühl,gevoel,,,Substantiv,,direct,18285,117.08
747,kaufen,kopen,aanschaffen,,Verb,,direct,18278,117.04
748,geschafft,einde,,,Adjektiv,,direct,18271,116.99
749,typen,letter,,,Substantiv,Type,lemma,18217,116.65
750,interessiert,geïnteresseerd,,,Adjektiv,,direct,18211,116.61
751,möchten,mogen,,,Verb,,direct,18138,116.14
752,halte,houden,vasthouden,,Verb,halten,lemma,18121,116.03
753,hält,houden,vasthouden,,Verb,halten,lemma,18118,116.01
754,glaub,geloven,,,Verb,glauben,lemma,18114,115.99
755,irgendwo,ergens,,,Adverb,,direct,18104,115.93
756,stück,stuk,,,Substantiv,,direct,18090,115.84
757,genauso,coïncideren,,,Adverb,,direct,18069,115.70
758,kennt,kennen,,,Verb,kennen,lemma,17994,115.22
759,genommen,nemen,pakken; benemen; gebruiken,,Verb,nehmen,lemma,17993,115.21
760,zukunft,toekomst,,de,Substantiv,,direct,17963,115.02
761,weniger,minder,,,,,direct,17950,114.94
762,cool,gaaf,,,Adjektiv,,direct,17909,114.68
763,licht,licht,,het,Substantiv,,direct,17780,113.85
764,getroffen,treffen,,,Substantiv,treffen,lemma,17775,113.82
765,himmel,hemel,lucht,de,Substantiv,,direct,17755,113.69
766,nachricht,boodschap,bericht,de,Substantiv,,direct,17710,113.40
767,drüben,daarginds,,,Adverb,,direct,17704,113.36
768,passt,passen,,,Verb,passen,lemma,17667,113.13
769,sagten,zeggen,spreken,,Verb,sagen,lemma,17649,113.01
770,kümmern,behartigen,,,Verb,,direct,17618,112.81
771,laut,luid,hard; luidruchtig; volgens,,Adjektiv,,direct,17612,112.77
772,vergiss,vergeten,,,Verb,vergessen,lemma,17602,112.71
773,angerufen,opbellen,bellen; aanroepen; inroepen,,Verb,anrufen,lemma,17582,112.58
774,sitzen,zitten,,,Verb,,direct,17556,112.42
775,daß,,,,,,none,17517,112.17
776,erde,aarde,Aarde,de,Substantiv,,direct,17474,111.89
777,großer,groot,volwassene,,Adjektiv,groß,lemma,17433,111.63
778,schlüssel,sleutel,,de,Substantiv,,direct,17425,111.58
779,rest,overblijfsel,,,Substantiv,,direct,17407,111.46
780,passieren,gebeuren,,,Verb,,direct,17383,111.31
781,eher,eerder,,,Adverb,,direct,17329,110.96
782,gefragt,zoek,,,,,direct,17247,110.44
783,gefängnis,gevangenis,,de,Substantiv,,direct,17175,109.98
784,opfer,offer,slachtoffer,,Substantiv,,direct,17150,109.82
785,körper,lichaam,lijf,,Substantiv,,direct,17147,109.80
786,solche,,,,,,none,17138,109.74
787,mist,mest,,de,Substantiv,,direct,17132,109.70
788,mr,,,,,,none,17083,109.39
789,findet,vinden,,,Verb,finden,lemma,17000,108.86
790,schreiben,schrijven,,,Verb,,direct,16942,108.48
791,böse,kwaad,boos,,Adjektiv,,direct,16940,108.47
792,gesprochen,spreken,praten,,Verb,sprechen,lemma,16898,108.20
793,versuch,poging,,de,Substantiv,,direct,16884,108.11
794,vorstellen,introduceren,voorstellen,,Verb,,direct,16820,107.70
795,wovon,waarvan,,,Adverb,,direct,16791,107.52
796,sobald,zodra,,,Subjunktion,,direct,16778,107.43
797,nochmal,nogmaals,,,,,direct,16749,107.25
798,herren,heer,Heer; mijnheer; meneer,de,Substantiv,Herr,lemma,16748,107.24
799,sex,seks,,,Substantiv,,direct,16739,107.18
800,waffen,wapen,,het,Substantiv,Waffe,lemma,16732,107.14
801,wohnung,woning,kwartier; logies; onderkomen,,Substantiv,,direct,16722,107.08
802,weh,wee,,,Substantiv,,direct,16694,106.90
803,heißen,heten,betekenen,,Verb,,direct,16650,106.61
804,krankenhaus,ziekenhuis,gasthuis; hospitaal,het,Substantiv,,direct,16645,106.58
805,bringe,brengen,,,Verb,bringen,lemma,16621,106.43
806,höre,horen,luisteren,,Verb,hören,lemma,16609,106.35
807,millionen,miljoen,,,Substantiv,Million,lemma,16605,106.33
808,klasse,klasse,klas,,Substantiv,,direct,16595,106.26
809,hart,stug,hard,,Adjektiv,,direct,16572,106.12
810,worden,zijn,,,,,direct,16568,106.09
811,sinn,zin,zintuig,de,Substantiv,,direct,16557,106.02
812,außerdem,bovendien,,,Adverb,,direct,16556,106.01
813,verletzt,gewond,,,Adjektiv,,direct,16552,105.99
814,ändern,wijzigen,,,Verb,,direct,16487,105.57
815,erfahren,ervaren,,,Adjektiv,,direct,16462,105.41
816,tragen,dragen,,,Verb,,direct,16425,105.17
817,wenigstens,minstens,,,Adverb,,direct,16418,105.13
818,vorsichtig,voorzichtig,,,Adjektiv,,direct,16349,104.69
819,daddy,brompot,,,Substantiv,,direct,16329,104.56
820,stolz,trots,fier,,Adjektiv,,direct,16247,104.03
821,stark,sterk,krachtig,,Adjektiv,,direct,16208,103.78
822,fällt,vellen,,,Verb,fällen,lemma,16206,103.77
823,möchtest,mogen,,,Verb,mögen,lemma,16205,103.77
824,leuten,luiden,,,Verb,läuten,lemma,16172,103.55
825,besonders,apart,,,Adverb,,direct,16170,103.54
826,schöne,mooi,leuk,,Adjektiv,schön,lemma,16144,103.37
827,schicken,sturen,,,Verb,,direct,16123,103.24
828,person,persoon,,de,Substantiv,,direct,16074,102.93
829,schätze,schatten,,,Verb,schätzen,lemma,16063,102.86
830,solange,zolang,,,Subjunktion,,direct,16060,102.84
831,länger,langdurig,,,,,direct,15996,102.43
832,großartig,geweldig,,,Adjektiv,,direct,15979,102.32
833,lacht,lachen,dubbel liggen,,Verb,lachen,lemma,15975,102.29
834,anrufen,opbellen,bellen; aanroepen; inroepen,,Verb,,direct,15965,102.23
835,stand,gesteldheid,staat; stand; staanplaats,,Substantiv,,direct,15933,102.02
836,redest,spreken,praten,,Verb,reden,lemma,15893,101.77
837,fühlen,voelen,,,Verb,,direct,15884,101.71
838,erwartet,,,,,,none,15879,101.68
839,boden,vloer,bodem,,Substantiv,,direct,15878,101.67
840,boss,baas,,de,Substantiv,,direct,15863,101.58
841,stimme,stem,,,Substantiv,,direct,15843,101.45
842,glaubt,geloven,,,Verb,glauben,lemma,15840,101.43
843,still,kalm,,,Adjektiv,,direct,15835,101.40
844,sicherheit,veiligheid,zekerheid,de,Substantiv,,direct,15829,101.36
845,setz,zetten,zitten; neerzitten,,Verb,setzen,lemma,15786,101.08
846,ma,mega-ampère,,,,,direct,15762,100.93
847,mund,mond,,de,Substantiv,,direct,15761,100.92
848,kämpfen,strijden,,,Verb,,direct,15639,100.14
849,wisst,weten,,,Verb,wissen,lemma,15636,100.12
850,lachen,lachen,dubbel liggen,,Verb,,direct,15635,100.12
851,hörst,horen,luisteren,,Verb,hören,lemma,15623,100.04
852,zeug,tuig,tuigage; zeiltuig,,Substantiv,,direct,15621,100.03
853,lustig,grappig,,,Adjektiv,,direct,15572,99.71
854,umbringen,doden,,,Verb,,direct,15552,99.58
855,sollst,moeten,zullen,,Verb,sollen,lemma,15551,99.58
856,hasse,haten,,,Verb,hassen,lemma,15536,99.48
857,schlimm,slecht,,,Adjektiv,,direct,15521,99.39
858,unglaublich,ongelofelijk,,,Adjektiv,,direct,15444,98.89
859,wärst,zijn,wezen,,Verb,sein,lemma,15430,98.80
860,laden,winkel,,de,Substantiv,,direct,15400,98.61
861,führen,leiden,,,Verb,,direct,15362,98.37
862,gestorben,dood,,,Adjektiv,,direct,15359,98.35
863,schauen,kijken,,,Verb,,direct,15350,98.29
864,meinung,opinie,mening; intentie,,Substantiv,,direct,15337,98.21
865,lesen,lezen,oppikken,,Verb,,direct,15312,98.05
866,mörder,moordenaar,,de,Substantiv,,direct,15310,98.03
867,frank,Frank,,,Substantiv,,direct,15303,97.99
868,ähm,,,,,,none,15268,97.77
869,geschehen,gebeuren,geschieden,,Verb,,direct,15259,97.71
870,geschäft,winkel,,de,Substantiv,,direct,15254,97.68
871,idiot,idioot,,de,Substantiv,,direct,15243,97.61
872,verzeihung,vergiffenis,,,Substantiv,,direct,15194,97.29
873,fliegen,vliegen,,,Verb,,direct,15169,97.13
874,zeig,tonen,wijzen,,Verb,zeigen,lemma,15162,97.09
875,team,team,,,Substantiv,,direct,15159,97.07
876,general,generaal,,,Substantiv,,direct,15146,96.98
877,mike,,,,,,none,15058,96.42
878,aufs,,,,,,none,15026,96.22
879,york,,,,,,none,15009,96.11
880,vorher,van tevoren,,,Adverb,,direct,15005,96.08
881,schluss,einde,conclusie; sluiting,,Substantiv,,direct,15005,96.08
882,schneller,snel,,,Adjektiv,schnell,lemma,14990,95.99
883,liebt,liefhebben,houden van,,Verb,lieben,lemma,14978,95.91
884,verdient,,,,,,none,14961,95.80
885,mögen,mogen,,,Verb,,direct,14944,95.69
886,meisten,meest,,,Adjektiv,meist,lemma,14891,95.35
887,denk,denken,,,Verb,denken,lemma,14888,95.33
888,umgebracht,,,,,,none,14878,95.27
889,perfekt,perfect,,,Adjektiv,,direct,14848,95.08
890,versprochen,,,,,,none,14822,94.91
891,handy,mobieltje,mobiel,,Substantiv,,direct,14818,94.88
892,hinten,achter,,,Lokaladverb,,direct,14804,94.79
893,monate,maand,,de,Substantiv,Monat,lemma,14786,94.68
894,erinnere,herinneren,,,Verb,erinnern,lemma,14769,94.57
895,acht,acht,,,Numerale,,direct,14757,94.49
896,arbeitet,werken,arbeiden,,Verb,arbeiten,lemma,14747,94.43
897,fallen,vallen,,,Verb,,direct,14704,94.15
898,rufe,roepen,,,Verb,rufen,lemma,14701,94.13
899,nötig,nodig,,,Adjektiv,,direct,14694,94.09
900,mord,moord,,,Substantiv,,direct,14671,93.94
901,heraus,buiten,eruit,,Lokaladverb,,direct,14613,93.57
902,tages,dag,etmaal,de,Substantiv,Tag,lemma,14578,93.35
903,unmöglich,onmogelijk,ondoenlijk,,Adjektiv,,direct,14555,93.20
904,liebling,schat,,,Substantiv,,direct,14521,92.98
905,charlie,,,,,,none,14515,92.94
906,tatsächlich,inderdaad,,,Adjektiv,,direct,14483,92.74
907,folgen,volgen,,,Verb,,direct,14452,92.54
908,bitten,vragen,,,Verb,,direct,14438,92.45
909,behalten,houden,,,Verb,,direct,14372,92.03
910,nähe,nabijheid,,,Substantiv,,direct,14368,92.00
911,arbeite,werken,arbeiden,,Verb,arbeiten,lemma,14361,91.96
912,joe,,,,,,none,14326,91.73
913,verdammte,veroordelen,,,Verb,verdammen,lemma,14325,91.73
914,plötzlich,plotseling,opeens; ineens,,Adjektiv,,direct,14269,91.37
915,lebens,leven,,,Substantiv,Leben,lemma,14235,91.15
916,hole,leemte,,de,Substantiv,,direct,14206,90.97
917,tisch,tafel,,,Substantiv,,direct,14201,90.93
918,michael,Michiel,Maikel; Michaël; Machiel,,Substantiv,,direct,14165,90.70
919,hörte,horen,luisteren,,Verb,hören,lemma,14154,90.63
920,jemals,ooit,,,Adverb,,direct,14154,90.63
921,liegen,liggen,,,Verb,,direct,14099,90.28
922,verkaufen,verkopen,,,Verb,,direct,14061,90.04
923,gefährlich,gevaarlijk,gevaarlijke,,Adjektiv,,direct,14049,89.96
924,anfangen,beginnen,,,Verb,,direct,14033,89.86
925,bekommt,krijgen,bekomen; pakken,,Verb,bekommen,lemma,14023,89.79
926,machte,doen,maken,,Verb,machen,lemma,13967,89.43
927,ha,hebben,,,Interjektion,,direct,13954,89.35
928,hotel,hotel,,,Substantiv,,direct,13914,89.10
929,hilft,helpen,bijstaan,,Verb,helfen,lemma,13897,88.99
930,werdet,worden,zullen; gaan,,Verb,werden,lemma,13891,88.95
931,meister,meester,kampioen; groot vakman; baas,de,Substantiv,,direct,13869,88.81
932,kampf,gevecht,strijd,,Substantiv,,direct,13849,88.68
933,antwort,antwoord,,het,Substantiv,,direct,13848,88.67
934,konnten,kunnen,,,Verb,können,lemma,13846,88.66
935,geschickt,handig,,,Adjektiv,,direct,13831,88.56
936,jedem,ieder,iedereen; elk,,Indefinitpronomen,jeder,lemma,13818,88.48
937,obwohl,hoewel,ofschoon,,Subjunktion,,direct,13796,88.34
938,sieben,zeven,,,Numerale,,direct,13791,88.31
939,komisch,komisch,vreemd; grappig; eigenaardig,,Adjektiv,,direct,13783,88.26
940,gewinnen,winnen,,,Verb,,direct,13778,88.22
941,ihres,jullie,,,Personalpronomen,ihr,lemma,13762,88.12
942,bezahlt,,,,,,none,13728,87.90
943,you,,,,,,none,13710,87.79
944,voller,vol,,,Adjektiv,voll,lemma,13701,87.73
945,unterwegs,onderweg,,,Adverb,,direct,13693,87.68
946,dumm,dom,suf,,Adjektiv,,direct,13687,87.64
947,ärger,woede,boosheid,,Substantiv,,direct,13682,87.61
948,bild,beeld,,,Substantiv,,direct,13679,87.59
949,george,,,,,,none,13673,87.55
950,neu,nieuw,,,Adjektiv,,direct,13659,87.46
951,bezahlen,betalen,,,Verb,,direct,13651,87.41
952,dagegen,tegenaan,,,Pronominaladverb,,direct,13607,87.13
953,seien,zijn,wezen,,Verb,sein,lemma,13594,87.05
954,starb,sterven,doodgaan,,Verb,sterben,lemma,13560,86.83
955,tom,,,,,,none,13560,86.83
956,monaten,maand,,de,Substantiv,Monat,lemma,13557,86.81
957,leiche,lijk,,,Substantiv,,direct,13500,86.44
958,niemanden,niemand,,,Indefinitpronomen,niemand,lemma,13495,86.41
959,auge,oog,kijker,het,Substantiv,,direct,13475,86.28
960,arschloch,kontgat,reet,,Substantiv,,direct,13441,86.07
961,verheiratet,getrouwd,gehuwd,,Adjektiv,,direct,13411,85.87
962,peter,Pieter,,,Substantiv,,direct,13405,85.84
963,zieh,trekken,,,Verb,ziehen,lemma,13387,85.72
964,nimmt,nemen,pakken; benemen; gebruiken,,Verb,nehmen,lemma,13374,85.64
965,gerettet,redden,,,Verb,retten,lemma,13362,85.56
966,agent,agent,,,Substantiv,,direct,13322,85.30
967,traum,droom,,de,Substantiv,,direct,13300,85.16
968,entscheidung,besluit,arbitrage; beslissing,,Substantiv,,direct,13275,85.00
969,schlimmer,slecht,,,Adjektiv,schlimm,lemma,13255,84.88
970,regeln,regelen,,,Verb,,direct,13246,84.82
971,fenster,raam,venster,,Substantiv,,direct,13233,84.73
972,fangen,tikkertje,krijgertje; pakkertje,,Substantiv,,direct,13232,84.73
973,fort,fort,,,Substantiv,,direct,13175,84.36
974,ständig,permanent,telkens,,Adjektiv,,direct,13119,84.00
975,findest,vinden,,,Verb,finden,lemma,13083,83.77
976,gefahr,gevaar,,,Substantiv,,direct,13071,83.70
977,absolut,absoluut,,,Adjektiv,,direct,13045,83.53
978,mary,,,,,,none,13042,83.51
979,augenblick,ogenblik,,,Substantiv,,direct,13032,83.45
980,bescheid,informatie,,de,Substantiv,,direct,13023,83.39
981,rum,rum,,,Substantiv,,direct,12996,83.22
982,gedanken,gedachte,idee,,Substantiv,Gedanke,lemma,12995,83.21
983,werd,worden,zullen; gaan,,Verb,werden,lemma,12947,82.90
984,ziel,doel,meet,,Substantiv,,direct,12939,82.85
985,benutzt,,,,,,none,12902,82.62
986,bewegung,beweging,,de,Substantiv,,direct,12855,82.31
987,jemandem,iemand,,,Indefinitpronomen,jemand,lemma,12815,82.06
988,wünschte,wensen,,,Verb,wünschen,lemma,12812,82.04
989,worte,woord,,de/het,Substantiv,Wort,lemma,12811,82.03
990,kamen,komen,klaarkomen,,Verb,kommen,lemma,12804,81.99
991,welcher,welk,,,Interrogativpronomen,,direct,12787,81.88
992,zahlen,betalen,,,Verb,,direct,12786,81.87
993,anfang,begin,aanvang; start,,Substantiv,,direct,12784,81.86
994,legen,leggen,plaatsen,,Verb,,direct,12779,81.83
995,erinnerst,herinneren,,,Verb,erinnern,lemma,12746,81.62
996,anwalt,advocaat,,de,Substantiv,,direct,12728,81.50
997,fahr,rijden,,,Verb,fahren,lemma,12721,81.46
998,sitzt,zitten,,,Verb,sitzen,lemma,12675,81.16
999,hilf,helpen,bijstaan,,Verb,helfen,lemma,12662,81.08
1000,offen,open,,,Adjektiv,,direct,12623,80.83
1001,schönen,manipuleren,,,Verb,,direct,12585,80.59
1002,monsieur,,,,,,none,12579,80.55
1003,müsste,moeten,,,,,direct,12576,80.53
1004,arme,armen,,,Substantiv,,direct,12576,80.53
1005,bier,bier,,het,Substantiv,,direct,12543,80.32
1006,fürs,,,,,,none,12485,79.95
1007,partner,partner,,,Substantiv,,direct,12484,79.94
1008,klein,klein,minuscuul,,Adjektiv,,direct,12473,79.87
1009,david,David,,,Substantiv,,direct,12453,79.74
1010,klappe,luik,,,Substantiv,,direct,12451,79.73
1011,süß,zoet,,,Adjektiv,,direct,12416,79.50
1012,herum,afwisselend,,,Adverb,,direct,12404,79.43
1013,finger,vinger,,de,Substantiv,,direct,12399,79.39
1014,ehe,huwelijk,echt,,Substantiv,,direct,12381,79.28
1015,rolle,rol,katrol; koprol; rolvlucht,,Substantiv,,direct,12375,79.24
1016,ließ,laten,,,Verb,lassen,lemma,12333,78.97
1017,gleiche,lijken op,,,Verb,gleichen,lemma,12325,78.92
1018,monat,maand,,de,Substantiv,,direct,12325,78.92
1019,hochzeit,bruiloft,huwelijksfeest,de,Substantiv,,direct,12310,78.82
1020,max,,,,,,none,12310,78.82
1021,führt,leiden,,,Verb,führen,lemma,12305,78.79
1022,paris,Parijs,,,Substantiv,,direct,12301,78.77
1023,wach,wakker,,,Adjektiv,,direct,12280,78.63
1024,wozu,waarvoor,,,Adverb,,direct,12270,78.57
1025,arm,arm,,de,Substantiv,,direct,12247,78.42
1026,geschrieben,schrijven,,,Verb,schreiben,lemma,12221,78.25
1027,chef,chef,,de,Substantiv,,direct,12195,78.09
1028,benutzen,gebruiken,,,Verb,,direct,12191,78.06
1029,informationen,informatie,,de,Substantiv,Information,lemma,12168,77.92
1030,erledigt,afgelopen,,,Adjektiv,,direct,12166,77.90
1031,hoffentlich,hopelijk,,,Adverb,,direct,12163,77.88
1032,müsst,moeten,,,Verb,müssen,lemma,12162,77.88
1033,fühlt,voelen,,,Verb,fühlen,lemma,12151,77.81
1034,tanzen,dansen,,,Verb,,direct,12149,77.79
1035,ansehen,aanzien,,,Substantiv,,direct,12148,77.79
1036,darfst,mogen,,,Verb,dürfen,lemma,12146,77.77
1037,zuhause,thuis,,,Adverb,,direct,12137,77.72
1038,wunderbar,heerlijk,,,Adjektiv,,direct,12104,77.51
1039,hältst,houden,vasthouden,,Verb,halten,lemma,12043,77.11
1040,reise,reis,,de,Substantiv,,direct,12030,77.03
1041,gewonnen,,,,,,none,12026,77.01
1042,dame,dame,koningin,de,Substantiv,,direct,12010,76.90
1043,irgendwann,ooit,,,Adverb,,direct,11991,76.78
1044,chffffff,,,,,,none,11990,76.78
1045,alex,,,,,,none,11988,76.76
1046,steckt,baar,,,Substantiv,stecken,lemma,11978,76.70
1047,jedenfalls,in ieder geval,althans; tenminste,,Adverb,,direct,11973,76.67
1048,schreit,schreeuwen,roepen,,Verb,schreien,lemma,11962,76.60
1049,tolle,kuif,,,,,direct,11960,76.58
1050,rüber,,,,,,none,11953,76.54
1051,tschüss,dag,,,,,direct,11927,76.37
1052,nennt,noemen,aanwijzen,,Verb,nennen,lemma,11927,76.37
1053,raum,ruimte,,de,Substantiv,,direct,11906,76.24
1054,heiß,heet,,,Adjektiv,,direct,11903,76.22
1055,foto,foto,,,Substantiv,,direct,11901,76.21
1056,kalt,koud,kil,,Adjektiv,,direct,11893,76.15
1057,paul,Paul,Pol,,Substantiv,,direct,11876,76.05
1058,irgendetwas,iets,,,Indefinitpronomen,,direct,11872,76.02
1059,weile,poos,,,Substantiv,,direct,11866,75.98
1060,bisher,tot nu toe,,,Adverb,,direct,11864,75.97
1061,minute,minuut,,,Substantiv,,direct,11833,75.77
1062,unbedingt,per se,,,Adjektiv,,direct,11830,75.75
1063,zug,trein,,de,Substantiv,,direct,11819,75.68
1064,sekunden,seconde,secunde,,Substantiv,Sekunde,lemma,11789,75.49
1065,wofür,,,,,,none,11771,75.37
1066,erzähl,vertellen,verhalen,,Verb,erzählen,lemma,11759,75.30
1067,nen,,,,,,none,11732,75.12
1068,beweise,bewijzen,,,Verb,beweisen,lemma,11714,75.01
1069,nahm,nemen,pakken; benemen; gebruiken,,Verb,nehmen,lemma,11707,74.96
1070,aller,ieders,,,,,direct,11704,74.94
1071,freut,verheugen,,,Verb,freuen,lemma,11693,74.87
1072,seele,ziel,spil,de,Substantiv,,direct,11638,74.52
1073,schießen,schieten,,,Verb,,direct,11613,74.36
1074,müde,moe,vermoeid,,Adjektiv,,direct,11612,74.36
1075,dauert,duren,,,Verb,dauern,lemma,11606,74.32
1076,magst,mogen,,,Verb,mögen,lemma,11603,74.30
1077,harry,Harrie,,,Substantiv,,direct,11596,74.25
1078,brief,brief,,de,Substantiv,,direct,11573,74.11
1079,gelernt,aangeleerd,,,Adjektiv,,direct,11562,74.03
1080,sucht,verslaving,zucht,de,Substantiv,,direct,11523,73.79
1081,bekannt,beroemd,,,Adjektiv,,direct,11523,73.79
1082,weitere,wijd,,,Adjektiv,weit,lemma,11505,73.67
1083,unfall,ongeval,ongeluk,,Substantiv,,direct,11449,73.31
1084,dahin,zo,,,Adverb,,direct,11442,73.27
1085,kontrolle,controle,,,Substantiv,,direct,11436,73.23
1086,beispiel,voorbeeld,,,Substantiv,,direct,11436,73.23
1087,lady,dame,,de,Substantiv,,direct,11422,73.14
1088,dasselbe,hetzelfde,,,,,direct,11414,73.09
1089,herzen,elkaar omarmen,,,Verb,,direct,11392,72.95
1090,schlagen,verslaan,slaan; kloppen; vechten,,Verb,,direct,11391,72.94
1091,wütend,woedend,,,Adjektiv,,direct,11387,72.91
1092,weise,wijs,,,Adjektiv,,direct,11381,72.88
1093,damen,dame,koningin,de,Substantiv,Dame,lemma,11371,72.81
1094,darin,daarin,,,,,direct,11359,72.74
1095,gottes,God,god,de,Substantiv,Gott,lemma,11340,72.61
1096,holt,halen,,,Verb,holen,lemma,11336,72.59
1097,fehlt,ontbreken,mankeren; schorten,,Verb,fehlen,lemma,11325,72.52
1098,vorsicht,omzichtigheid,,,Substantiv,,direct,11286,72.27
1099,heiße,heet,,,Adjektiv,heiß,lemma,11271,72.17
1100,beweisen,bewijzen,,,Verb,,direct,11270,72.17
1101,gehabt,hebben,,,Verb,haben,lemma,11266,72.14
1102,zumindest,althans,tenminste,,Adverb,,direct,11261,72.11
1103,vermisst,,,,,,none,11248,72.02
1104,hübsch,mooi,,,Adjektiv,,direct,11244,72.00
1105,kriegt,krijgen,ontvangen; vatten; klissen,,Verb,kriegen,lemma,11231,71.92
1106,verbindung,verbinding,,de,Substantiv,,direct,11226,71.88
1107,tief,diep,,,Adjektiv,,direct,11225,71.88
1108,richtung,richting,,de,Substantiv,,direct,11223,71.86
1109,lage,plaats,laag; ligging; positie,,Substantiv,,direct,11222,71.86
1110,sowieso,sowieso,toch; toch al,,Adverb,,direct,11215,71.81
1111,kraft,kracht,,de,Substantiv,,direct,11202,71.73
1112,normal,normaal,gewone,,Adjektiv,,direct,11201,71.72
1113,lauf,wedstrijd,loop,,Substantiv,,direct,11188,71.64
1114,ehre,eer,,,Substantiv,,direct,11187,71.63
1115,stell,plaatsen,stellen; vragen,,Verb,stellen,lemma,11179,71.58
1116,geschenk,geschenk,cadeau; gift,,Substantiv,,direct,11166,71.50
1117,bar,bar,café,,Substantiv,,direct,11161,71.47
1118,tasche,zak,tas,de,Substantiv,,direct,11149,71.39
1119,gelesen,lezen,oppikken,,Verb,lesen,lemma,11141,71.34
1120,gekauft,kopen,aanschaffen,,Verb,kaufen,lemma,11123,71.22
1121,wussten,weten,,,Verb,wissen,lemma,11118,71.19
1122,gestohlen,gestolen,,,Adjektiv,,direct,11108,71.13
1123,hunger,honger,,de,Substantiv,,direct,11083,70.97
1124,leg,leggen,plaatsen,,Verb,legen,lemma,11081,70.95
1125,lügen,liegen,,,Verb,,direct,11069,70.88
1126,beziehung,relatie,betrekking; verkering,de,Substantiv,,direct,11054,70.78
1127,ben,,,,,,none,11045,70.72
1128,verschwunden,verdwenen,,,Adjektiv,,direct,11033,70.65
1129,steh,,,,,,none,10978,70.30
1130,nächstes,,,,,,none,10971,70.25
1131,gearbeitet,,,,,,none,10961,70.19
1132,preis,prijs,beloning,de,Substantiv,,direct,10954,70.14
1133,witz,grap,mop,,Substantiv,,direct,10935,70.02
1134,meinte,denken,menen,,Verb,meinen,lemma,10934,70.01
1135,liste,lijst,,,Substantiv,,direct,10890,69.73
1136,geist,geest,,,Substantiv,,direct,10882,69.68
1137,neben,naast,,,Präposition,,direct,10880,69.67
1138,gesucht,zoek,,,Adjektiv,,direct,10874,69.63
1139,firma,firma,bedrijf,,Substantiv,,direct,10871,69.61
1140,süße,zoetheid,,,Substantiv,,direct,10869,69.60
1141,rücken,rug,rugslag,,Substantiv,,direct,10852,69.49
1142,schrecklich,verschrikkelijk,schrikkelig,,Adjektiv,,direct,10850,69.48
1143,letzter,last,,de,Substantiv,,direct,10837,69.39
1144,verliebt,verliefd,amoureus,,Adjektiv,,direct,10825,69.32
1145,öffnen,openen,,,Verb,,direct,10809,69.21
1146,redet,spreken,praten,,Verb,reden,lemma,10804,69.18
1147,boot,boot,,,Substantiv,,direct,10787,69.07
1148,seltsam,vreemd,,,Adjektiv,,direct,10778,69.01
1149,versteckt,verborgen,,,,,direct,10773,68.98
1150,fürchte,vrezen,duchten; bang zijn; opzien,,Verb,fürchten,lemma,10771,68.97
1151,verschwinde,verdwijnen,opsodemieteren,,Verb,verschwinden,lemma,10769,68.96
1152,erwischt,,,,,,none,10767,68.94
1153,verkauft,,,,,,none,10764,68.93
1154,tante,tante,,de,Substantiv,,direct,10757,68.88
1155,erwarten,verwachten,,,Verb,,direct,10755,68.87
1156,pferd,paard,,de,Substantiv,,direct,10723,68.66
1157,wunder,wonder,,,Substantiv,,direct,10720,68.64
1158,sauer,zuur,,,Adjektiv,,direct,10704,68.54
1159,vermutlich,vermoedelijk,,,Modaladverb,,direct,10690,68.45
1160,näher,naaister,,de,Substantiv,,direct,10689,68.44
1161,major,majoor,,,Substantiv,,direct,10686,68.43
1162,jung,jong,jeugdig,,Adjektiv,,direct,10671,68.33
1163,majestät,majesteit,,,Substantiv,,direct,10660,68.26
1164,aussehen,aanblik,,de,Substantiv,,direct,10647,68.18
1165,ans,,,,,,none,10646,68.17
1166,de,,,,,,none,10624,68.03
1167,and,,,,,,none,10618,67.99
1168,links,links,,,Lokaladverb,,direct,10601,67.88
1169,großes,groot,volwassene,,Adjektiv,groß,lemma,10593,67.83
1170,welches,welk,,,Interrogativpronomen,welcher,lemma,10579,67.74
1171,beschützen,beschermen,,,Verb,,direct,10577,67.73
1172,geboren,geboren,,,Adjektiv,,direct,10558,67.61
1173,erreichen,bereiken,,,Verb,,direct,10556,67.59
1174,punkt,punt,,,Substantiv,,direct,10553,67.57
1175,kindern,kind,,het,Substantiv,Kind,lemma,10540,67.49
1176,kirche,kerk,godshuis,,Substantiv,,direct,10507,67.28
1177,verraten,verraden,,,Verb,,direct,10465,67.01
1178,selber,,,,,,none,10450,66.91
1179,befehl,bevel,order; commando,,Substantiv,,direct,10449,66.91
1180,colonel,,,,,,none,10446,66.89
1181,fährt,rijden,,,Verb,fahren,lemma,10441,66.86
1182,zieht,trekken,,,Verb,ziehen,lemma,10418,66.71
1183,geburtstag,verjaardag,geboortedag,de,Substantiv,,direct,10417,66.70
1184,haut,huid,vel,,Substantiv,,direct,10413,66.68
1185,wette,weddenschap,,,Substantiv,,direct,10412,66.67
1186,reich,rijk,,,Adjektiv,,direct,10412,66.67
1187,sekunde,seconde,secunde,,Substantiv,,direct,10410,66.66
1188,fahre,rijden,,,Verb,fahren,lemma,10409,66.65
1189,schwöre,zweren,een eed afleggen,,Verb,schwören,lemma,10398,66.58
1190,geredet,spreken,praten,,Verb,reden,lemma,10392,66.54
1191,james,,,,,,none,10388,66.52
1192,madame,echtgenote,,,Substantiv,,direct,10377,66.45
1193,eigene,apart,eigen,,Adjektiv,eigen,lemma,10375,66.43
1194,zeiten,tijd,,de,Substantiv,Zeit,lemma,10374,66.43
1195,traurig,triest,verdrietig,,Adjektiv,,direct,10364,66.36
1196,anruf,oproep,,,Substantiv,,direct,10355,66.31
1197,nachrichten,nieuws,,,,,direct,10341,66.22
1198,frieden,vrede,rust,,Substantiv,,direct,10335,66.18
1199,karte,kaart,,de,Substantiv,,direct,10309,66.01
1200,güte,kwaliteit,,de,Substantiv,,direct,10288,65.88
1201,euren,jullie,,,Possessivpronomen,euer,lemma,10288,65.88
1202,diesmal,ditmaal,,,Adverb,,direct,10282,65.84
1203,schade,jammer,helaas; sneu; zonde,,Adjektiv,,direct,10280,65.83
1204,persönlich,persoonlijk,,,Adjektiv,,direct,10269,65.76
1205,kriege,krijgen,ontvangen; vatten; klissen,,Verb,kriegen,lemma,10237,65.55
1206,stirbt,sterven,doodgaan,,Verb,sterben,lemma,10218,65.43
1207,bleibe,onderkomen,,,Substantiv,,direct,10159,65.05
1208,verändert,,,,,,none,10158,65.04
1209,sonne,zon,Zon,de,Substantiv,,direct,10157,65.04
1210,lieb,lief,,,Adjektiv,,direct,10154,65.02
1211,nämlich,namelijk,,,Adverb,,direct,10147,64.97
1212,letztes,last,,de,Substantiv,letzter,lemma,10140,64.93
1213,bekam,krijgen,bekomen; pakken,,Verb,bekommen,lemma,10138,64.92
1214,ruft,roepen,,,Verb,rufen,lemma,10127,64.85
1215,professor,professor,,de,Substantiv,,direct,10089,64.60
1216,gericht,gerecht,rechtbank,het,Substantiv,,direct,10088,64.60
1217,nase,neus,sneep,de,Substantiv,,direct,10079,64.54
1218,ewig,eeuwig,,,Adjektiv,,direct,10062,64.43
1219,singen,zingen,,,Verb,,direct,10060,64.42
1220,bank,bank,bankgebouw; toonbank,,Substantiv,,direct,10059,64.41
1221,beschäftigt,bezig,,,Adjektiv,,direct,10058,64.40
1222,computer,computer,rekenaar,de,Substantiv,,direct,10052,64.37
1223,yeah,,,,,,none,10043,64.31
1224,toten,dood,,,Adjektiv,tot,lemma,10039,64.28
1225,weihnachten,Kerstmis,kerstfeest,de,Substantiv,,direct,10033,64.24
1226,offensichtlich,duidelijk,evident; kennelijk; klaarblijkelijk,,Adjektiv,,direct,9998,64.02
1227,naja,,,,,,none,9996,64.01
1228,henry,henry,,,Substantiv,,direct,9995,64.00
1229,gefühle,gevoel,,,Substantiv,Gefühl,lemma,9980,63.90
1230,fuß,voet,,de,Substantiv,,direct,9974,63.87
1231,show,spektakel,show,,Substantiv,,direct,9970,63.84
1232,überraschung,verrassing,verbazing,de,Substantiv,,direct,9952,63.73
1233,geheimnis,geheim,geheimenis,,Substantiv,,direct,9948,63.70
1234,fbi,,,,,,none,9947,63.69
1235,kontakt,contact,,,Substantiv,,direct,9905,63.42
1236,gold,goud,,het,Substantiv,,direct,9897,63.37
1237,drogen,drug,,de,Substantiv,Droge,lemma,9889,63.32
1238,regierung,regering,overheid,de,Substantiv,,direct,9883,63.28
1239,wein,wijn,druivenstok; wijnstok; wijnbes,de,Substantiv,,direct,9882,63.28
1240,kriegst,krijgen,ontvangen; vatten; klissen,,Verb,kriegen,lemma,9878,63.25
1241,ermordet,,,,,,none,9850,63.07
1242,fotos,foto,,,Substantiv,Foto,lemma,9850,63.07
1243,entfernt,afgelegen,,,Adjektiv,,direct,9841,63.01
1244,geschlafen,slapen,overnachten,,Verb,schlafen,lemma,9823,62.90
1245,manche,Manche,,,Substantiv,,direct,9800,62.75
1246,erledigen,uitvoeren,,,Verb,,direct,9796,62.73
1247,ran,goed groeien,,,Adverb,,direct,9783,62.64
1248,gegenüber,tegenover,t.o.v.; ten opzichte van,,Adverb,,direct,9781,62.63
1249,schlaf,slaap,,de,Substantiv,,direct,9777,62.61
1250,lust,zin,,de,Substantiv,,direct,9773,62.58
1251,wunderschön,wonderbaarlijk,,,Adjektiv,,direct,9769,62.55
1252,witzig,spitsvondig,,,Adjektiv,,direct,9766,62.53
1253,nick,knikken,jaknikken; knikkebollen,,Verb,nicken,lemma,9757,62.48
1254,zerstört,,,,,,none,9755,62.46
1255,übrigens,trouwens,overigens,,Adverb,,direct,9753,62.45
1256,willen,omwille van,,,Postposition,,direct,9752,62.44
1257,heim,thuis,,,Substantiv,,direct,9704,62.14
1258,richtigen,correct,juist,,Adjektiv,richtig,lemma,9700,62.11
1259,deines,jouw,,,Possessivpronomen,dein,lemma,9680,61.98
1260,namens,genaamd,,,Adverb,,direct,9665,61.89
1261,zeigt,tonen,wijzen,,Verb,zeigen,lemma,9663,61.88
1262,geliebt,bemind,,,Adjektiv,,direct,9662,61.87
1263,gehören,toebehoren,behoren; zich behoren,,Verb,,direct,9662,61.87
1264,brachte,brengen,,,Verb,bringen,lemma,9647,61.77
1265,herrn,heer,Heer; mijnheer; meneer,de,Substantiv,Herr,lemma,9640,61.73
1266,blick,blik,,de,Substantiv,,direct,9627,61.64
1267,besuch,bezoek,bezoeker,het,Substantiv,,direct,9624,61.63
1268,schlechte,,,,,,none,9581,61.35
1269,bewegen,bewegen,verplaatsen,,Verb,,direct,9579,61.34
1270,haare,kaal worden,,,Verb,haaren,lemma,9576,61.32
1271,antworten,antwoorden,beantwoorden,,Verb,,direct,9575,61.31
1272,präsident,president,,,Substantiv,,direct,9569,61.27
1273,sagtest,zeggen,spreken,,Verb,sagen,lemma,9558,61.20
1274,hoffnung,hoop,,de,Substantiv,,direct,9525,60.99
1275,stecken,baar,,,Substantiv,,direct,9516,60.93
1276,lebe,leven,,,Substantiv,leben,lemma,9514,60.92
1277,rechts,rechts,,,Lokaladverb,,direct,9509,60.89
1278,interessant,interessant,belangwekkend; boeiend,,Adjektiv,,direct,9500,60.83
1279,entscheiden,besluiten,kiezen,,Verb,,direct,9490,60.77
1280,miteinander,gelijktijdig,,,Adverb,,direct,9474,60.66
1281,meint,,,,,,none,9471,60.65
1282,liebst,liefhebben,houden van,,Verb,lieben,lemma,9465,60.61
1283,indem,op,,,Subjunktion,,direct,9458,60.56
1284,bleibst,blijven,,,Verb,bleiben,lemma,9447,60.49
1285,kümmere,behartigen,,,Verb,kümmern,lemma,9445,60.48
1286,wohnen,wonen,,,Verb,,direct,9440,60.45
1287,weder,geen van beide,,,Adverb,,direct,9435,60.42
1288,möglichkeit,mogelijkheid,,de,Substantiv,,direct,9434,60.41
1289,kaputt,kapot,,,Adjektiv,,direct,9429,60.38
1290,bekomme,krijgen,bekomen; pakken,,Verb,bekommen,lemma,9421,60.33
1291,flugzeug,vliegtuig,,het,Substantiv,,direct,9419,60.31
1292,vergangenheit,verleden,verleden tijd,,Substantiv,,direct,9406,60.23
1293,anderer,ander,,,Indefinitpronomen,,direct,9405,60.22
1294,zweite,tweede,,,Adjektiv,,direct,9403,60.21
1295,armee,leger,heer; krijgsmacht; strijdmacht,,Substantiv,,direct,9395,60.16
1296,jim,,,,,,none,9391,60.13
1297,tee,thee,,de,Substantiv,,direct,9380,60.06
1298,entweder,ofwel,,,Konjunktion,,direct,9358,59.92
1299,weiss,wit,,,,,direct,9337,59.79
1300,don,,,,,,none,9335,59.77
1301,detective,,,,,,none,9333,59.76
1302,aufhalten,verblijven,,,Verb,,direct,9329,59.74
1303,stellt,plaatsen,stellen; vragen,,Verb,stellen,lemma,9325,59.71
1304,verspreche,belofte,,de,Substantiv,versprechen,lemma,9304,59.58
1305,überrascht,verbaasd,,,Adjektiv,,direct,9304,59.58
1306,sauber,schoon,zindelijk; zuiver; netjes,,Adjektiv,,direct,9286,59.46
1307,hau,spuiten,,,Substantiv,,direct,9269,59.35
1308,mark,merg,beenmerg,,Substantiv,,direct,9243,59.19
1309,schlag,slag,hok,de,Substantiv,,direct,9240,59.17
1310,sheriff,sheriff,,,Substantiv,,direct,9233,59.12
1311,untertitel,ondertitel,ondertiteling,,Substantiv,,direct,9224,59.06
1312,setzt,zetten,zitten; neerzitten,,Verb,setzen,lemma,9222,59.05
1313,frag,,,,,,none,9220,59.04
1314,vaters,vader,papa,de,Substantiv,Vater,lemma,9219,59.03
1315,nervös,nerveus,zenuwachtig,,Adjektiv,,direct,9217,59.02
1316,gesellschaft,maatschappij,gezelschap; vennootschap; receptie,de,Substantiv,,direct,9216,59.01
1317,verstecken,verstoppen,versteken,,Verb,,direct,9212,58.99
1318,schuldig,schuldig,,,Adjektiv,,direct,9210,58.97
1319,hals,nek,hals,de,Substantiv,,direct,9204,58.94
1320,schützen,beschermen,,,Verb,,direct,9195,58.88
1321,besuchen,bezoeken,opzoeken,,Verb,,direct,9177,58.76
1322,of,,,,,,none,9163,58.67
1323,passen,passen,,,Verb,,direct,9150,58.59
1324,überleben,overleven,,,Verb,,direct,9139,58.52
1325,erhalten,ontvangen,bewaren; verplegen; verzorgen,,Verb,,direct,9136,58.50
1326,teilen,delen,verdelen,,Verb,,direct,9104,58.30
1327,gebäude,gebouw,pand,het,Substantiv,,direct,9086,58.18
1328,schicksal,lot,noodlot,,Substantiv,,direct,9078,58.13
1329,zeichen,teken,sein,,Substantiv,,direct,9068,58.07
1330,richter,Rechters,Richteren; rechter,,Substantiv,,direct,9061,58.02
1331,besorgt,bezorgd,,,Adjektiv,,direct,9058,58.00
1332,küche,keuken,,,Substantiv,,direct,9052,57.96
1333,lief,rennen,lopen; hollen; werken,,Verb,laufen,lemma,9047,57.93
1334,vergnügen,genoegen,plezier; plaisier,,Substantiv,,direct,9016,57.73
1335,wüsste,weten,,,Verb,wissen,lemma,9010,57.69
1336,volk,volk,bevolking,,Substantiv,,direct,9006,57.67
1337,lhr,,,,,,none,8998,57.62
1338,herausfinden,doorhebben,,,Verb,,direct,8989,57.56
1339,königin,koningin,,de,Substantiv,,direct,8987,57.55
1340,soldaten,soldaat,militair,de,Substantiv,Soldat,lemma,8981,57.51
1341,feiern,vieren,,,Verb,,direct,8969,57.43
1342,situation,situatie,,de,Substantiv,,direct,8967,57.42
1343,lag,liggen,,,Verb,liegen,lemma,8967,57.42
1344,gelassen,sereen,,,Adjektiv,,direct,8959,57.37
1345,allerdings,echter,zeker; jazeker,,Adverb,,direct,8953,57.33
1346,soweit,voorzover,,,Subjunktion,,direct,8928,57.17
1347,gefahren,,,,,,none,8919,57.11
1348,verstand,verstand,,,Substantiv,,direct,8919,57.11
1349,bord,kant,,de,Substantiv,,direct,8915,57.09
1350,schönes,mooi,leuk,,Adjektiv,schön,lemma,8905,57.02
1351,jimmy,,,,,,none,8905,57.02
1352,billy,,,,,,none,8897,56.97
1353,angefangen,,,,,,none,8893,56.94
1354,lee,lij,Lee,,Substantiv,,direct,8856,56.71
1355,fühlst,voelen,,,Verb,fühlen,lemma,8854,56.69
1356,bob,deinen,,,Substantiv,,direct,8852,56.68
1357,mussten,moeten,,,Verb,müssen,lemma,8848,56.66
1358,rat,raad,,de,Substantiv,,direct,8842,56.62
1359,worauf,waarop,,,Adverb,,direct,8837,56.59
1360,gebeten,,,,,,none,8836,56.58
1361,tony,,,,,,none,8834,56.57
1362,kamera,camera,fototoestel; filmcamera; videocamera,,Substantiv,,direct,8821,56.48
1363,achtung,geef acht,,,Substantiv,,direct,8811,56.42
1364,lieutenant,,,,,,none,8811,56.42
1365,ganzes,al,,,Substantiv,,direct,8804,56.37
1366,schuhe,schoen,,de,Substantiv,Schuh,lemma,8795,56.32
1367,sarah,Sara,,,Substantiv,,direct,8781,56.23
1368,glückwunsch,gefeliciteerd,,,Substantiv,,direct,8778,56.21
1369,niemandem,niemand,,,Indefinitpronomen,niemand,lemma,8778,56.21
1370,gibst,geven,zijn; verstrekken; bestaan,,Verb,geben,lemma,8777,56.20
1371,statt,in plaats van,,,Subjunktion,,direct,8774,56.18
1372,übernehmen,overnemen,,,Verb,,direct,8774,56.18
1373,gegend,omgeving,,de,Substantiv,,direct,8754,56.05
1374,wald,bos,woud,,Substantiv,,direct,8752,56.04
1375,al,,,,,,none,8751,56.04
1376,la,la,,,,,direct,8742,55.98
1377,nimmst,nemen,pakken; benemen; gebruiken,,Verb,nehmen,lemma,8729,55.89
1378,danny,,,,,,none,8723,55.86
1379,erkennen,herkennen,onderkennen,,Verb,,direct,8717,55.82
1380,glas,glas,drinkglas,,Substantiv,,direct,8710,55.77
1381,falsche,vals,verkeerd; fout; nep,,Adjektiv,falsch,lemma,8704,55.73
1382,verantwortlich,verantwoordelijk,aansprakelijk; verantwoord,,Adjektiv,,direct,8704,55.73
1383,jesus,Jezus,,,Substantiv,,direct,8675,55.55
1384,stöhnt,kreunen,,,Substantiv,stöhnen,lemma,8675,55.55
1385,herein,binnen,,,Lokaladverb,,direct,8674,55.54
1386,kleid,jurk,kleed,,Substantiv,,direct,8663,55.47
1387,zerstören,vernietigen,verwoesten; kapot maken,,Verb,,direct,8648,55.38
1388,jawohl,jawel,,,Partikel,,direct,8647,55.37
1389,london,Londen,London,,Substantiv,,direct,8643,55.34
1390,gegessen,,,,,,none,8640,55.32
1391,abendessen,avondeten,diner,het,Substantiv,,direct,8629,55.25
1392,gesetz,wet,,,Substantiv,,direct,8620,55.20
1393,gemeinsam,gemeenschappelijk,gezamenlijk,,Adjektiv,,direct,8615,55.16
1394,geholfen,helpen,bijstaan,,Verb,helfen,lemma,8597,55.05
1395,erster,origineel,,,Substantiv,,direct,8595,55.04
1396,wohnt,wonen,,,Verb,wohnen,lemma,8591,55.01
1397,schritt,stap,,de,Substantiv,,direct,8587,54.99
1398,guck,kijken,,,Verb,gucken,lemma,8577,54.92
1399,nahe,nabijgelegen,,,Adjektiv,,direct,8576,54.91
1400,aussieht,,,,,,none,8574,54.90
1401,beginnen,beginnen,ingaan; van start gaan,,Verb,,direct,8570,54.88
1402,dachten,,,,,,none,8570,54.88
1403,band,band,lint,de,Substantiv,,direct,8567,54.86
1404,ungefähr,ongeveer,,,Adjektiv,,direct,8567,54.86
1405,aufgabe,taak,,,Substantiv,,direct,8559,54.81
1406,neun,negen,,,Numerale,,direct,8548,54.74
1407,furchtbar,verschrikkelijk,,,Adjektiv,,direct,8547,54.73
1408,drinnen,indoor,,,Adverb,,direct,8545,54.72
1409,zuvor,tevoren,,,Adverb,,direct,8539,54.68
1410,charles,,,,,,none,8532,54.63
1411,freue,verheugen,,,Verb,freuen,lemma,8531,54.63
1412,amerika,Amerika,,het,Substantiv,,direct,8518,54.54
1413,übrig,resterend,overig,,Adjektiv,,direct,8515,54.52
1414,spur,spoor,zweem,,Substantiv,,direct,8508,54.48
1415,falschen,vals,verkeerd; fout; nep,,Adjektiv,falsch,lemma,8507,54.47
1416,sergeant,,,,,,none,8499,54.42
1417,melden,afkomen,,,Verb,,direct,8495,54.40
1418,helfe,helpen,bijstaan,,Verb,helfen,lemma,8477,54.28
1419,werfen,werpen,,,Verb,,direct,8465,54.20
1420,bill,Bill,,,Substantiv,,direct,8461,54.18
1421,haltet,houden,vasthouden,,Verb,halten,lemma,8448,54.10
1422,erinnert,,,,,,none,8447,54.09
1423,hängt,hangen,ophangen,,Verb,hängen,lemma,8442,54.06
1424,freude,vreugde,,,Substantiv,,direct,8440,54.04
1425,ehemann,echtgenoot,,de,Substantiv,,direct,8432,53.99
1426,erschossen,,,,,,none,8431,53.99
1427,verzeihen,vergeven,,,Verb,,direct,8424,53.94
1428,schwein,zwijn,varken,,Substantiv,,direct,8424,53.94
1429,uh,,,,,,none,8414,53.88
1430,monster,monster,,,Substantiv,,direct,8409,53.85
1431,entschieden,resoluut,,,Adjektiv,,direct,8408,53.84
1432,mission,missie,,,Substantiv,,direct,8408,53.84
1433,verdammten,veroordelen,,,Verb,verdammen,lemma,8398,53.77
1434,brauch,gewoonte,,de,Substantiv,,direct,8391,53.73
1435,gewusst,weten,,,Verb,wissen,lemma,8376,53.63
1436,vorne,voorop,,,Lokaladverb,,direct,8371,53.60
1437,stopp,pauze,,,Substantiv,,direct,8367,53.58
1438,übel,kwaad,,,Substantiv,,direct,8362,53.54
1439,schlampe,slet,,de,Substantiv,,direct,8361,53.54
1440,schöner,mooi,leuk,,Adjektiv,schön,lemma,8358,53.52
1441,adresse,adres,,het,Substantiv,,direct,8356,53.51
1442,unsinn,nonsens,,,Substantiv,,direct,8340,53.40
1443,messer,mes,,,Substantiv,,direct,8335,53.37
1444,gesund,gezond,,,Adjektiv,,direct,8331,53.35
1445,respekt,respect,,,Substantiv,,direct,8328,53.33
1446,pro,per,,,Präposition,,direct,8322,53.29
1447,leisten,leest,,,Substantiv,,direct,8316,53.25
1448,davor,daarvoor,,,Lokaladverb,,direct,8303,53.17
1449,richard,Richard,,,Substantiv,,direct,8271,52.96
1450,bedeuten,betekenen,,,Verb,,direct,8264,52.92
1451,ball,bal,,de,Substantiv,,direct,8258,52.88
1452,mitnehmen,meenemen,,,Verb,,direct,8256,52.87
1453,gespielt,spelen,meespelen,,Verb,spielen,lemma,8254,52.85
1454,to,,,,,,none,8246,52.80
1455,schwierigkeiten,moeilijkheid,,de,Substantiv,Schwierigkeit,lemma,8238,52.75
1456,hälfte,helft,,,Substantiv,,direct,8236,52.74
1457,kannte,kennen,,,Verb,kennen,lemma,8202,52.52
1458,stehe,staan,,,Verb,stehen,lemma,8191,52.45
1459,maria,Marieke,Maaike; Marchen; Marijke,,Substantiv,,direct,8178,52.37
1460,planeten,planeet,,,Substantiv,Planet,lemma,8169,52.31
1461,schwanger,zwanger,,,Adjektiv,,direct,8156,52.23
1462,gruppe,groep,,,Substantiv,,direct,8153,52.21
1463,anna,Anna,,,Substantiv,,direct,8151,52.19
1464,verhaftet,opgesloten,,,,,direct,8118,51.98
1465,deal,behandelen,,,Substantiv,,direct,8098,51.85
1466,seines,zijn,wezen,,Verb,sein,lemma,8098,51.85
1467,irgendwelche,enkel,,,Indefinitpronomen,,direct,8096,51.84
1468,händen,hand,,,Substantiv,Hand,lemma,8094,51.83
1469,versteht,verstaan,overweg komen; begrijpen,,Verb,verstehen,lemma,8093,51.82
1470,drehen,draaien,,,Verb,,direct,8083,51.76
1471,eis,ijs,ijsje; eïs,,Substantiv,,direct,8082,51.75
1472,danken,danken,,,Verb,,direct,8074,51.70
1473,erfolg,succes,,,Substantiv,,direct,8064,51.64
1474,zufrieden,tevreden,content,,Adjektiv,,direct,8061,51.62
1475,schließen,sluiten,,,Verb,,direct,8059,51.60
1476,besorgen,aanschaffen,,,Verb,,direct,8059,51.60
1477,wochenende,weekeinde,weekend,,Substantiv,,direct,8041,51.49
1478,worüber,daarop,,,Adverb,,direct,8041,51.49
1479,stimmen,stemmen,kloppen,,Verb,,direct,8028,51.41
1480,nehmt,nemen,pakken; benemen; gebruiken,,Verb,nehmen,lemma,8027,51.40
1481,martin,Maarten,Martijn,,Substantiv,,direct,8025,51.39
1482,witze,grap,mop,,Substantiv,Witz,lemma,8010,51.29
1483,beine,been,poot,,Substantiv,Bein,lemma,8009,51.28
1484,verbrechen,misdaad,misdrijf,,Substantiv,,direct,8009,51.28
1485,bericht,verslag,nota,,Substantiv,,direct,8007,51.27
1486,nachts,'s nachts,,,Adverb,,direct,7964,51.00
1487,eurer,jullie,,,Possessivpronomen,euer,lemma,7961,50.98
1488,prinzessin,prinses,,de,Substantiv,,direct,7960,50.97
1489,schmerz,pijn,zeer; verdriet,de,Substantiv,,direct,7959,50.96
1490,klingelt,bellen,klinken,,Verb,klingeln,lemma,7959,50.96
1491,position,plaats,plek; mening; situatie,,Substantiv,,direct,7947,50.89
1492,echte,echt,echte,,Adjektiv,echt,lemma,7942,50.85
1493,gleichen,lijken op,,,Verb,,direct,7932,50.79
1494,fernsehen,televisie,,de,Substantiv,,direct,7915,50.68
1495,wünsche,wensen,,,Verb,wünschen,lemma,7912,50.66
1496,schließlich,uiteindelijk,,,Adverb,,direct,7900,50.59
1497,gefangen,,,,,,none,7896,50.56
1498,schätzchen,schat,,,Substantiv,,direct,7887,50.50
1499,seh,zien,aanschouwen,,Verb,sehen,lemma,7880,50.46
1500,schwierig,moeilijk,,,Adjektiv,,direct,7876,50.43
1501,angebot,aanbod,voorstel; aanbieding; assortiment,,Substantiv,,direct,7873,50.41
1502,nah,dichtbij,,,Adjektiv,,direct,7865,50.36
1503,jane,,,,,,none,7863,50.35
1504,gewartet,wachten,onderhouden; verzorgen,,Verb,warten,lemma,7860,50.33
1505,kümmert,behartigen,,,Verb,kümmern,lemma,7850,50.27
1506,ring,ring,,de,Substantiv,,direct,7839,50.20
1507,rennen,rennen,hollen,,Verb,,direct,7835,50.17
1508,lied,lied,,het,Substantiv,,direct,7827,50.12
1509,eier,kloot,,,,,direct,7821,50.08
1510,welchen,welk,,,Interrogativpronomen,welcher,lemma,7812,50.02
1511,sorry,sorry,,,Interjektion,,direct,7812,50.02
1512,fantastisch,fantastisch,,,Adjektiv,,direct,7805,49.98
1513,schaut,kijken,,,Verb,schauen,lemma,7797,49.93
1514,hielt,houden,vasthouden,,Verb,halten,lemma,7787,49.86
1515,falle,val,valstrik,de,Substantiv,,direct,7786,49.86
1516,drink,drankje,,,Substantiv,,direct,7784,49.84
1517,insel,eiland,,,Substantiv,,direct,7781,49.82
1518,dauern,duren,,,Verb,,direct,7776,49.79
1519,daher,daar,daar......vandaan; mitsdien; omdat,,Adverb,,direct,7771,49.76
1520,zufällig,toevallig,,,Adjektiv,,direct,7739,49.56
1521,dorf,dorp,,het,Substantiv,,direct,7729,49.49
1522,clark,,,,,,none,7724,49.46
1523,bewegt,bewogen,,,Adjektiv,,direct,7722,49.45
1524,mitten,midden,,,Adverb,,direct,7708,49.36
1525,bullen,bul,smeris,,Substantiv,Bulle,lemma,7703,49.32
1526,feind,vijand,,de,Substantiv,,direct,7701,49.31
1527,einverstanden,oké,,,Adjektiv,,direct,7685,49.21
1528,neuer,nieuw,,,Adjektiv,neu,lemma,7682,49.19
1529,bauen,bouwen,,,Verb,,direct,7681,49.18
1530,trägt,dragen,,,Verb,tragen,lemma,7679,49.17
1531,hängen,hangen,ophangen,,Verb,,direct,7677,49.16
1532,freunden,,,,,,none,7665,49.08
1533,deren,de,,,Artikel,der,lemma,7663,49.07
1534,halb,half,,,Adjektiv,,direct,7659,49.04
1535,verpasst,,,,,,none,7653,49.00
1536,sprach,spreken,praten,,Verb,sprechen,lemma,7653,49.00
1537,leise,stil,zacht; zachtjes; fijn,,Adjektiv,,direct,7651,48.99
1538,armen,arm,,de,Substantiv,arm,lemma,7639,48.91
1539,wusstest,weten,,,Verb,wissen,lemma,7637,48.90
1540,fanden,vinden,,,Verb,finden,lemma,7635,48.89
1541,unternehmen,onderneming,,de,Substantiv,,direct,7630,48.86
1542,träume,dromen,,,Verb,träumen,lemma,7609,48.72
1543,schläft,slapen,overnachten,,Verb,schlafen,lemma,7602,48.68
1544,kostet,kosten,,,Verb,kosten,lemma,7589,48.59
1545,spiele,spelen,meespelen,,Verb,spielen,lemma,7587,48.58
1546,unseres,ons,,,Possessivpronomen,unser,lemma,7568,48.46
1547,entlang,langs,naast,,Adverb,,direct,7566,48.45
1548,johnny,,,,,,none,7562,48.42
1549,versprechen,belofte,,de,Substantiv,,direct,7561,48.42
1550,tiere,dier,beest,het,Substantiv,Tier,lemma,7546,48.32
1551,freiheit,vrijheid,vrijdom,de,Substantiv,,direct,7525,48.18
1552,verdienen,verdienen,,,Verb,,direct,7519,48.15
1553,aha,aha,,,Interjektion,,direct,7512,48.10
1554,unterhalten,onderhouden,,,Verb,,direct,7512,48.10
1555,eingeladen,uitnodigen,inviteren,,Verb,einladen,lemma,7500,48.02
1556,schaden,schade,letsel; strop; letselschade,de,Substantiv,,direct,7496,48.00
1557,genannt,met name,,,,,direct,7481,47.90
1558,beenden,afwerken,,,Verb,,direct,7477,47.88
1559,ray,,,,,,none,7470,47.83
1560,geändert,,,,,,none,7461,47.78
1561,thomas,Thomas,,,Substantiv,,direct,7456,47.74
1562,lächerlich,belachelijk,,,Adjektiv,,direct,7452,47.72
1563,geschlagen,verslaan,slaan; kloppen; vechten,,Verb,schlagen,lemma,7452,47.72
1564,park,park,plantsoen,het,Substantiv,,direct,7448,47.69
1565,schätzen,schatten,,,Verb,,direct,7440,47.64
1566,männern,man,echtgenoot,de,Substantiv,Mann,lemma,7438,47.63
1567,beginnt,beginnen,ingaan; van start gaan,,Verb,beginnen,lemma,7430,47.58
1568,ehren,eren,,,Verb,,direct,7429,47.57
1569,größte,groot,volwassene,,Adjektiv,groß,lemma,7426,47.55
1570,energie,energie,,de,Substantiv,,direct,7412,47.46
1571,fleisch,vlees,,,Substantiv,,direct,7407,47.43
1572,besonderes,bijzonder,,,Substantiv,,direct,7400,47.38
1573,besteht,bestaan,bestaan uit,,Verb,bestehen,lemma,7397,47.37
1574,reichen,volstaan,,,Verb,,direct,7396,47.36
1575,robert,Robert,,,Substantiv,,direct,7383,47.28
1576,zeitung,krant,dagblad,,Substantiv,,direct,7361,47.13
1577,worum,,,,,,none,7357,47.11
1578,nachgedacht,,,,,,none,7351,47.07
1579,betrunken,dronken,beschonken,,Adjektiv,,direct,7350,47.06
1580,sowas,,,,,,none,7343,47.02
1581,patienten,patiënt,,,Substantiv,Patient,lemma,7342,47.01
1582,gespräch,gesprek,,,Substantiv,,direct,7342,47.01
1583,leiden,lijden,,,Verb,,direct,7334,46.96
1584,taxi,taxi,,de,Substantiv,,direct,7317,46.85
1585,tötet,doden,,,Verb,töten,lemma,7312,46.82
1586,see,meer,zee,,Substantiv,,direct,7311,46.81
1587,unterschied,verschil,,,Substantiv,,direct,7311,46.81
1588,wind,wind,,de,Substantiv,,direct,7286,46.65
1589,singt,zingen,,,Verb,singen,lemma,7283,46.64
1590,schreien,schreeuwen,roepen,,Verb,,direct,7274,46.58
1591,daniel,Daniël,Daneel,,Substantiv,,direct,7272,46.56
1592,sahen,zien,aanschouwen,,Verb,sehen,lemma,7272,46.56
1593,wand,wand,muur,de,Substantiv,,direct,7256,46.46
1594,bus,bus,autobus,,Substantiv,,direct,7253,46.44
1595,lhre,,,,,,none,7252,46.44
1596,angriff,aanval,,,Substantiv,,direct,7251,46.43
1597,verhalten,gedrag,,,Substantiv,,direct,7247,46.40
1598,loch,gat,krot; loch,,Substantiv,,direct,7238,46.35
1599,interesse,interesse,belang,,Substantiv,,direct,7235,46.33
1600,treten,trappen,schoppen,,Verb,,direct,7234,46.32
1601,quatsch,flauwekul,kwats; quatsch,de,Substantiv,,direct,7233,46.32
1602,trifft,treffen,,,Substantiv,treffen,lemma,7227,46.28
1603,polizist,politieagent,politieman,de,Substantiv,,direct,7224,46.26
1604,blumen,bloem,,de,Substantiv,Blume,lemma,7218,46.22
1605,neuigkeiten,nieuwtje,,,Substantiv,Neuigkeit,lemma,7217,46.21
1606,bringst,brengen,,,Verb,bringen,lemma,7217,46.21
1607,flasche,fles,,,Substantiv,,direct,7206,46.14
1608,rief,roepen,,,Verb,rufen,lemma,7203,46.12
1609,schuss,inslag,schot,de,Substantiv,,direct,7198,46.09
1610,fassen,grijpen,,,Verb,,direct,7193,46.06
1611,meer,zee,,de,Substantiv,,direct,7188,46.03
1612,konntest,kunnen,,,Verb,können,lemma,7182,45.99
1613,schafft,slagen,scheppfen,,Verb,schaffen,lemma,7180,45.98
1614,maschine,machine,apparaat,,Substantiv,,direct,7180,45.98
1615,spreche,spreeuw,,,Substantiv,,direct,7178,45.96
1616,bein,been,poot,,Substantiv,,direct,7174,45.94
1617,eddie,,,,,,none,7172,45.92
1618,bekommst,krijgen,bekomen; pakken,,Verb,bekommen,lemma,7169,45.91
1619,verbringen,doorbrengen,slijten; verbrengen; verslijten,,Verb,,direct,7162,45.86
1620,bücher,boek,,het,Substantiv,Buch,lemma,7147,45.76
1621,blöd,stom,stompzinnig,,Adjektiv,,direct,7125,45.62
1622,frühstück,ontbijt,,het,Substantiv,,direct,7121,45.60
1623,tommy,tommy,,,Substantiv,,direct,7118,45.58
1624,meter,meter,,de,Substantiv,,direct,7111,45.53
1625,bilder,beeld,,,Substantiv,Bild,lemma,7096,45.44
1626,aufpassen,opletten,,,Verb,,direct,7091,45.41
1627,claire,,,,,,none,7090,45.40
1628,dessen,diens,,,Relativpronomen,,direct,7082,45.35
1629,muß,moeten,,,Verb,müssen,lemma,7080,45.34
1630,freuen,verheugen,,,Verb,,direct,7063,45.23
1631,engel,engel,,de,Substantiv,,direct,7061,45.21
1632,offenbar,klaarblijkelijk,,,Adjektiv,,direct,7061,45.21
1633,gelegenheit,gelegenheid,kans,de,Substantiv,,direct,7056,45.18
1634,fang,vangst,succes; hoektand; klauw,,Substantiv,,direct,7047,45.12
1635,lüge,leugen,,,Substantiv,,direct,7045,45.11
1636,ohren,oor,,het,Substantiv,Ohr,lemma,7042,45.09
1637,au,au,,,Interjektion,,direct,7042,45.09
1638,angetan,aangewezen,,,Adjektiv,,direct,7039,45.07
1639,beeil,opschieten,,,Verb,beeilen,lemma,7037,45.06
1640,brechen,breken,braken; overgeven; verbreken,,Verb,,direct,7037,45.06
1641,brüder,broer,broeder,de,Substantiv,Bruder,lemma,7035,45.05
1642,zeitpunkt,tijdstip,,,Substantiv,,direct,7024,44.98
1643,keinem,geen,,,Indefinitpronomen,kein,lemma,7023,44.97
1644,ecke,hoek,,de,Substantiv,,direct,7019,44.94
1645,brücke,brug,,de,Substantiv,,direct,7012,44.90
1646,druck,druk,afdruk,de,Substantiv,,direct,7000,44.82
1647,mitgebracht,,,,,,none,6997,44.80
1648,seufzt,zuchten,,,Verb,seufzen,lemma,6997,44.80
1649,date,afspraakje,,,Substantiv,,direct,6993,44.78
1650,haufen,hoop,,de,Substantiv,,direct,6986,44.73
1651,oma,oma,,de,Substantiv,,direct,6985,44.73
1652,auftrag,opdracht,lastgeving,de,Substantiv,,direct,6980,44.70
1653,leer,leeg,,,Adjektiv,,direct,6968,44.62
1654,entkommen,ontsnappen,,,Verb,,direct,6965,44.60
1655,bobby,,,,,,none,6960,44.57
1656,weißen,bleken,,,Verb,,direct,6960,44.57
1657,lösung,oplossing,,de,Substantiv,,direct,6951,44.51
1658,wart,leidinggevende,,,Substantiv,,direct,6933,44.39
1659,pause,pauze,,,Substantiv,,direct,6929,44.37
1660,irre,mal,,,Adjektiv,,direct,6929,44.37
1661,gestellt,plaatsen,stellen; vragen,,Verb,stellen,lemma,6927,44.36
1662,keller,kelder,,,Substantiv,,direct,6922,44.32
1663,gebrochen,gebroken,,,Adjektiv,,direct,6915,44.28
1664,weinen,huilen,blèren; wenen,,Verb,,direct,6915,44.28
1665,nutzen,nut,baat,het,Substantiv,,direct,6904,44.21
1666,wünschen,wensen,,,Verb,,direct,6903,44.20
1667,fragt,vragen,,,Verb,fragen,lemma,6899,44.18
1668,maul,muil,snuit; smoel,,Substantiv,,direct,6899,44.18
1669,verantwortung,verantwoording,verantwoordelijkheid,de,Substantiv,,direct,6897,44.16
1670,schloss,slot,kasteel; grendel,,Substantiv,,direct,6891,44.13
1671,hut,hoed,,de,Substantiv,,direct,6882,44.07
1672,lächeln,glimlachen,smuilen,,Verb,,direct,6881,44.06
1673,ryan,,,,,,none,6876,44.03
1674,red,spreken,praten,,Verb,reden,lemma,6864,43.95
1675,grad,graad,rang,,Substantiv,,direct,6853,43.88
1676,zweiten,,,,,,none,6849,43.86
1677,hinaus,uit,,,Lokaladverb,,direct,6848,43.85
1678,mitkommen,gepaard,,,Verb,,direct,6842,43.81
1679,vorhin,laatst,,,Adverb,,direct,6840,43.80
1680,fahrt,vaart,,de,Substantiv,,direct,6833,43.75
1681,gemeint,denken,menen,,Verb,meinen,lemma,6830,43.73
1682,ernsthaft,ernstig,,,Adjektiv,,direct,6828,43.72
1683,gebaut,,,,,,none,6826,43.71
1684,bombe,bom,,,Substantiv,,direct,6816,43.64
1685,hasst,haten,,,Verb,hassen,lemma,6804,43.57
1686,versteh,,,,,,none,6793,43.50
1687,kosten,kosten,,,Verb,,direct,6786,43.45
1688,zeige,tonen,wijzen,,Verb,zeigen,lemma,6779,43.41
1689,traf,treffen,,,Substantiv,treffen,lemma,6778,43.40
1690,eigenes,,,,,,none,6771,43.36
1691,haar,haar,,,Substantiv,,direct,6763,43.31
1692,fragte,vragen,,,Verb,fragen,lemma,6757,43.27
1693,jason,,,,,,none,6753,43.24
1694,operation,operatie,ingreep,,Substantiv,,direct,6736,43.13
1695,befehle,bevelen,gelasten,,Verb,befehlen,lemma,6735,43.13
1696,schmerzen,pijn doen,,,Verb,,direct,6728,43.08
1697,erklärt,,,,,,none,6727,43.07
1698,steve,,,,,,none,6726,43.07
1699,dach,dak,kap,het,Substantiv,,direct,6713,42.99
1700,folge,vervolg,rij,,Substantiv,,direct,6711,42.97
1701,gelaufen,rennen,lopen; hollen; werken,,Verb,laufen,lemma,6702,42.91
1702,schwarze,roos,,,,,direct,6699,42.90
1703,dankbar,dankbaar,,,Adjektiv,,direct,6689,42.83
1704,gehirn,hersenen,brein,,Substantiv,,direct,6685,42.81
1705,töte,doden,,,Verb,töten,lemma,6681,42.78
1706,mädels,meisje,,het,Substantiv,Mädel,lemma,6680,42.77
1707,mut,moed,lef,de,Substantiv,,direct,6674,42.74
1708,heilige,heilige,,,Substantiv,,direct,6656,42.62
1709,laura,Laura,,,Substantiv,,direct,6654,42.61
1710,tier,dier,beest,het,Substantiv,,direct,6653,42.60
1711,system,systeem,stelsel; structuur,,Substantiv,,direct,6648,42.57
1712,mannes,man,echtgenoot,de,Substantiv,Mann,lemma,6640,42.52
1713,wahnsinn,krankzinnigheid,,de,Substantiv,,direct,6639,42.51
1714,nee,nee,,,Antwortpartikel,,direct,6634,42.48
1715,rose,roos,roze,de,Substantiv,,direct,6632,42.47
1716,club,,,,,,none,6628,42.44
1717,geschlossen,afgesloten,,,Adjektiv,,direct,6616,42.36
1718,hintern,achterste,achterwerk; achtereinde,,Substantiv,,direct,6614,42.35
1719,is,,,,,,none,6607,42.31
1720,thema,onderwerp,thema,,Substantiv,,direct,6606,42.30
1721,fiel,vallen,,,Verb,fallen,lemma,6603,42.28
1722,gehalten,houden,vasthouden,,Verb,halten,lemma,6595,42.23
1723,dorthin,daar,,,Adverb,,direct,6582,42.15
1724,urlaub,vakantie,verlof; reis,de,Substantiv,,direct,6564,42.03
1725,steig,aanreiken,,,Substantiv,,direct,6562,42.02
1726,vorwärts,voorwaarts,,,Adverb,,direct,6562,42.02
1727,überprüfen,overhoren,,,Verb,,direct,6561,42.01
1728,besseres,goed,,,Adjektiv,gut,lemma,6556,41.98
1729,beweis,bewijs,,,Substantiv,,direct,6554,41.97
1730,baum,boom,giek,de,Substantiv,,direct,6544,41.90
1731,gebt,geven,zijn; verstrekken; bestaan,,Verb,geben,lemma,6543,41.90
1732,funktionieren,functioneren,,,Verb,,direct,6541,41.88
1733,anscheinend,ogenschijnlijk,,,Adverb,,direct,6532,41.83
1734,lehrer,leraar,onderwijzer,de,Substantiv,,direct,6528,41.80
1735,hoffen,hopen,,,Verb,,direct,6526,41.79
1736,bessere,verbeteren,,,Verb,bessern,lemma,6503,41.64
1737,isst,eten,schaften,,Verb,essen,lemma,6498,41.61
1738,nachmittag,middag,namiddag,de,Substantiv,,direct,6492,41.57
1739,nem,,,,,,none,6491,41.56
1740,risiko,risico,,de,Substantiv,,direct,6482,41.51
1741,chuck,,,,,,none,6479,41.49
1742,knast,nor,,,Substantiv,,direct,6476,41.47
1743,entschuldigt,,,,,,none,6467,41.41
1744,gilt,gelden,,,Verb,gelten,lemma,6460,41.37
1745,held,held,,de,Substantiv,,direct,6458,41.35
1746,daraus,bijgevolg,,,Pronominaladverb,,direct,6456,41.34
1747,erstes,origineel,,,Substantiv,erster,lemma,6444,41.26
1748,fräulein,juffrouw,mejuffrouw; vrijster,,Substantiv,,direct,6438,41.22
1749,rachel,Rachel,,,Substantiv,,direct,6434,41.20
1750,prima,super,,,Adjektiv,,direct,6417,41.09
1751,brauchte,nodig hebben,behoeven; gebruiken; hoeven,,Verb,brauchen,lemma,6401,40.99
1752,gewalt,geweld,,,Substantiv,,direct,6401,40.99
1753,dean,,,,,,none,6400,40.98
1754,liebes,lief,,,Adjektiv,lieb,lemma,6399,40.97
1755,schaffst,slagen,scheppfen,,Verb,schaffen,lemma,6397,40.96
1756,nachdenken,denken,,,Verb,,direct,6396,40.96
1757,tor,doel,poort; doelpunt,,Substantiv,,direct,6382,40.87
1758,erfahrung,ervaring,,de,Substantiv,,direct,6381,40.86
1759,pläne,plan,ontwerp,,Substantiv,Plan,lemma,6381,40.86
1760,jagen,jagen,,,Verb,,direct,6380,40.85
1761,katze,kat,poes; wijfjeskat; geldgordel,de,Substantiv,,direct,6377,40.83
1762,runde,ronde,,,Substantiv,,direct,6377,40.83
1763,deutsche,Duitse,,,Substantiv,,direct,6370,40.79
1764,schwanz,staart,lul; pik; piemel,de,Substantiv,,direct,6369,40.78
1765,taten,doen,,,Verb,tun,lemma,6365,40.76
1766,lord,heer,,de,Substantiv,,direct,6360,40.72
1767,dringend,dringend,,,Adjektiv,,direct,6359,40.72
1768,commander,,,,,,none,6353,40.68
1769,großvater,grootvader,opa,de,Substantiv,,direct,6351,40.67
1770,sommer,zomer,,de,Substantiv,,direct,6351,40.67
1771,gezeigt,tonen,wijzen,,Verb,zeigen,lemma,6347,40.64
1772,hinterlassen,nalaten,achterlaten,,Verb,,direct,6347,40.64
1773,gewissen,geweten,,,Substantiv,,direct,6346,40.64
1774,getrunken,drinken,,,Verb,trinken,lemma,6343,40.62
1775,wahre,bewaren,behouden,,Verb,wahren,lemma,6332,40.55
1776,luke,luik,,,Substantiv,,direct,6328,40.52
1777,kunden,klant,kond,de,Substantiv,Kunde,lemma,6326,40.51
1778,kate,hut,,,Substantiv,,direct,6318,40.46
1779,zeugen,verwekken,,,Verb,,direct,6316,40.44
1780,geplant,planning,,,Substantiv,planen,lemma,6314,40.43
1781,amanda,,,,,,none,6306,40.38
1782,erreicht,,,,,,none,6303,40.36
1783,stören,storen,verstoren,,Verb,,direct,6302,40.35
1784,stein,steen,,de,Substantiv,,direct,6301,40.35
1785,atmen,ademen,ademhalen,,Verb,,direct,6291,40.28
1786,hose,broek,pantalon,,Substantiv,,direct,6273,40.17
1787,weiße,blanke,,,Substantiv,,direct,6272,40.16
1788,sprichst,spreken,praten,,Verb,sprechen,lemma,6271,40.16
1789,größer,groot,volwassene,,Adjektiv,groß,lemma,6270,40.15
1790,schickt,sturen,,,Verb,schicken,lemma,6270,40.15
1791,city,centrum,,,Substantiv,,direct,6265,40.12
1792,prinz,prins,,de,Substantiv,,direct,6260,40.08
1793,behandelt,,,,,,none,6252,40.03
1794,tote,dode,,,Substantiv,,direct,6250,40.02
1795,überlegen,nadenken,,,Verb,,direct,6249,40.01
1796,karten,,,,,,none,6233,39.91
1797,it,,,,,,none,6233,39.91
1798,restaurant,restaurant,,,Substantiv,,direct,6223,39.85
1799,welchem,welk,,,Interrogativpronomen,welcher,lemma,6222,39.84
1800,roger,,,,,,none,6221,39.83
1801,natur,natuur,aard,de,Substantiv,,direct,6219,39.82
1802,carter,,,,,,none,6213,39.78
1803,emily,,,,,,none,6207,39.75
1804,mami,moedertje,,,Substantiv,,direct,6206,39.74
1805,verschwindet,verdwijnen,opsodemieteren,,Verb,verschwinden,lemma,6205,39.73
1806,lautet,luiden,,,Verb,lauten,lemma,6200,39.70
1807,streit,ruzie,,de,Substantiv,,direct,6196,39.67
1808,küssen,kussen,zoenen,,Verb,,direct,6196,39.67
1809,sprich,,,,,,none,6192,39.65
1810,längst,lang geleden,,,Adverb,,direct,6189,39.63
1811,fängt,tikkertje,krijgertje; pakkertje,,Substantiv,fangen,lemma,6182,39.59
1812,drüber,,,,,,none,6179,39.57
1813,gingen,gaan,lopen; rijzen,,Verb,gehen,lemma,6177,39.55
1814,erlaubt,geoorloofd,,,,,direct,6177,39.55
1815,einzigen,,,,,,none,6156,39.42
1816,bad,bad,badkamer,,Substantiv,,direct,6155,39.41
1817,schmeckt,smaken,,,Verb,schmecken,lemma,6154,39.41
1818,kugel,bol,kogel,de,Substantiv,,direct,6146,39.35
1819,normalerweise,gewoonlijk,,,Adverb,,direct,6143,39.34
1820,schwarzen,zwart,,,Adjektiv,schwarz,lemma,6141,39.32
1821,rauf,naar boven,omhoog; opwaarts,,Adverb,,direct,6137,39.30
1822,flug,vlucht,,,Substantiv,,direct,6126,39.23
1823,beruhigen,kalmeren,,,Verb,,direct,6122,39.20
1824,walter,Wouter,,,Substantiv,,direct,6118,39.18
1825,halbe,half,,,Adjektiv,halb,lemma,6108,39.11
1826,dan,,,,,,none,6106,39.10
1827,geschieht,gebeuren,geschieden,,Verb,geschehen,lemma,6101,39.07
1828,einiges,enigen,,,Indefinitpronomen,einige,lemma,6100,39.06
1829,entdeckt,,,,,,none,6097,39.04
1830,morgens,'s morgens,'s ochtends,,Adverb,,direct,6094,39.02
1831,schlechter,slecht,kwaad; zwak; rotten,,Adjektiv,schlecht,lemma,6092,39.01
1832,vollkommen,volmaakt,,,Adjektiv,,direct,6082,38.94
1833,gelogen,liegen,,,Verb,lügen,lemma,6081,38.94
1834,verfolgt,,,,,,none,6078,38.92
1835,college,faculteit,,de,Substantiv,,direct,6070,38.87
1836,weiteren,wijd,,,Adjektiv,weit,lemma,6070,38.87
1837,chris,,,,,,none,6067,38.85
1838,louis,,,,,,none,6065,38.84
1839,eh,in ieder geval,,,Adverb,,direct,6062,38.82
1840,schwert,zwaard,,,Substantiv,,direct,6060,38.80
1841,hunde,hond,,de,Substantiv,Hund,lemma,6059,38.80
1842,steigen,stijgen,,,Verb,,direct,6057,38.78
1843,verdammter,doemen,verdomd,,Adjektiv,verdammt,lemma,6057,38.78
1844,dürfte,mogen,,,Verb,dürfen,lemma,6051,38.75
1845,riecht,ruiken,,,Verb,riechen,lemma,6050,38.74
1846,labor,laboratorium,,,Substantiv,,direct,6049,38.73
1847,bat,vragen,,,Verb,bitten,lemma,6047,38.72
1848,tim,,,,,,none,6041,38.68
1849,arthur,Arthur,,,Substantiv,,direct,6041,38.68
1850,mindestens,tenminste,althans,,Adverb,,direct,6041,38.68
1851,fisch,vis,,de,Substantiv,,direct,6038,38.66
1852,eurem,jullie,,,Possessivpronomen,euer,lemma,6037,38.66
1853,füße,voet,,de,Substantiv,Fuß,lemma,6035,38.64
1854,stehst,staan,,,Verb,stehen,lemma,6021,38.55
1855,erschießen,doodschieten,neerschieten,,Verb,,direct,6009,38.48
1856,kuchen,taart,koek,,Substantiv,,direct,6004,38.45
1857,versuchte,proberen,,,Verb,versuchen,lemma,6004,38.45
1858,zustand,toestand,staat,,Substantiv,,direct,6003,38.44
1859,wunsch,wens,verlangen,de,Substantiv,,direct,5993,38.37
1860,gäste,gast,,de,Substantiv,Gast,lemma,5990,38.36
1861,erwähnt,,,,,,none,5988,38.34
1862,farbe,kleur,verf,de,Substantiv,,direct,5988,38.34
1863,van,rijtuig,,,Substantiv,,direct,5986,38.33
1864,einigen,afspreken,,,Verb,,direct,5985,38.32
1865,zufall,toeval,,,Substantiv,,direct,5983,38.31
1866,garten,tuin,gaard; gaarde; hof,de,Substantiv,,direct,5983,38.31
1867,junger,jong,jeugdig,,Adjektiv,jung,lemma,5983,38.31
1868,autos,auto,autootje,de,Substantiv,Auto,lemma,5981,38.30
1869,abgesehen,ander,,,Adjektiv,,direct,5981,38.30
1870,fair,eerlijk,,,Adjektiv,,direct,5977,38.27
1871,vertraut,dichtdoen,,,Adjektiv,,direct,5962,38.18
1872,koffer,koffer,valies,,Substantiv,,direct,5956,38.14
1873,hieß,heten,betekenen,,Verb,heißen,lemma,5955,38.13
1874,kurs,cursus,koers,de,Substantiv,,direct,5950,38.10
1875,wirkt,werken,,,Verb,wirken,lemma,5950,38.10
1876,idioten,idioot,,de,Substantiv,Idiot,lemma,5948,38.09
1877,netter,aangenaam,,,Adjektiv,nett,lemma,5946,38.07
1878,seitdem,sindsdien,,,Adverb,,direct,5946,38.07
1879,angegriffen,aanvallen,,,Verb,angreifen,lemma,5945,38.07
1880,geschichten,geschiedenis,historie,de,Substantiv,Geschichte,lemma,5943,38.05
1881,wahnsinnig,gek,,,Adjektiv,,direct,5940,38.04
1882,ähnlich,gelijkend,soortgelijk,,Adjektiv,,direct,5939,38.03
1883,lily,,,,,,none,5937,38.02
1884,aufgeben,opgeven,,,Verb,,direct,5927,37.95
1885,england,Engeland,,,Substantiv,,direct,5919,37.90
1886,entführt,,,,,,none,5917,37.89
1887,mistkerl,bastaardvijl,,,Substantiv,,direct,5913,37.86
1888,solchen,,,,,,none,5903,37.80
1889,ner,,,,,,none,5901,37.79
1890,geschossen,,,,,,none,5901,37.79
1891,lager,depot,magazijn; kamp; lager,,Substantiv,,direct,5900,37.78
1892,besprechen,bespreken,,,Verb,,direct,5897,37.76
1893,reihe,rij,reeks,,Substantiv,,direct,5895,37.75
1894,polizisten,politieagent,politieman,de,Substantiv,Polizist,lemma,5893,37.73
1895,vogel,vogel,,de,Substantiv,,direct,5892,37.73
1896,legt,leggen,plaatsen,,Verb,legen,lemma,5875,37.62
1897,strand,strand,,het,Substantiv,,direct,5873,37.61
1898,amerikaner,Amerikaan,,de,Substantiv,,direct,5869,37.58
1899,schwarz,zwart,,,Adjektiv,,direct,5861,37.53
1900,fern,ver,,,Adjektiv,,direct,5852,37.47
1901,fick,neukpartij,,,Substantiv,,direct,5851,37.47
1902,scherz,mop,,,Substantiv,,direct,5844,37.42
1903,san,,,,,,none,5844,37.42
1904,erzählte,vertellen,verhalen,,Verb,erzählen,lemma,5842,37.41
1905,wichser,rukker,,,Substantiv,,direct,5836,37.37
1906,jake,,,,,,none,5835,37.36
1907,langweilig,saai,laf,,Adjektiv,,direct,5820,37.27
1908,womit,waarmee,,,Adverb,,direct,5817,37.25
1909,geschäfte,winkel,,de,Substantiv,Geschäft,lemma,5808,37.19
1910,my,mu,,,Substantiv,,direct,5807,37.18
1911,kapiert,,,,,,none,5806,37.18
1912,nachher,achteraf,daarna; nadien; zo,,Adverb,,direct,5797,37.12
1913,verlangt,,,,,,none,5797,37.12
1914,schlägt,verslaan,slaan; kloppen; vechten,,Verb,schlagen,lemma,5796,37.11
1915,überzeugt,,,,,,none,5788,37.06
1916,irgendjemand,iemand,,,Indefinitpronomen,,direct,5785,37.04
1917,rot,rood,ros,,Adjektiv,,direct,5784,37.04
1918,soldat,soldaat,militair,de,Substantiv,,direct,5782,37.02
1919,vorbereitet,,,,,,none,5777,36.99
1920,geschah,gebeuren,geschieden,,Verb,geschehen,lemma,5771,36.95
1921,reisen,reizen,,,Verb,,direct,5767,36.93
1922,termin,termijn,,de,Substantiv,,direct,5765,36.92
1923,gang,gang,,de,Substantiv,,direct,5761,36.89
1924,stehlen,stelen,,,Verb,,direct,5760,36.88
1925,rechte,rechterhand,rechterkant,,Substantiv,,direct,5760,36.88
1926,rache,wraak,,,Substantiv,,direct,5751,36.83
1927,bemerkt,,,,,,none,5750,36.82
1928,frankreich,Frankrijk,,het,Substantiv,,direct,5746,36.79
1929,stört,storen,verstoren,,Verb,stören,lemma,5745,36.79
1930,radio,radio,,de,Substantiv,,direct,5740,36.75
1931,beruhige,kalmeren,,,Verb,beruhigen,lemma,5737,36.74
1932,pferde,paard,,de,Substantiv,Pferd,lemma,5731,36.70
1933,vertrag,contract,overeenkomst; verdrag,,Substantiv,,direct,5730,36.69
1934,arbeitest,werken,arbeiden,,Verb,arbeiten,lemma,5728,36.68
1935,dienst,dienst,,de,Substantiv,,direct,5727,36.67
1936,zählt,tellen,,,Verb,zählen,lemma,5727,36.67
1937,fragst,vragen,,,Verb,fragen,lemma,5723,36.65
1938,wesen,wezen,,,Substantiv,,direct,5722,36.64
1939,bürgermeister,burgemeester,,de,Substantiv,,direct,5720,36.63
1940,emma,,,,,,none,5716,36.60
1941,fluss,rivier,stroom; vloed; vloeien,,Substantiv,,direct,5711,36.57
1942,woran,dat,,,Interrogativadverb,,direct,5711,36.57
1943,geblieben,,,,,,none,5711,36.57
1944,durcheinander,rommel,,,Substantiv,,direct,5705,36.53
1945,me,,,,,,none,5702,36.51
1946,ted,,,,,,none,5700,36.50
1947,nette,aangenaam,,,Adjektiv,nett,lemma,5690,36.43
1948,test,test,,de,Substantiv,,direct,5689,36.43
1949,mister,meneer,mijnheer,de,Substantiv,,direct,5688,36.42
1950,dadurch,daarbij,,,Pronominaladverb,,direct,5673,36.33
1951,direktor,bestuurder,,de,Substantiv,,direct,5671,36.31
1952,wichtiger,belangrijk,,,Adjektiv,wichtig,lemma,5665,36.27
1953,kevin,Kevin,,,Substantiv,,direct,5662,36.26
1954,scott,,,,,,none,5658,36.23
1955,karriere,carrière,,,Substantiv,,direct,5655,36.21
1956,akte,dossier,akte,,Substantiv,,direct,5633,36.07
1957,erinnerung,herinnering,,de,Substantiv,,direct,5621,35.99
1958,großmutter,grootmoeder,oma,de,Substantiv,,direct,5603,35.88
1959,erzähle,vertellen,verhalen,,Verb,erzählen,lemma,5600,35.86
1960,lösen,oplossen,,,Verb,,direct,5597,35.84
1961,bravo,,,,,,none,5590,35.79
1962,griff,deurknop,,,Substantiv,,direct,5585,35.76
1963,verfolgen,vervolgen,,,Verb,,direct,5581,35.74
1964,zweifel,twijfel,,,Substantiv,,direct,5581,35.74
1965,such,zoeken,,,Verb,suchen,lemma,5579,35.72
1966,sprache,taal,spraak,de,Substantiv,,direct,5579,35.72
1967,nerven,ergeren,,,Verb,,direct,5577,35.71
1968,officer,,,,,,none,5576,35.70
1969,andy,,,,,,none,5575,35.70
1970,langer,lang,,,Adjektiv,lang,lemma,5575,35.70
1971,ziehe,trekken,,,Verb,ziehen,lemma,5563,35.62
1972,entlassen,ontslaan,ontheffen; dorsturen,,Verb,,direct,5562,35.62
1973,zweimal,twee keer,tweemaal,,Adverb,,direct,5559,35.60
1974,abholen,ophalen,,,Verb,,direct,5556,35.58
1975,washington,Washington,,,Substantiv,,direct,5547,35.52
1976,kollegen,collega,,de,Substantiv,Kollege,lemma,5546,35.51
1977,doc,,,,,,none,5543,35.49
1978,fass,vat,,de,Substantiv,,direct,5538,35.46
1979,szene,scène,,,Substantiv,,direct,5525,35.38
1980,robin,,,,,,none,5524,35.37
1981,scheinen,schijnen,,,Verb,,direct,5502,35.23
1982,bösen,kwaad,boos,,Adjektiv,böse,lemma,5500,35.22
1983,schaffe,slagen,scheppfen,,Verb,schaffen,lemma,5490,35.15
1984,pflicht,plicht,,,Substantiv,,direct,5489,35.15
1985,wache,wacht,,de,Substantiv,,direct,5485,35.12
1986,neulich,recentelijk,,,Adverb,,direct,5484,35.12
1987,beeilen,opschieten,,,Verb,,direct,5483,35.11
1988,knie,knie,,de,Substantiv,,direct,5483,35.11
1989,alice,,,,,,none,5480,35.09
1990,lauter,zuiver,,,Adjektiv,,direct,5471,35.03
1991,spannende,boeiend,fascinerend; interessant,,Adjektiv,spannend,lemma,5470,35.03
1992,unschuldig,onschuldig,,,Adjektiv,,direct,5469,35.02
1993,folgt,volgen,,,Verb,folgen,lemma,5464,34.99
1994,schutz,bescherming,beveiliging,de,Substantiv,,direct,5464,34.99
1995,weshalb,waarom,,,Adverb,,direct,5463,34.98
1996,geheiratet,huwen,trouwen,,Verb,heiraten,lemma,5458,34.95
1997,woanders,elders,,,Adverb,,direct,5450,34.90
1998,wurdest,worden,zullen; gaan,,Verb,werden,lemma,5449,34.89
1999,kuss,kus,zoen,de,Substantiv,,direct,5447,34.88
2000,verhindern,verhinderen,,,Verb,,direct,5445,34.87
2001,erklärung,verklaring,toelichting; uitlegging,de,Substantiv,,direct,5444,34.86
2002,video,video,videofilm,,Substantiv,,direct,5444,34.86
2003,rom,Rome,,,Substantiv,,direct,5441,34.84
2004,klug,intelligent,knap,,Adjektiv,,direct,5435,34.80
2005,kräfte,kracht,,de,Substantiv,Kraft,lemma,5432,34.78
2006,verlangen,verlangen,,,Verb,,direct,5428,34.76
2007,außerhalb,buiten,,,Adverb,,direct,5424,34.73
2008,opa,opa,,de,Substantiv,,direct,5423,34.73
2009,selbstverständlich,vanzelfsprekend,natuurlijk; uiteraard,,Adjektiv,,direct,5421,34.71
2010,aufstehen,opstaan,overeindkomen,,Verb,,direct,5420,34.71
2011,hassen,haten,,,Verb,,direct,5417,34.69
2012,pete,,,,,,none,5416,34.68
2013,gebrauchen,gebruiken,,,Verb,,direct,5414,34.67
2014,geglaubt,geloven,,,Verb,glauben,lemma,5409,34.64
2015,milch,melk,,,Substantiv,,direct,5406,34.62
2016,trink,drinken,,,Verb,trinken,lemma,5405,34.61
2017,gefeuert,,,,,,none,5404,34.60
2018,erinnerungen,herinnering,,de,Substantiv,Erinnerung,lemma,5399,34.57
2019,müssten,moeten,,,Verb,müssen,lemma,5398,34.56
2020,suchst,zoeken,,,Verb,suchen,lemma,5395,34.55
2021,fährst,rijden,,,Verb,fahren,lemma,5379,34.44
2022,kochen,koken,,,Verb,,direct,5378,34.44
2023,schwach,zwak,,,Adjektiv,,direct,5368,34.37
2024,schreibt,schrijven,,,Verb,schreiben,lemma,5364,34.35
2025,schulden,schulden,,,Substantiv,,direct,5344,34.22
2026,hinein,binnen,,,Lokaladverb,,direct,5343,34.21
2027,simon,Simon,,,Substantiv,,direct,5332,34.14
2028,grenze,grens,,,Substantiv,,direct,5327,34.11
2029,braut,bruid,,,Substantiv,,direct,5319,34.06
2030,gebraucht,tweedehands,,,Adjektiv,,direct,5319,34.06
2031,peinlich,pijnlijk,,,Adjektiv,,direct,5311,34.01
2032,klappt,bespelen,,,Verb,klappen,lemma,5302,33.95
2033,geheimnisse,geheim,geheimenis,,Substantiv,Geheimnis,lemma,5301,33.94
2034,joey,,,,,,none,5299,33.93
2035,aufmerksamkeit,aandacht,attentie,,Substantiv,,direct,5297,33.92
2036,form,vorm,,de,Substantiv,,direct,5293,33.89
2037,umsonst,gratis,tevergeefs,,Adverb,,direct,5283,33.83
2038,kennenzulernen,kennismaken,,,Verb,kennenlernen,lemma,5277,33.79
2039,überlebt,,,,,,none,5274,33.77
2040,nirgendwo,nergens,,,Adverb,,direct,5268,33.73
2041,meilen,mijl,,,Substantiv,Meile,lemma,5260,33.68
2042,einfacher,eenvoudig,enkel; gewoonweg,,Adjektiv,einfach,lemma,5260,33.68
2043,blöde,stom,stompzinnig,,Adjektiv,blöd,lemma,5259,33.67
2044,mond,maan,Maan,de,Substantiv,,direct,5253,33.64
2045,ergibt,voortbrengen,,,Verb,ergeben,lemma,5251,33.62
2046,daten,data,,,Substantiv,,direct,5246,33.59
2047,merken,onthouden,bemerken; merken,,Verb,,direct,5240,33.55
2048,schande,schande,oneer,,Substantiv,,direct,5235,33.52
2049,fuck,,,,,,none,5233,33.51
2050,fühlte,voelen,,,Verb,fühlen,lemma,5231,33.50
2051,jenny,,,,,,none,5231,33.50
2052,sieg,overwinning,zege,de,Substantiv,,direct,5231,33.50
2053,satt,verzadigd,vol; zat; zelfgenoegzaam,,Adjektiv,,direct,5229,33.48
2054,blödsinn,flauwekul,,de,Substantiv,,direct,5227,33.47
2055,adam,Adam,,,Substantiv,,direct,5226,33.46
2056,lisa,,,,,,none,5226,33.46
2057,pfund,pond,,het,Substantiv,,direct,5223,33.44
2058,handeln,handelen,onderhandelen; betreffen,,Verb,,direct,5222,33.44
2059,lois,,,,,,none,5221,33.43
2060,enden,beëindigen,,,Verb,,direct,5221,33.43
2061,warm,warm,,,Adjektiv,,direct,5215,33.39
2062,raten,adviseren,,,Verb,,direct,5212,33.37
2063,übersetzung,vertaling,overbrenging; overbrengingsverhouding,de,Substantiv,,direct,5207,33.34
2064,kunst,kunst,,de,Substantiv,,direct,5207,33.34
2065,kapitän,kapitein,aanvoerder,de,Substantiv,,direct,5200,33.30
2066,desto,des te,,,Konjunktion,,direct,5200,33.30
2067,einsatz,parool,wachtwoord,,Substantiv,,direct,5197,33.28
2068,schweigen,zwijgen,,,Verb,,direct,5195,33.27
2069,krankheit,ziekte,aandoening,,Substantiv,,direct,5193,33.25
2070,toller,leuk,,,Adjektiv,toll,lemma,5189,33.23
2071,schatten,schaduw,,,Substantiv,,direct,5188,33.22
2072,wachen,toezien,,,Verb,,direct,5187,33.21
2073,tatsache,feit,,,Substantiv,,direct,5181,33.18
2074,eric,,,,,,none,5179,33.16
2075,stock,stok,,de,Substantiv,,direct,5178,33.16
2076,chief,,,,,,none,5176,33.14
2077,hingehen,heengaan,,,Verb,,direct,5172,33.12
2078,verboten,verboden,,,Adjektiv,,direct,5167,33.09
2079,gäbe,geven,zijn; verstrekken; bestaan,,Verb,geben,lemma,5165,33.07
2080,anzug,kostuum,,,Substantiv,,direct,5163,33.06
2081,leichen,lijk,,,Substantiv,Leiche,lemma,5162,33.05
2082,high,high,,,Adjektiv,,direct,5155,33.01
2083,beendet,afgelopen,,,Adjektiv,,direct,5153,33.00
2084,freitag,vrijdag,vrije dag,de,Substantiv,,direct,5148,32.96
2085,million,miljoen,,,Substantiv,,direct,5143,32.93
2086,verflucht,vervloekt,,,Adjektiv,,direct,5136,32.89
2087,dunkel,donker,,,Adjektiv,,direct,5134,32.87
2088,geb,geven,zijn; verstrekken; bestaan,,Verb,geben,lemma,5126,32.82
2089,enttäuscht,teleurgesteld,,,Adjektiv,,direct,5125,32.82
2090,klopfen,kloppen,tikken,,Verb,,direct,5125,32.82
2091,spuren,gehoorzamen,,,Verb,,direct,5124,32.81
2092,dreck,vuil,,,Substantiv,,direct,5120,32.78
2093,seiten,zijde,kant; site,,Substantiv,Seite,lemma,5118,32.77
2094,mühe,moeite,,de,Substantiv,,direct,5114,32.75
2095,gezogen,trekken,,,Verb,ziehen,lemma,5113,32.74
2096,brian,,,,,,none,5109,32.71
2097,kontrollieren,controleren,,,Verb,,direct,5107,32.70
2098,knochen,bot,been; Tiengaatssleutel,de,Substantiv,,direct,5104,32.68
2099,schick,elegant,,,Adjektiv,,direct,5102,32.67
2100,getrennt,scheiden,,,Verb,trennen,lemma,5101,32.66
2101,programm,programma,,het,Substantiv,,direct,5099,32.65
2102,grab,graf,,,Substantiv,,direct,5097,32.64
2103,ebenso,evenzo,effe; even,,Adverb,,direct,5095,32.62
2104,trage,draagbaar,brancard,,Substantiv,,direct,5095,32.62
2105,nachbarn,buurman,buur,de,Substantiv,Nachbar,lemma,5091,32.60
2106,bieten,bieden,,,Verb,,direct,5090,32.59
2107,bestes,goed,,,Adjektiv,gut,lemma,5085,32.56
2108,elizabeth,,,,,,none,5084,32.55
2109,fuhr,rijden,,,Verb,fahren,lemma,5082,32.54
2110,verlässt,verlaten,weggaan,,Verb,verlassen,lemma,5077,32.51
2111,freundlich,vriendelijk,aardig,,Adjektiv,,direct,5073,32.48
2112,dennoch,toch,desondanks,,Konjunktionaladverb,,direct,5072,32.48
2113,rauchen,roken,smoren,,Verb,,direct,5072,32.48
2114,dick,dik,,,Adjektiv,,direct,5066,32.44
2115,stuhl,stoel,zetel,de,Substantiv,,direct,5062,32.41
2116,dreh,beurt,,,Substantiv,,direct,5061,32.41
2117,bester,best,,de,Substantiv,,direct,5061,32.41
2118,schicke,sturen,,,Verb,schicken,lemma,5059,32.39
2119,vergeben,vergeven,,,Verb,,direct,5058,32.39
2120,ausgehen,uitgaan,,,Verb,,direct,5058,32.39
2121,behandeln,behandelen,,,Verb,,direct,5058,32.39
2122,trotz,niettegenstaande,desondanks; niettemin; nochtans,,Präposition,,direct,5054,32.36
2123,gast,gast,,de,Substantiv,,direct,5053,32.36
2124,ändert,wijzigen,,,Verb,ändern,lemma,5052,32.35
2125,passierte,gebeuren,,,Verb,passieren,lemma,5052,32.35
2126,toilette,toilet,wc; urinoir,,Substantiv,,direct,5043,32.29
2127,annehmen,aanvaarden,veronderstellen; accepteren,,Verb,,direct,5041,32.28
2128,herzlichen,joviaal,hartelijk,,Adjektiv,herzlich,lemma,5039,32.27
2129,hexe,heks,,de,Substantiv,,direct,5039,32.27
2130,erwachsen,volwassen,,,Adjektiv,,direct,5037,32.25
2131,jerry,,,,,,none,5016,32.12
2132,pistole,pistool,,,Substantiv,,direct,5014,32.11
2133,saß,zitten,,,Verb,sitzen,lemma,5013,32.10
2134,dreht,draaien,,,Verb,drehen,lemma,5012,32.09
2135,aussage,verklaring,,de,Substantiv,,direct,5010,32.08
2136,liebte,liefhebben,houden van,,Verb,lieben,lemma,5006,32.05
2137,street,,,,,,none,5006,32.05
2138,genießen,genieten,,,Verb,,direct,5006,32.05
2139,eifersüchtig,jaloers,,,Adjektiv,,direct,5002,32.03
2140,derjenige,dat,,,Demonstrativpronomen,,direct,5001,32.02
2141,teuer,duur,dierbaar,,Adjektiv,,direct,4999,32.01
2142,leo,Leo,,,Substantiv,,direct,4999,32.01
2143,zähne,gebit,,,,,direct,4991,31.96
2144,beobachtet,,,,,,none,4988,31.94
2145,gentlemen,gentleman,,,Substantiv,Gentleman,lemma,4986,31.93
2146,wählen,kiezen,verkiezen,,Verb,,direct,4986,31.93
2147,helft,helpen,bijstaan,,Verb,helfen,lemma,4985,31.92
2148,fliegt,vliegen,,,Verb,fliegen,lemma,4983,31.91
2149,theater,theater,schouwburg,,Substantiv,,direct,4982,31.90
2150,regen,regen,,de,Substantiv,,direct,4981,31.89
2151,feinde,,,,,,none,4981,31.89
2152,william,,,,,,none,4979,31.88
2153,erlauben,toestaan,veroorloven,,Verb,,direct,4975,31.86
2154,zulassen,toelaten,,,Verb,,direct,4971,31.83
2155,schnappen,pakken,,,Verb,,direct,4962,31.77
2156,komplett,volledig,compleet; allesomvattend,,Adjektiv,,direct,4962,31.77
2157,panik,paniek,,,Substantiv,,direct,4961,31.77
2158,flughafen,luchthaven,vliegveld; vlieghaven,,Substantiv,,direct,4960,31.76
2159,bewusst,bewust,,,Adjektiv,,direct,4958,31.75
2160,deutschen,Duits,,,,,direct,4958,31.75
2161,voraus,vooruit,,,Adverb,,direct,4953,31.72
2162,sterbe,sterven,doodgaan,,Verb,sterben,lemma,4948,31.68
2163,solltet,moeten,zullen,,Verb,sollen,lemma,4941,31.64
2164,begleiten,begeleiden,,,Verb,,direct,4940,31.63
2165,einander,elkaar,,,Reziprokpronomen,,direct,4935,31.60
2166,fred,,,,,,none,4935,31.60
2167,erlebt,,,,,,none,4934,31.59
2168,weiterhin,continueren,,,Adverb,,direct,4925,31.54
2169,stärker,sterk,krachtig,,Adjektiv,stark,lemma,4922,31.52
2170,fahrer,bestuurder,chauffeur,de,Substantiv,,direct,4921,31.51
2171,konzentrieren,concentreren,,,Verb,,direct,4919,31.50
2172,streiten,bakkeleien,,,Verb,,direct,4918,31.49
2173,angeht,aanpakken,,,Verb,angehen,lemma,4917,31.49
2174,selben,,,,,,none,4914,31.47
2175,star,spreeuw,vedette; ster,,Substantiv,,direct,4912,31.45
2176,überzeugen,overtuigen,,,Verb,,direct,4906,31.41
2177,alkohol,alcohol,,de,Substantiv,,direct,4903,31.40
2178,übersetzt,,,,,,none,4903,31.40
2179,verrückte,,,,,,none,4902,31.39
2180,lch,,,,,,none,4902,31.39
2181,king,,,,,,none,4902,31.39
2182,begann,beginnen,ingaan; van start gaan,,Verb,beginnen,lemma,4898,31.36
2183,angenommen,aanvaarden,veronderstellen; accepteren,,Verb,annehmen,lemma,4897,31.36
2184,weitermachen,doorgaan,,,Verb,,direct,4895,31.34
2185,echter,echt,echte,,Adjektiv,echt,lemma,4888,31.30
2186,jackson,,,,,,none,4876,31.22
2187,post,post,,de,Substantiv,,direct,4873,31.20
2188,mitgenommen,meenemen,,,Verb,mitnehmen,lemma,4872,31.20
2189,botschaft,ambassade,boodschap,de,Substantiv,,direct,4872,31.20
2190,ideen,idee,notie,,Substantiv,Idee,lemma,4870,31.18
2191,fehlen,ontbreken,mankeren; schorten,,Verb,,direct,4868,31.17
2192,aufgeregt,opgewonden,,,Adjektiv,,direct,4868,31.17
2193,selbstmord,zelfmoord,,,Substantiv,,direct,4866,31.16
2194,dumme,dom,suf,,Adjektiv,dumm,lemma,4866,31.16
2195,zurückkommen,terugkomen,,,Verb,,direct,4859,31.11
2196,irgendein,enkele,,,Indefinitpronomen,,direct,4858,31.11
2197,magie,tovenarij,,,Substantiv,,direct,4855,31.09
2198,phil,,,,,,none,4855,31.09
2199,schlage,verslaan,slaan; kloppen; vechten,,Verb,schlagen,lemma,4854,31.08
2200,handelt,handelen,onderhandelen; betreffen,,Verb,handeln,lemma,4853,31.08
2201,treffe,treffen,,,Substantiv,treffen,lemma,4846,31.03
2202,untersuchen,onderzoeken,,,Verb,,direct,4846,31.03
2203,flucht,vlucht,,,Substantiv,,direct,4844,31.02
2204,verliert,verliezen,,,Verb,verlieren,lemma,4841,31.00
2205,irgendeine,enkele,,,Indefinitpronomen,irgendein,lemma,4839,30.99
2206,gegenteil,tegenovergestelde,,,Substantiv,,direct,4837,30.97
2207,betrifft,,,,,,none,4837,30.97
2208,scharf,scherp,,,Adjektiv,,direct,4834,30.95
2209,gehofft,hopen,,,Verb,hoffen,lemma,4831,30.93
2210,kennengelernt,kennismaken,,,Verb,kennenlernen,lemma,4831,30.93
2211,schlimmste,slecht,,,Adjektiv,schlimm,lemma,4824,30.89
2212,projekt,project,,,Substantiv,,direct,4819,30.86
2213,trottel,eikel,,de,Substantiv,,direct,4819,30.86
2214,immerhin,althans,tenminste,,Adverb,,direct,4813,30.82
2215,mehrere,meerdere,,,Indefinitpronomen,,direct,4811,30.81
2216,erwarte,verwachten,,,Verb,erwarten,lemma,4809,30.79
2217,mochte,mogen,,,Verb,mögen,lemma,4808,30.79
2218,schwimmen,zwemmen,drijven; vervagen; vervloeien,,Verb,,direct,4805,30.77
2219,zählen,tellen,,,Verb,,direct,4804,30.76
2220,innerhalb,binnen,,,Präposition,,direct,4801,30.74
2221,matt,mat,schaakmat,,Substantiv,,direct,4801,30.74
2222,blind,blind,,,Adjektiv,,direct,4799,30.73
2223,schwestern,zuster,zus,de,Substantiv,Schwester,lemma,4797,30.72
2224,code,code,,,Substantiv,,direct,4794,30.70
2225,alan,,,,,,none,4794,30.70
2226,schlau,sluw,gewiekst; snugger,,Adjektiv,,direct,4792,30.68
2227,absicht,opzet,voornemen,de,Substantiv,,direct,4789,30.67
2228,barry,,,,,,none,4787,30.65
2229,spielst,spelen,meespelen,,Verb,spielen,lemma,4782,30.62
2230,zuletzt,last,,,Adverb,,direct,4780,30.61
2231,oliver,Oliver,,,Substantiv,,direct,4779,30.60
2232,englisch,Engels,,het,Substantiv,,direct,4778,30.59
2233,ohr,oor,,het,Substantiv,,direct,4773,30.56
2234,verletzen,kwetsen,schofferen; overtreden,,Verb,,direct,4772,30.56
2235,song,lied,,het,Substantiv,,direct,4766,30.52
2236,schüler,scholier,,,Substantiv,,direct,4763,30.50
2237,schien,schijnen,,,Verb,scheinen,lemma,4762,30.49
2238,gewinnt,winnen,,,Verb,gewinnen,lemma,4761,30.49
2239,älter,oud,,,Adjektiv,alt,lemma,4757,30.46
2240,merkwürdig,raar,,,Adjektiv,,direct,4756,30.45
2241,judy,,,,,,none,4756,30.45
2242,vermisse,missen,betreuren,,Verb,vermissen,lemma,4756,30.45
2243,größe,maat,grootheid,,Substantiv,,direct,4754,30.44
2244,tritt,schop,stap,de,Substantiv,,direct,4751,30.42
2245,trauen,trouwen,rekenen op; vertrouwen hebben; durven,,Verb,,direct,4748,30.40
2246,präsidenten,president,,,Substantiv,Präsident,lemma,4746,30.39
2247,trick,kneep,truc; truuk,,Substantiv,,direct,4745,30.38
2248,harvey,,,,,,none,4744,30.38
2249,doug,,,,,,none,4742,30.36
2250,roten,rood,ros,,Adjektiv,rot,lemma,4739,30.35
2251,überlegt,,,,,,none,4736,30.33
2252,größten,groot,volwassene,,Adjektiv,groß,lemma,4734,30.31
2253,sonntag,zondag,,de,Substantiv,,direct,4733,30.31
2254,zwölf,twaalf,,,Numerale,,direct,4730,30.29
2255,vorstellung,idee,,,Substantiv,,direct,4728,30.27
2256,schrieb,schrijven,,,Verb,schreiben,lemma,4723,30.24
2257,reinkommen,,,,,,none,4723,30.24
2258,killer,moordenaar,,de,Substantiv,,direct,4722,30.24
2259,unterstützung,ondersteuning,,de,Substantiv,,direct,4721,30.23
2260,antun,kleden,,,Verb,,direct,4721,30.23
2261,rechnung,rekening,nota,,Substantiv,,direct,4719,30.22
2262,dieselbe,,,,,,none,4718,30.21
2263,verändern,veranderen,,,Verb,,direct,4711,30.17
2264,möglicherweise,mogelijk,,,Adverb,,direct,4709,30.15
2265,definitiv,definitief,,,Adjektiv,,direct,4707,30.14
2266,locker,los,doorlaatbaar; ontspannen; lichtvaardig,,Adjektiv,,direct,4705,30.13
2267,ed,,,,,,none,4703,30.11
2268,vincent,,,,,,none,4702,30.11
2269,ums,,,,,,none,4700,30.10
2270,abends,'s avonds,,,,,direct,4696,30.07
2271,frisch,fris,vers,,Adjektiv,,direct,4694,30.06
2272,kohle,kool,steenkool,de,Substantiv,,direct,4689,30.03
2273,fing,tikkertje,krijgertje; pakkertje,,Substantiv,fangen,lemma,4689,30.03
2274,hure,hoer,,,Substantiv,,direct,4686,30.01
2275,cousin,neef,,de,Substantiv,,direct,4685,30.00
2276,familien,familie,gezin,de,Substantiv,Familie,lemma,4685,30.00
2277,einsam,eenzaam,enig,,Adjektiv,,direct,4683,29.99
2278,lebendig,levend,,,Adjektiv,,direct,4681,29.97
2279,heiligen,foutloos,,,Verb,,direct,4677,29.95
2280,knapp,krap,schaars,,Adjektiv,,direct,4675,29.94
2281,ebenfalls,eveneens,evenzeer; evenzoo,,Adverb,,direct,4672,29.92
2282,überprüft,,,,,,none,4671,29.91
2283,artikel,artikel,lidwoord,,Substantiv,,direct,4670,29.90
2284,gesetzt,zetten,zitten; neerzitten,,Verb,setzen,lemma,4669,29.90
2285,jederzeit,altijd,,,Adverb,,direct,4662,29.85
2286,kompliziert,ingewikkeld,,,Adjektiv,,direct,4661,29.85
2287,spüren,aanvoelen,,,Verb,,direct,4652,29.79
2288,signal,sein,teken,,Substantiv,,direct,4652,29.79
2289,amy,,,,,,none,4651,29.78
2290,stich,steek,,de,Substantiv,,direct,4650,29.78
2291,kino,bioscoop,cinema,,Substantiv,,direct,4643,29.73
2292,probieren,proberen,,,Verb,,direct,4642,29.72
2293,tode,dood,overlijden,,Substantiv,Tod,lemma,4640,29.71
2294,wundervoll,geweldig,,,Adjektiv,,direct,4639,29.70
2295,tanz,dans,,de,Substantiv,,direct,4638,29.70
2296,geöffnet,open,,,Adjektiv,,direct,4638,29.70
2297,kerle,kerel,vent; pik,,Substantiv,Kerl,lemma,4635,29.68
2298,begraben,begraven,,,Verb,,direct,4631,29.65
2299,prozent,procent,,,Substantiv,,direct,4629,29.64
2300,stoppen,stoppen,,,Verb,,direct,4626,29.62
2301,hoheit,hoogheid,soevereiniteit,,Substantiv,,direct,4622,29.60
2302,riesen,reus,,de,Substantiv,Riese,lemma,4619,29.58
2303,rote,rood,ros,,Adjektiv,rot,lemma,4610,29.52
2304,zugang,toegang,,de,Substantiv,,direct,4610,29.52
2305,liest,lezen,oppikken,,Verb,lesen,lemma,4602,29.47
2306,vorn,voorop,,,Lokaladverb,,direct,4601,29.46
2307,wichtige,belangrijk,,,Adjektiv,wichtig,lemma,4600,29.46
2308,aufmachen,openen,opendoen; openmaken,,Verb,,direct,4596,29.43
2309,kelly,,,,,,none,4596,29.43
2310,sexy,sexy,,,Adjektiv,,direct,4595,29.42
2311,erlaubnis,verlof,,,Substantiv,,direct,4592,29.40
2312,grace,,,,,,none,4591,29.40
2313,big,,,,,,none,4587,29.37
2314,story,bericht,,,Substantiv,,direct,4583,29.35
2315,madam,,,,,,none,4581,29.33
2316,leichter,lichter,,,Substantiv,,direct,4568,29.25
2317,halben,half,,,Adjektiv,halb,lemma,4567,29.24
2318,filme,filmen,,,Verb,filmen,lemma,4567,29.24
2319,priester,priester,,de,Substantiv,,direct,4563,29.22
2320,herauszufinden,doorhebben,,,Verb,herausfinden,lemma,4562,29.21
2321,packen,inpakken,,,Verb,,direct,4561,29.21
2322,dritte,derde,,,Adjektiv,,direct,4559,29.19
2323,inzwischen,intussen,,,Temporaladverb,,direct,4557,29.18
2324,larry,,,,,,none,4551,29.14
2325,presse,pers,,,Substantiv,,direct,4548,29.12
2326,sitze,zitten,,,Verb,sitzen,lemma,4548,29.12
2327,machten,doen,maken,,Verb,machen,lemma,4547,29.12
2328,geklaut,jatten,stelen,,Verb,klauen,lemma,4546,29.11
2329,helden,held,,de,Substantiv,Held,lemma,4543,29.09
2330,susan,,,,,,none,4541,29.08
2331,geduld,geduld,,,Substantiv,,direct,4537,29.05
2332,bühne,toneel,podium; bühne,,Substantiv,,direct,4537,29.05
2333,reparieren,herstellen,,,Verb,,direct,4535,29.04
2334,hä,hè,,,Interjektion,,direct,4531,29.01
2335,usa,VS,,,Abkürzung,,direct,4525,28.97
2336,gerechtigkeit,rechtvaardigheid,gerechtigheid,,Substantiv,,direct,4524,28.97
2337,fälle,vellen,,,Verb,fällen,lemma,4519,28.94
2338,selten,zelden,zeldzaam; schaars,,Adjektiv,,direct,4519,28.94
2339,anrufe,opbellen,bellen; aanroepen; inroepen,,Verb,anrufen,lemma,4518,28.93
2340,unterschreiben,ondertekenen,onderschrijven,,Verb,,direct,4517,28.92
2341,julia,Julie,,,Substantiv,,direct,4516,28.92
2342,drücken,duwen,,,Verb,,direct,4513,28.90
2343,mrs,,,,,,none,4511,28.89
2344,lügner,leugenaar,jokkebrok,,Substantiv,,direct,4508,28.87
2345,endet,beëindigen,,,Verb,enden,lemma,4503,28.83
2346,dave,,,,,,none,4502,28.83
2347,medizin,geneeskunde,,de,Substantiv,,direct,4502,28.83
2348,schreibe,kraal,,,Substantiv,,direct,4502,28.83
2349,verhaften,aanhouden,,,Verb,,direct,4500,28.81
2350,prozess,proces,,,Substantiv,,direct,4499,28.81
2351,samstag,zaterdag,,de,Substantiv,,direct,4494,28.78
2352,amen,amen,,,Substantiv,,direct,4491,28.76
2353,motor,motor,,de,Substantiv,,direct,4486,28.73
2354,marie,Marieke,Mariën,,Substantiv,,direct,4485,28.72
2355,abhauen,opsodemieteren,,,Verb,,direct,4482,28.70
2356,chaos,chaos,,,Substantiv,,direct,4482,28.70
2357,schönheit,schoonheid,,,Substantiv,,direct,4482,28.70
2358,beinahe,bijna,haast,,Adverb,,direct,4471,28.63
2359,lebst,leven,,,Substantiv,leben,lemma,4468,28.61
2360,tolles,leuk,,,Adjektiv,toll,lemma,4466,28.60
2361,anhalten,stoppen,,,Verb,,direct,4466,28.60
2362,fremden,vreemd,andermans,,Adjektiv,fremd,lemma,4463,28.58
2363,hof,erf,hof; hoeve,,Substantiv,,direct,4463,28.58
2364,akzeptieren,aanvaarden,aksepteren,,Verb,,direct,4462,28.57
2365,norden,noorden,noord,,Substantiv,,direct,4457,28.54
2366,ärzte,arts,dokter; geneesheer; medicus,de,Substantiv,Arzt,lemma,4455,28.53
2367,anziehen,aantrekken,,,Verb,,direct,4454,28.52
2368,dingen,als onderpand geven,,,Verb,,direct,4454,28.52
2369,umgehen,vermijden,waren,,Verb,,direct,4453,28.51
2370,bauch,buik,,de,Substantiv,,direct,4452,28.51
2371,gesamte,geheel,heel,,Adjektiv,gesamt,lemma,4449,28.49
2372,hübsche,mooi,,,Adjektiv,hübsch,lemma,4449,28.49
2373,ertragen,dragen,,,Verb,,direct,4448,28.48
2374,kiste,kist,,,Substantiv,,direct,4445,28.46
2375,brennt,branden,verbranden,,Verb,brennen,lemma,4443,28.45
2376,teile,delen,verdelen,,Verb,teilen,lemma,4443,28.45
2377,deckung,dekking,,de,Substantiv,,direct,4439,28.42
2378,landen,landen,,,Verb,,direct,4433,28.39
2379,berg,berg,,de,Substantiv,,direct,4430,28.37
2380,straßen,straat,weg,de,Substantiv,Straße,lemma,4429,28.36
2381,aufgenommen,opnemen,,,Verb,aufnehmen,lemma,4427,28.35
2382,gerufen,roepen,,,Verb,rufen,lemma,4427,28.35
2383,untersuchung,onderzoek,,,Substantiv,,direct,4422,28.32
2384,alarm,alarm,,,Substantiv,,direct,4422,28.32
2385,blieb,blijven,,,Verb,bleiben,lemma,4419,28.30
2386,vertraue,vertrouwen,,,Substantiv,vertrauen,lemma,4410,28.24
2387,extra,keuze,,de,Substantiv,,direct,4409,28.23
2388,entspann,ontspannen,,,Verb,entspannen,lemma,4409,28.23
2389,beobachten,waarnemen,bekijken; toezien,,Verb,,direct,4408,28.23
2390,eindruck,indruk,impressie,de,Substantiv,,direct,4406,28.21
2391,tschüs,ciao,Van Doeibergen; adieu; aju,,Grußformel,,direct,4402,28.19
2392,babys,baby,,de,Substantiv,Baby,lemma,4399,28.17
2393,wehtun,pijn doen,,,Verb,,direct,4396,28.15
2394,zog,trekken,,,Verb,ziehen,lemma,4392,28.12
2395,iss,ISS,,,Abkürzung,,direct,4392,28.12
2396,herrgott,goeie hemel,,,Substantiv,,direct,4388,28.10
2397,echten,echt,echte,,Adjektiv,echt,lemma,4385,28.08
2398,springen,springen,,,Verb,,direct,4381,28.05
2399,nackt,naakt,bloot; kaal,,Adjektiv,,direct,4377,28.03
2400,existiert,,,,,,none,4375,28.01
2401,befreien,bevrijden,,,Verb,,direct,4375,28.01
2402,gerät,werktuig,,,Substantiv,,direct,4375,28.01
2403,montag,maandag,,de,Substantiv,,direct,4364,27.94
2404,gezwungen,dwingen,afdwingen,,Verb,zwingen,lemma,4364,27.94
2405,perfekte,perfect,,,Adjektiv,Perfekt,lemma,4364,27.94
2406,erzählst,vertellen,verhalen,,Verb,erzählen,lemma,4363,27.94
2407,bastard,bastaard,,,Substantiv,,direct,4362,27.93
2408,interessieren,interesseren,,,Verb,,direct,4357,27.90
2409,schlechten,slecht,kwaad; zwak; rotten,,Adjektiv,schlecht,lemma,4355,27.89
2410,hank,,,,,,none,4355,27.89
2411,steigt,stijgen,,,Verb,steigen,lemma,4354,27.88
2412,on,,,,,,none,4352,27.87
2413,carl,Karel,,,Substantiv,,direct,4341,27.80
2414,gekriegt,krijgen,ontvangen; vatten; klissen,,Verb,kriegen,lemma,4340,27.79
2415,fliehen,vluchten,,,Verb,,direct,4340,27.79
2416,trug,bedrog,,de,Substantiv,,direct,4335,27.76
2417,freundschaft,vriendschap,,de,Substantiv,,direct,4334,27.75
2418,rate,verhouding,,de,Substantiv,,direct,4331,27.73
2419,papiere,papier,document,,Substantiv,Papier,lemma,4326,27.70
2420,abgeschlossen,omheind stuk land,,,Adjektiv,,direct,4322,27.68
2421,schnauze,snuit,bek; smoel,de,Substantiv,,direct,4320,27.66
2422,beruf,beroep,,,Substantiv,,direct,4318,27.65
2423,gebiet,gebied,,,Substantiv,,direct,4315,27.63
2424,jeff,,,,,,none,4312,27.61
2425,jedoch,echter,,,Konjunktionaladverb,,direct,4312,27.61
2426,beten,bidden,,,Verb,,direct,4308,27.59
2427,verbunden,gerelateerd,,,Adjektiv,,direct,4307,27.58
2428,sprachen,spreken,praten,,Verb,sprechen,lemma,4305,27.57
2429,verräter,verrader,,,Substantiv,,direct,4304,27.56
2430,wichtigste,belangrijk,,,Adjektiv,wichtig,lemma,4303,27.55
2431,prost,proost,,,Interjektion,,direct,4302,27.55
2432,brust,borst,,,Substantiv,,direct,4296,27.51
2433,aufgehört,stoppen,ophouden,,Verb,aufhören,lemma,4293,27.49
2434,kleider,jurk,kleed,,Substantiv,Kleid,lemma,4292,27.48
2435,jacke,jas,,de,Substantiv,,direct,4290,27.47
2436,bestellt,,,,,,none,4287,27.45
2437,herkommen,klaarkomen,,,Verb,,direct,4283,27.43
2438,wild,wild,,,Adjektiv,,direct,4282,27.42
2439,nenne,noemen,aanwijzen,,Verb,nennen,lemma,4282,27.42
2440,angesehen,eerbaar,,,Adjektiv,,direct,4281,27.41
2441,zuhören,luisteren,,,Verb,,direct,4278,27.39
2442,trennen,scheiden,,,Verb,,direct,4272,27.35
2443,schlafzimmer,slaapkamer,,,Substantiv,,direct,4271,27.35
2444,vorschlag,voorstel,,,Substantiv,,direct,4268,27.33
2445,meins,mijn,,,Possessivpronomen,mein,lemma,4266,27.32
2446,gift,gif,vergif,,Substantiv,,direct,4264,27.30
2447,ton,klei,toon; pijpaarde,,Substantiv,,direct,4264,27.30
2448,vermissen,missen,betreuren,,Verb,,direct,4258,27.27
2449,angekommen,aankomen,,,Verb,ankommen,lemma,4258,27.27
2450,beantworten,beantwoorden,,,Verb,,direct,4255,27.25
2451,deutlich,duidelijk,,,Adjektiv,,direct,4253,27.23
2452,träumen,dromen,,,Verb,,direct,4252,27.23
2453,verwirrt,in de war,,,Adjektiv,,direct,4251,27.22
2454,akten,dossier,akte,,Substantiv,Akte,lemma,4250,27.21
2455,riskieren,riskeren,risqueren,,Verb,,direct,4246,27.19
2456,victor,,,,,,none,4234,27.11
2457,find,vinden,,,Verb,finden,lemma,4232,27.10
2458,erkannt,herkennen,onderkennen,,Verb,erkennen,lemma,4227,27.07
2459,beerdigung,begrafenis,,,Substantiv,,direct,4227,27.07
2460,müll,afval,,de/het,Substantiv,,direct,4223,27.04
2461,weisst,,,,,,none,4222,27.03
2462,möge,mogen,,,Verb,mögen,lemma,4222,27.03
2463,stellte,plaatsen,stellen; vragen,,Verb,stellen,lemma,4221,27.03
2464,mitte,centrum,,,Substantiv,,direct,4219,27.02
2465,erleben,beleven,ervaren; kennen,,Verb,,direct,4217,27.00
2466,geburt,geboorte,bevalling,de,Substantiv,,direct,4213,26.98
2467,decke,deken,plafond,de,Substantiv,,direct,4213,26.98
2468,wege,weg,,de,Substantiv,Weg,lemma,4207,26.94
2469,schritte,schrijden,,,Verb,schreiten,lemma,4205,26.93
2470,gibts,,,,,,none,4201,26.90
2471,gemeldet,afkomen,,,Verb,melden,lemma,4199,26.89
2472,hilfst,helpen,bijstaan,,Verb,helfen,lemma,4197,26.87
2473,mittagessen,middageten,,het,Substantiv,,direct,4195,26.86
2474,weint,huilen,blèren; wenen,,Verb,weinen,lemma,4193,26.85
2475,vernichten,vernietigen,,,Verb,,direct,4192,26.84
2476,rock,rok,rock; jas; colbert,de,Substantiv,,direct,4190,26.83
2477,chicago,Chicago,,,Substantiv,,direct,4189,26.82
2478,ellen,,,,,,none,4189,26.82
2479,crew,bemanning,,de,Substantiv,,direct,4184,26.79
2480,roy,,,,,,none,4181,26.77
2481,türen,deur,,,Substantiv,Tür,lemma,4179,26.76
2482,gewehr,geweer,,,Substantiv,,direct,4179,26.76
2483,elena,Helena,,,Substantiv,,direct,4177,26.75
2484,arbeitete,werken,arbeiden,,Verb,arbeiten,lemma,4174,26.73
2485,spiegel,spiegel,,de,Substantiv,,direct,4172,26.71
2486,hauen,slaan,,,Verb,,direct,4171,26.71
2487,geraten,lukken,,,Verb,,direct,4168,26.69
2488,dritten,derde,,,Substantiv,dritter,lemma,4167,26.68
2489,ross,paard,,de,Substantiv,,direct,4166,26.68
2490,julie,,,,,,none,4163,26.66
2491,wetter,weer,,de,Substantiv,,direct,4160,26.64
2492,schwul,homo,,,Adjektiv,,direct,4159,26.63
2493,regel,regel,,de,Substantiv,,direct,4158,26.62
2494,befindet,zich bevinden,,,Verb,befinden,lemma,4156,26.61
2495,einheit,eenheid,,de,Substantiv,,direct,4151,26.58
2496,german,germaan,,,Substantiv,,direct,4151,26.58
2497,armer,arm,,de,Substantiv,arm,lemma,4149,26.57
2498,gucken,kijken,,,Verb,,direct,4149,26.57
2499,anstatt,in plaats van,,,Präposition,,direct,4149,26.57
2500,champagner,champagne,,,Substantiv,,direct,4146,26.55
2501,gründe,stichten,beginnen; oprichten; starten,,Verb,gründen,lemma,4146,26.55
2502,strafe,straf,boete; geldboete; geldstraf,,Substantiv,,direct,4145,26.54
2503,smith,,,,,,none,4144,26.54
2504,öfter,vaker,,,,,direct,4140,26.51
2505,anne,Anna,,,Substantiv,,direct,4140,26.51
2506,zelle,cel,,,Substantiv,,direct,4139,26.50
2507,langen,vangen,,,Verb,,direct,4136,26.48
2508,altes,oud,,,Adjektiv,alt,lemma,4133,26.46
2509,ruiniert,,,,,,none,4133,26.46
2510,jonathan,,,,,,none,4132,26.46
2511,kleidung,kleding,kleren,de,Substantiv,,direct,4131,26.45
2512,gras,gras,,het,Substantiv,,direct,4130,26.45
2513,kenn,,,,,,none,4130,26.45
2514,agenten,agent,,,Substantiv,Agent,lemma,4126,26.42
2515,herausgefunden,doorhebben,,,Verb,herausfinden,lemma,4126,26.42
2516,annie,,,,,,none,4126,26.42
2517,rechten,ruziemaken,,,Verb,,direct,4125,26.41
2518,brot,brood,,het,Substantiv,,direct,4124,26.41
2519,berlin,Berlijn,,het,Substantiv,,direct,4123,26.40
2520,erfreut,verrukt,,,Adjektiv,,direct,4122,26.39
2521,lügt,liegen,,,Verb,lügen,lemma,4122,26.39
2522,nehm,nemen,pakken; benemen; gebruiken,,Verb,nehmen,lemma,4120,26.38
2523,harte,stug,hard,,Adjektiv,hart,lemma,4119,26.38
2524,staaten,staat,,de,Substantiv,Staat,lemma,4114,26.34
2525,station,station,,,Substantiv,,direct,4113,26.34
2526,gaben,geven,zijn; verstrekken; bestaan,,Verb,geben,lemma,4110,26.32
2527,hinterher,achterna,,,Adverb,,direct,4110,26.32
2528,verpassen,missen,,,Verb,,direct,4105,26.29
2529,geholt,halen,,,Verb,holen,lemma,4105,26.29
2530,jesse,,,,,,none,4103,26.27
2531,hemd,overhemd,hemd; shirt,,Substantiv,,direct,4099,26.25
2532,trinke,drinken,,,Verb,trinken,lemma,4096,26.23
2533,klären,klaren,,,Verb,,direct,4096,26.23
2534,praktisch,praktisch,handig; praktizerend,,Adjektiv,,direct,4095,26.22
2535,theorie,theorie,,de,Substantiv,,direct,4094,26.22
2536,zunge,tong,,,Substantiv,,direct,4093,26.21
2537,notfall,noodgeval,,,Substantiv,,direct,4092,26.20
2538,besseren,goed,,,Adjektiv,gut,lemma,4092,26.20
2539,winter,winter,,de,Substantiv,,direct,4091,26.20
2540,versuchst,proberen,,,Verb,versuchen,lemma,4089,26.18
2541,dahinter,achter,,,Lokaladverb,,direct,4083,26.14
2542,schwere,zwaarheid,,de,Substantiv,,direct,4082,26.14
2543,feuern,afgaan,,,Verb,,direct,4082,26.14
2544,lucy,,,,,,none,4076,26.10
2545,schießt,schieten,,,Verb,schießen,lemma,4076,26.10
2546,anführer,voorman,,,Substantiv,,direct,4075,26.09
2547,schief,scheef,schuin,,Adjektiv,,direct,4075,26.09
2548,blau,blauw,,,Adjektiv,,direct,4067,26.04
2549,bestens,compleet,,,Adverb,,direct,4065,26.03
2550,wartest,wachten,onderhouden; verzorgen,,Verb,warten,lemma,4065,26.03
2551,gehts,,,,,,none,4057,25.98
2552,morgan,,,,,,none,4057,25.98
2553,unrecht,onrecht,,,Substantiv,,direct,4053,25.95
2554,leck,lek,,,Substantiv,,direct,4052,25.95
2555,wonach,aldus,,,Adverb,,direct,4052,25.95
2556,entwickelt,,,,,,none,4052,25.95
2557,bedeutung,betekenis,belang,de,Substantiv,,direct,4047,25.91
2558,strom,stroom,,de,Substantiv,,direct,4034,25.83
2559,krebs,kanker,kreeft; Kreeft,de,Substantiv,,direct,4033,25.82
2560,gemein,gemeen,,,Adjektiv,,direct,4029,25.80
2561,wessen,wiens,,,Pronomen,,direct,4029,25.80
2562,minister,minister,,de,Substantiv,,direct,4024,25.77
2563,lhnen,,,,,,none,4021,25.75
2564,quelle,bron,wel,,Substantiv,,direct,4019,25.73
2565,zahl,getal,aantal,,Substantiv,,direct,4019,25.73
2566,schiffe,in overvloed aanwezig zijn,,,Verb,schiffen,lemma,4018,25.73
2567,schüsse,inslag,schot,de,Substantiv,Schuss,lemma,4017,25.72
2568,bricht,breken,braken; overgeven; verbreken,,Verb,brechen,lemma,4013,25.70
2569,talent,talent,,,Substantiv,,direct,4012,25.69
2570,spitze,kant,punt; top; spits,de,Substantiv,,direct,4009,25.67
2571,fernseher,televisiekijker,,,Substantiv,,direct,4008,25.66
2572,treiben,stuwen,,,Verb,,direct,4006,25.65
2573,ausgezeichnet,schitterend,,,Adjektiv,,direct,4006,25.65
2574,tatort,plaats delict,plaats van het misdrijf,,Substantiv,,direct,4002,25.63
2575,möglichkeiten,mogelijkheid,,de,Substantiv,Möglichkeit,lemma,4001,25.62
2576,trinkt,drinken,,,Verb,trinken,lemma,3999,25.61
2577,esse,smeltoven,,,Substantiv,,direct,3986,25.52
2578,cop,,,,,,none,3985,25.52
2579,details,detail,,,Substantiv,Detail,lemma,3984,25.51
2580,täter,dader,,,Substantiv,,direct,3984,25.51
2581,wahren,bewaren,behouden,,Verb,,direct,3979,25.48
2582,dieb,dief,dievegge,de,Substantiv,,direct,3979,25.48
2583,offiziell,officieel,,,Adjektiv,,direct,3977,25.47
2584,dienen,dienen,,,Verb,,direct,3976,25.46
2585,westen,westen,west,,Substantiv,,direct,3975,25.45
2586,entscheidungen,besluit,arbitrage; beslissing,,Substantiv,Entscheidung,lemma,3975,25.45
2587,dauernd,aanhoudend,,,Adjektiv,,direct,3971,25.43
2588,geschmack,smaak,,de,Substantiv,,direct,3971,25.43
2589,gegenseitig,wederzijds,over en weer,,Adjektiv,,direct,3971,25.43
2590,gewählt,kiezen,verkiezen,,Verb,wählen,lemma,3961,25.36
2591,charlotte,Charlotte,,,Substantiv,,direct,3960,25.36
2592,pech,pek,pech; tegenslag,,Substantiv,,direct,3957,25.34
2593,verteidigen,verdedigen,,,Verb,,direct,3956,25.33
2594,schauspieler,acteur,,de,Substantiv,,direct,3955,25.33
2595,personen,persoon,,de,Substantiv,Person,lemma,3954,25.32
2596,überlassen,overlaten,,,Verb,,direct,3952,25.31
2597,publikum,publiek,,,Substantiv,,direct,3951,25.30
2598,trägst,dragen,,,Verb,tragen,lemma,3947,25.27
2599,wechseln,vervangen,,,Verb,,direct,3945,25.26
2600,begegnet,,,,,,none,3944,25.25
2601,betrogen,bedriegen,frauderen; bedotten; besjoemelen,,Verb,betrügen,lemma,3943,25.25
2602,besucht,,,,,,none,3941,25.24
2603,vertrau,vertrouwen,,,Substantiv,vertrauen,lemma,3938,25.22
2604,europa,Europa,,het,Substantiv,,direct,3937,25.21
2605,carrie,,,,,,none,3936,25.20
2606,patrick,Patrick,,,Substantiv,,direct,3936,25.20
2607,deutschland,Duitsland,,het,Substantiv,,direct,3935,25.20
2608,süßer,schatje,,,,,direct,3933,25.18
2609,loswerden,afkomen van,,,Verb,,direct,3929,25.16
2610,melde,melde,,,Substantiv,,direct,3928,25.15
2611,maggie,,,,,,none,3926,25.14
2612,bestätigt,,,,,,none,3925,25.13
2613,gas,gas,gaspedaal,het,Substantiv,,direct,3921,25.11
2614,sturm,storm,onweer,de,Substantiv,,direct,3919,25.09
2615,setze,zetten,zitten; neerzitten,,Verb,setzen,lemma,3918,25.09
2616,briefe,brief,,de,Substantiv,Brief,lemma,3917,25.08
2617,null,nul,,,Numerale,,direct,3912,25.05
2618,penny,penny,,,Substantiv,,direct,3912,25.05
2619,schlafe,slapen,overnachten,,Verb,schlafen,lemma,3910,25.04
2620,wirken,werken,,,Verb,,direct,3908,25.02
2621,geführt,,,,,,none,3906,25.01
2622,starten,starten,,,Verb,,direct,3904,25.00
2623,götter,God,god,de,Substantiv,Gott,lemma,3904,25.00
2624,festhalten,vasthouden,vaststellen; arresteren; bijhouden,,Verb,,direct,3899,24.97
2625,geheim,geheim,,,Adjektiv,,direct,3899,24.97
2626,übergeben,overhandigen,,,Verb,,direct,3897,24.95
2627,cia,,,,,,none,3896,24.95
2628,abteilung,afdeling,,de,Substantiv,,direct,3896,24.95
2629,papier,papier,document,,Substantiv,,direct,3894,24.93
2630,wetten,wedden,gokken,,Verb,,direct,3894,24.93
2631,gefolgt,,,,,,none,3889,24.90
2632,verschiedene,verschillend,ongelijk; anders,,Adjektiv,verschieden,lemma,3887,24.89
2633,gleichzeitig,gelijktijdig,,,Adjektiv,,direct,3886,24.88
2634,genie,genie,,,Substantiv,,direct,3884,24.87
2635,hungrig,hongerig,,,Adjektiv,,direct,3881,24.85
2636,inspektor,inspecteur,,de,Substantiv,,direct,3879,24.84
2637,zwingen,dwingen,afdwingen,,Verb,,direct,3879,24.84
2638,atmet,ademen,ademhalen,,Verb,atmen,lemma,3878,24.83
2639,kuh,koe,,de,Substantiv,,direct,3877,24.83
2640,unterstützen,steunen,,,Verb,,direct,3877,24.83
2641,geworfen,werpen,,,Verb,werfen,lemma,3876,24.82
2642,verlor,verliezen,,,Verb,verlieren,lemma,3875,24.81
2643,süden,zuiden,zuid,,Substantiv,,direct,3873,24.80
2644,pater,vader,,de,Substantiv,,direct,3872,24.79
2645,menschheit,mensheid,mensdom,de,Substantiv,,direct,3870,24.78
2646,versteck,schuilplaats,,,Substantiv,,direct,3867,24.76
2647,tötete,doden,,,Verb,töten,lemma,3866,24.76
2648,fähigkeiten,bekwaamheid,competentie,de,Substantiv,Fähigkeit,lemma,3864,24.74
2649,beruhigt,,,,,,none,3863,24.74
2650,rechtzeitig,doelmatig,,,Adjektiv,,direct,3863,24.74
2651,streng,strikt,,,Adjektiv,,direct,3860,24.72
2652,sendung,uitzending,,de,Substantiv,,direct,3857,24.70
2653,gelebt,leven,,,Substantiv,leben,lemma,3854,24.68
2654,treppe,trap,,de,Substantiv,,direct,3853,24.67
2655,kim,,,,,,none,3851,24.66
2656,richtiger,correct,juist,,Adjektiv,richtig,lemma,3850,24.65
2657,aufnehmen,opnemen,,,Verb,,direct,3849,24.65
2658,wolf,wolf,vleesmolen,de,Substantiv,,direct,3848,24.64
2659,pa,picoampère,,,Substantiv,,direct,3847,24.63
2660,öffnet,openen,,,Verb,öffnen,lemma,3847,24.63
2661,dämon,demon,demoon,,Substantiv,,direct,3846,24.63
2662,wut,razernij,,,Substantiv,,direct,3846,24.63
2663,schlange,slang,rij; serpent,,Substantiv,,direct,3841,24.60
2664,medikamente,medicatie,,de,Substantiv,Medikament,lemma,3837,24.57
2665,geschenkt,schenken,geven,,Verb,schenken,lemma,3836,24.56
2666,nenn,,,,,,none,3833,24.54
2667,gelegt,leggen,plaatsen,,Verb,legen,lemma,3829,24.52
2668,anfassen,aanraken,,,Verb,,direct,3829,24.52
2669,pizza,pizza,,de,Substantiv,,direct,3829,24.52
2670,schlechtes,slecht,kwaad; zwak; rotten,,Adjektiv,schlecht,lemma,3828,24.51
2671,hütte,hut,krot,,Substantiv,,direct,3825,24.49
2672,mantel,jas,mantel,de,Substantiv,,direct,3823,24.48
2673,behauptet,,,,,,none,3822,24.47
2674,kilometer,kilometer,,de,Substantiv,,direct,3822,24.47
2675,beeilung,,,,,,none,3818,24.45
2676,angeblich,vermeend,,,Adjektiv,,direct,3816,24.43
2677,reiten,rijden,paardrijden,,Verb,,direct,3811,24.40
2678,helen,,,,,,none,3808,24.38
2679,mittag,middag,noen,de,Substantiv,,direct,3808,24.38
2680,gewarnt,waarschuwen,,,Verb,warnen,lemma,3805,24.36
2681,wohne,wonen,,,Verb,wohnen,lemma,3803,24.35
2682,las,lezen,oppikken,,Verb,lesen,lemma,3801,24.34
2683,dunkelheit,duisternis,,,Substantiv,,direct,3799,24.33
2684,spazieren,kuieren,wandelen,,Verb,,direct,3797,24.31
2685,angel,hengel,,de,Substantiv,,direct,3794,24.29
2686,hiermit,bij dezen,hierme,,Adverb,,direct,3792,24.28
2687,schließt,sluiten,,,Verb,schließen,lemma,3790,24.27
2688,phoebe,,,,,,none,3788,24.26
2689,vieles,veel,,,Adjektiv,viel,lemma,3785,24.24
2690,erfüllt,,,,,,none,3784,24.23
2691,tausend,duizend,,,Numerale,,direct,3783,24.22
2692,sack,zak,,de,Substantiv,,direct,3782,24.22
2693,eindeutig,ondubbelzinnig,eenduidig,,Adjektiv,,direct,3778,24.19
2694,unterhaltung,amusement,,,Substantiv,,direct,3777,24.19
2695,gründen,stichten,beginnen; oprichten; starten,,Verb,,direct,3776,24.18
2696,km,,,,,,none,3775,24.17
2697,zugeben,toegeven,,,Verb,,direct,3771,24.15
2698,mittel,middel,gemiddelde,,Substantiv,,direct,3770,24.14
2699,explosion,explosie,ontploffing,,Substantiv,,direct,3770,24.14
2700,gefangenen,,,,,,none,3766,24.11
2701,taylor,,,,,,none,3765,24.11
2702,frische,frisheid,groenheid,,Substantiv,,direct,3763,24.10
2703,verdächtigen,verdenken,,,Verb,,direct,3763,24.10
2704,neugierig,nieuwsgierig,,,Adjektiv,,direct,3761,24.08
2705,leitung,aansluiting,,de,Substantiv,,direct,3758,24.06
2706,kennenlernen,kennismaken,,,Verb,,direct,3754,24.04
2707,fliege,vlieg,vlinderdas; vlinderstrik,,Substantiv,,direct,3752,24.03
2708,lebte,leven,,,Substantiv,leben,lemma,3752,24.03
2709,menschliche,menselijk,,,Adjektiv,menschlich,lemma,3750,24.01
2710,anderem,ander,,,,ander,lemma,3749,24.01
2711,auseinander,apart,,,Adverb,,direct,3748,24.00
2712,fressen,vreten,,,Substantiv,,direct,3738,23.94
2713,beides,beide,,,,,direct,3737,23.93
2714,ficken,neuken,,,Verb,,direct,3736,23.92
2715,stoff,stof,,,Substantiv,,direct,3736,23.92
2716,spüre,aanvoelen,,,Verb,spüren,lemma,3731,23.89
2717,eilig,haastig,,,Adjektiv,,direct,3729,23.88
2718,stammt,afkomstig,,,Verb,stammen,lemma,3728,23.87
2719,vorgestellt,introduceren,voorstellen,,Verb,vorstellen,lemma,3727,23.87
2720,linda,,,,,,none,3726,23.86
2721,welch,,,,,,none,3725,23.85
2722,wichtiges,belangrijk,,,Adjektiv,wichtig,lemma,3722,23.83
2723,no,,,,,,none,3720,23.82
2724,gehörte,,,,,,none,3718,23.81
2725,mhm,,,,,,none,3717,23.80
2726,glaubte,geloven,,,Verb,glauben,lemma,3713,23.78
2727,oberst,kolonel,,,Substantiv,,direct,3712,23.77
2728,schrank,kast,,,Substantiv,,direct,3711,23.76
2729,fremde,buitenstaander,,de,Substantiv,,direct,3708,23.74
2730,gnade,genade,,,Substantiv,,direct,3705,23.72
2731,chloe,,,,,,none,3702,23.71
2732,yo,,,,,,none,3700,23.69
2733,entspannen,ontspannen,,,Verb,,direct,3697,23.67
2734,virus,virus,,,Substantiv,,direct,3693,23.65
2735,schläfst,slapen,overnachten,,Verb,schlafen,lemma,3690,23.63
2736,einladung,uitnodiging,,de,Substantiv,,direct,3687,23.61
2737,krieger,krijger,,,Substantiv,,direct,3674,23.53
2738,vernünftig,verstandig,,,Adjektiv,,direct,3673,23.52
2739,fein,uitstekend,,,Adjektiv,,direct,3672,23.51
2740,greifen,grijpen,,,Verb,,direct,3670,23.50
2741,whoa,,,,,,none,3670,23.50
2742,kyle,,,,,,none,3669,23.49
2743,schickte,sturen,,,Verb,schicken,lemma,3669,23.49
2744,per,per,,,Präposition,,direct,3668,23.49
2745,mitglied,lid,,,Substantiv,,direct,3667,23.48
2746,einziger,,,,,,none,3663,23.46
2747,umzubringen,doden,,,Verb,umbringen,lemma,3663,23.46
2748,zurückkehren,terugkomen,,,Verb,,direct,3663,23.46
2749,feld,veld,,,Substantiv,,direct,3661,23.44
2750,mexiko,Mexico,,,Substantiv,,direct,3660,23.44
2751,erschaffen,creëren,,,Verb,,direct,3658,23.42
2752,information,informatie,,de,Substantiv,,direct,3657,23.42
2753,hergekommen,klaarkomen,,,Verb,herkommen,lemma,3657,23.42
2754,beweg,bewegen,verplaatsen,,Verb,bewegen,lemma,3657,23.42
2755,stärke,zetmeel,kracht,het,Substantiv,,direct,3654,23.40
2756,vermögen,fortuin,,,Substantiv,,direct,3652,23.38
2757,verbracht,misdaad,misdrijf,,Substantiv,verbrechen,lemma,3652,23.38
2758,gewisse,natuurlijk,uiteraard; vanzelfsprekend,,Adjektiv,gewiss,lemma,3650,23.37
2759,waschen,wassen,,,Verb,,direct,3648,23.36
2760,howard,,,,,,none,3642,23.32
2761,staat,staat,,de,Substantiv,,direct,3642,23.32
2762,geister,,,,,,none,3641,23.31
2763,behaupten,beweren,,,Verb,,direct,3640,23.31
2764,schrei,schreeuw,kreet,,Substantiv,,direct,3636,23.28
2765,würdet,worden,zullen; gaan,,Verb,werden,lemma,3635,23.28
2766,vögel,batsen,,,Verb,vögeln,lemma,3634,23.27
2767,warnen,waarschuwen,,,Verb,,direct,3633,23.26
2768,albert,Elbert,Albert,,Substantiv,,direct,3632,23.26
2769,chancen,kans,gelegenheid,,Substantiv,Chance,lemma,3630,23.24
2770,treibt,stuwen,,,Verb,treiben,lemma,3629,23.24
2771,nannte,noemen,aanwijzen,,Verb,nennen,lemma,3628,23.23
2772,vermute,vermoeden,,,Verb,vermuten,lemma,3627,23.22
2773,mitternacht,middernacht,,de,Substantiv,,direct,3627,23.22
2774,jones,,,,,,none,3624,23.21
2775,freundinnen,vriendin,,de,Substantiv,Freundin,lemma,3622,23.19
2776,lecker,lekker,delicaat,,Adjektiv,,direct,3616,23.15
2777,klinik,kliniek,,,Substantiv,,direct,3615,23.15
2778,dicht,dicht,,,Adjektiv,,direct,3605,23.08
2779,befinden,zich bevinden,,,Verb,,direct,3597,23.03
2780,ließen,,,,,,none,3596,23.03
2781,bürger,burger,,de,Substantiv,,direct,3593,23.01
2782,verursacht,,,,,,none,3593,23.01
2783,hammer,hamer,,de,Substantiv,,direct,3590,22.99
2784,klang,geluid,,,Substantiv,,direct,3589,22.98
2785,internet,internet,,,Substantiv,,direct,3586,22.96
2786,aufregend,,,,,,none,3583,22.94
2787,grenzen,grenzen aan,,,Verb,,direct,3581,22.93
2788,politik,politiek,beleid,de,Substantiv,,direct,3580,22.92
2789,superman,superman,,,Substantiv,,direct,3577,22.90
2790,zurecht,,,,,,none,3574,22.89
2791,besitz,bezit,,,Substantiv,,direct,3573,22.88
2792,cops,,,,,,none,3570,22.86
2793,eingesperrt,aanhouden,,,Verb,einsperren,lemma,3567,22.84
2794,irren,vergissen,,,Verb,,direct,3566,22.83
2795,kommando,commando,bevel,,Substantiv,,direct,3566,22.83
2796,schlug,verslaan,slaan; kloppen; vechten,,Verb,schlagen,lemma,3566,22.83
2797,krankenwagen,ambulance,,,Substantiv,,direct,3562,22.81
2798,love,,,,,,none,3562,22.81
2799,öffne,openen,,,Verb,öffnen,lemma,3561,22.80
2800,karen,keteldal,cirque; kaar,,Substantiv,Kar,lemma,3561,22.80
2801,richten,richten,,,Verb,,direct,3561,22.80
2802,mademoiselle,juffrouw,,,Substantiv,,direct,3560,22.80
2803,erfunden,,,,,,none,3559,22.79
2804,schnee,sneeuw,,,Substantiv,,direct,3557,22.78
2805,fühl,voelen,,,Verb,fühlen,lemma,3549,22.73
2806,behalte,houden,,,Verb,behalten,lemma,3548,22.72
2807,beschützt,,,,,,none,3547,22.71
2808,punkte,richten,,,Verb,punkten,lemma,3546,22.71
2809,entfernen,verwijderen,,,Verb,,direct,3545,22.70
2810,abgehauen,opsodemieteren,,,Verb,abhauen,lemma,3545,22.70
2811,geträumt,dromen,,,Verb,träumen,lemma,3543,22.69
2812,stefan,Stefan,,,Substantiv,,direct,3543,22.69
2813,dämonen,demon,demoon,,Substantiv,Dämon,lemma,3540,22.67
2814,tränen,,,,,,none,3540,22.67
2815,erfolgreich,succesvol,geslaagd; succesrijk; voorspoedig,,Adjektiv,,direct,3537,22.65
2816,volle,vol,,,Adjektiv,voll,lemma,3535,22.64
2817,wilson,,,,,,none,3534,22.63
2818,caroline,,,,,,none,3534,22.63
2819,höher,hoog,omhoog,,Adjektiv,hoch,lemma,3531,22.61
2820,happy,happy,,,Adjektiv,,direct,3529,22.60
2821,brille,bril,,de,Substantiv,,direct,3523,22.56
2822,musstest,,,,,,none,3522,22.55
2823,heimat,plaats van herkomst,,,Substantiv,,direct,3517,22.52
2824,terry,,,,,,none,3517,22.52
2825,liebsten,,,,,,none,3517,22.52
2826,bye,,,,,,none,3517,22.52
2827,leiter,ladder,geleider; bestuurder; leider,de,Substantiv,,direct,3514,22.50
2828,sean,,,,,,none,3513,22.49
2829,kauf,koop,,de,Substantiv,,direct,3512,22.49
2830,spinnst,spinnen,,,Verb,spinnen,lemma,3511,22.48
2831,werk,werk,fabriek; bedrijf; mechanisme,,Substantiv,,direct,3511,22.48
2832,cent,cent,,de,Substantiv,,direct,3507,22.46
2833,schlacht,slag,strijd,de,Substantiv,,direct,3507,22.46
2834,beziehungen,relatie,betrekking; verkering,de,Substantiv,Beziehung,lemma,3507,22.46
2835,abgemacht,oké,,,Adjektiv,,direct,3506,22.45
2836,schreie,schreeuwen,roepen,,Verb,schreien,lemma,3506,22.45
2837,hmm,,,,,,none,3505,22.44
2838,bestätigen,bevestigen,,,Verb,,direct,3503,22.43
2839,erschreckt,,,,,,none,3503,22.43
2840,offizier,officier,,,Substantiv,,direct,3502,22.42
2841,that,,,,,,none,3501,22.42
2842,sara,Sara,,,Substantiv,,direct,3498,22.40
2843,affäre,affaire,,,Substantiv,,direct,3496,22.39
2844,empfangen,ontvangen,,,Verb,,direct,3495,22.38
2845,zweck,doel,,,Substantiv,,direct,3494,22.37
2846,kämpfe,strijden,,,Verb,kämpfen,lemma,3493,22.37
2847,ergeben,voortbrengen,,,Verb,,direct,3491,22.35
2848,china,China,,,Substantiv,,direct,3489,22.34
2849,fange,tikkertje,krijgertje; pakkertje,,Substantiv,fangen,lemma,3487,22.33
2850,häuser,huis,kamer; jongen,het,Substantiv,Haus,lemma,3487,22.33
2851,verliere,verliezen,,,Verb,verlieren,lemma,3487,22.33
2852,gedanke,gedachte,idee,,Substantiv,,direct,3487,22.33
2853,tausende,duizend,,,Numerale,tausend,lemma,3487,22.33
2854,heutzutage,tegenwoordig,,,Adverb,,direct,3486,22.32
2855,gefühlt,,,,,,none,3484,22.31
2856,schnitt,coupe,haarsnit,,Substantiv,,direct,3482,22.30
2857,carlos,,,,,,none,3480,22.28
2858,harold,,,,,,none,3479,22.28
2859,lebend,levend,,,Adjektiv,,direct,3479,22.28
2860,real,reëel,,,Adjektiv,,direct,3478,22.27
2861,holz,hout,,,Substantiv,,direct,3477,22.26
2862,kaiser,keizer,tsaar,de,Substantiv,,direct,3476,22.26
2863,spielte,spelen,meespelen,,Verb,spielen,lemma,3475,22.25
2864,begonnen,,,,,,none,3471,22.23
2865,ziehst,trekken,,,Verb,ziehen,lemma,3471,22.23
2866,gelandet,landen,,,Verb,landen,lemma,3469,22.21
2867,scheidung,echtscheiding,,de,Substantiv,,direct,3468,22.21
2868,bart,baard,,de,Substantiv,,direct,3467,22.20
2869,beschlossen,,,,,,none,3467,22.20
2870,klo,plee,toilet; WC,de,Substantiv,,direct,3465,22.19
2871,riechen,ruiken,,,Verb,,direct,3465,22.19
2872,vergisst,vergeten,,,Verb,vergessen,lemma,3463,22.17
2873,begeistert,enthousiast,,,Adjektiv,,direct,3462,22.17
2874,ei,ei,,het,Substantiv,,direct,3459,22.15
2875,durchs,,,,,,none,3458,22.14
2876,geil,hitsig,,,Adjektiv,,direct,3454,22.12
2877,nieder,beneden,,,Lokaladverb,,direct,3453,22.11
2878,erkläre,uitleggen,uit de doeken doen,,Verb,erklären,lemma,3450,22.09
2879,schreckliche,verschrikkelijk,schrikkelig,,Adjektiv,schrecklich,lemma,3448,22.08
2880,beeindruckt,,,,,,none,3443,22.05
2881,vince,,,,,,none,3441,22.03
2882,aufgegeben,,,,,,none,3441,22.03
2883,aufgrund,op grond van,,,Präposition,,direct,3440,22.03
2884,momentan,"momenteel, op dit moment",,,Adjektiv,,direct,3439,22.02
2885,solch,zodanig,zulk,,Demonstrativpronomen,,direct,3439,22.02
2886,meistens,meestal,veelal,,Adverb,,direct,3437,22.01
2887,stress,stress,,,Substantiv,,direct,3436,22.00
2888,sterne,ster,sterretje; asterisk,de,Substantiv,Stern,lemma,3433,21.98
2889,heilen,helen,genezen,,Verb,,direct,3433,21.98
2890,soviel,aan,,,Subjunktion,,direct,3425,21.93
2891,kannten,kennen,,,Verb,kennen,lemma,3424,21.92
2892,stattdessen,in plaats daarvan,,,Adverb,,direct,3421,21.91
2893,aye,,,,,,none,3421,21.91
2894,dinger,ding,iets; voorval,,Substantiv,Ding,lemma,3420,21.90
2895,stimmung,stemming,humeur,de,Substantiv,,direct,3416,21.87
2896,bulle,bul,smeris,,Substantiv,,direct,3413,21.85
2897,aufgefallen,,,,,,none,3413,21.85
2898,kämpft,strijden,,,Verb,kämpfen,lemma,3412,21.85
2899,geräusch,lawaai,,,Substantiv,,direct,3410,21.84
2900,künstler,kunstenaar,artiest,de,Substantiv,,direct,3406,21.81
2901,wachsen,groeien,wassen,,Verb,,direct,3405,21.80
2902,verurteilt,veroordeeld,,,Adjektiv,,direct,3404,21.80
2903,himmels,hemel,lucht,de,Substantiv,Himmel,lemma,3403,21.79
2904,tyler,,,,,,none,3403,21.79
2905,urteil,berechting,vonnis,,Substantiv,,direct,3402,21.78
2906,schweine,zwijn,varken,,Substantiv,Schwein,lemma,3400,21.77
2907,nettes,aangenaam,,,Adjektiv,nett,lemma,3399,21.76
2908,house,behuizen,,,Substantiv,,direct,3396,21.75
2909,verlust,verlies,,,Substantiv,,direct,3396,21.75
2910,verließ,verlaten,weggaan,,Verb,verlassen,lemma,3396,21.75
2911,wirf,werpen,,,Verb,werfen,lemma,3395,21.74
2912,wenige,enkel,,,,,direct,3392,21.72
2913,willie,,,,,,none,3392,21.72
2914,schulter,schouder,,de,Substantiv,,direct,3392,21.72
2915,kalifornien,Californië,,,Substantiv,,direct,3392,21.72
2916,lernt,leren,,,Verb,lernen,lemma,3391,21.71
2917,beigebracht,,,,,,none,3390,21.71
2918,normale,loodlijn,,de,Substantiv,,direct,3389,21.70
2919,anbieten,aanbieden,voorstellen,,Verb,,direct,3388,21.69
2920,verwenden,gebruiken,,,Verb,,direct,3387,21.69
2921,gratuliere,feliciteren,,,Verb,gratulieren,lemma,3386,21.68
2922,fluch,vloek,,,Substantiv,,direct,3386,21.68
2923,rick,,,,,,none,3385,21.68
2924,übers,,,,,,none,3384,21.67
2925,grün,groen,,,Adjektiv,,direct,3383,21.66
2926,unterricht,onderwijs,onderricht,,Substantiv,,direct,3383,21.66
2927,dachtest,,,,,,none,3381,21.65
2928,verarschen,verschalken,,,Verb,,direct,3380,21.64
2929,gewöhnt,,,,,,none,3378,21.63
2930,anklage,beschuldiging,,de,Substantiv,,direct,3375,21.61
2931,tollen,bokkesprongen maken,,,Verb,,direct,3372,21.59
2932,lippen,lip,,,Substantiv,Lippe,lemma,3371,21.59
2933,fett,vet,smeer,,Substantiv,,direct,3369,21.57
2934,lege,leggen,plaatsen,,Verb,legen,lemma,3365,21.55
2935,feigling,lafaard,,,Substantiv,,direct,3363,21.53
2936,achten,toezien,,,Verb,,direct,3363,21.53
2937,gary,,,,,,none,3363,21.53
2938,erfährt,ervaren,,,Adjektiv,erfahren,lemma,3362,21.53
2939,gewohnt,gewoon,,,Adjektiv,,direct,3361,21.52
2940,jessica,,,,,,none,3359,21.51
2941,äußerst,extreem,,,Adverb,,direct,3357,21.50
2942,einladen,uitnodigen,inviteren,,Verb,,direct,3356,21.49
2943,käse,kaas,,de,Substantiv,,direct,3356,21.49
2944,aufwachen,ontwaken,,,Verb,,direct,3355,21.48
2945,verfügung,beschikking,,de,Substantiv,,direct,3354,21.48
2946,uniform,uniform,tenue,,Substantiv,,direct,3351,21.46
2947,zusehen,toezien,,,Verb,,direct,3350,21.45
2948,gesundheit,gezondheid,welzijn,,Substantiv,,direct,3349,21.44
2949,abenteuer,avontuur,,,Substantiv,,direct,3348,21.44
2950,hosen,broek,pantalon,,Substantiv,Hose,lemma,3345,21.42
2951,kurze,kort,kortstondig,,Adjektiv,kurz,lemma,3343,21.41
2952,scheck,cheque,,de,Substantiv,,direct,3343,21.41
2953,täglich,dagelijks,,,Adjektiv,,direct,3340,21.39
2954,fresse,smoel,,de,Substantiv,,direct,3339,21.38
2955,übernehme,overnemen,,,Verb,übernehmen,lemma,3336,21.36
2956,wiederholen,herhalen,,,Verb,,direct,3335,21.35
2957,bestellen,bestellen,,,Verb,,direct,3334,21.35
2958,freiwillig,vrijwillig,,,Adjektiv,,direct,3334,21.35
2959,cole,,,,,,none,3333,21.34
2960,universum,universum,heelal,,Substantiv,,direct,3332,21.34
2961,zeuge,getuige,,,Substantiv,,direct,3332,21.34
2962,west,west,,de,Substantiv,,direct,3329,21.32
2963,marshall,,,,,,none,3329,21.32
2964,fähig,bekwaam,,,Adjektiv,,direct,3328,21.31
2965,revier,revier,,,Substantiv,,direct,3323,21.28
2966,reifen,band,wielband,de,Substantiv,,direct,3322,21.27
2967,mum,,,,,,none,3322,21.27
2968,führe,leiden,,,Substantiv,,direct,3320,21.26
2969,durchgemacht,ondergaan,,,Verb,durchmachen,lemma,3319,21.25
2970,tests,test,,de,Substantiv,Test,lemma,3317,21.24
2971,führte,leiden,,,Verb,führen,lemma,3316,21.23
2972,schenken,schenken,geven,,Verb,,direct,3316,21.23
2973,schädel,schedel,,,Substantiv,,direct,3315,21.23
2974,realität,werkelijkheid,,,Substantiv,,direct,3315,21.23
2975,april,april,grasmaand; paasmaand; eiermaand,de,Substantiv,,direct,3315,21.23
2976,albern,dom,onnozel; kinderachtig,,Adjektiv,,direct,3315,21.23
2977,brav,braaf,,,Adjektiv,,direct,3314,21.22
2978,schwerer,zwaar,moeilijk,,Adjektiv,schwer,lemma,3313,21.21
2979,jagd,jacht,,,Substantiv,,direct,3312,21.21
2980,versagt,,,,,,none,3312,21.21
2981,truck,truck,,,Substantiv,,direct,3310,21.19
2982,steckst,baar,,,Substantiv,stecken,lemma,3309,21.19
2983,geschenke,geschenk,cadeau; gift,,Substantiv,Geschenk,lemma,3307,21.18
2984,sicherlich,vast,,,Adverb,,direct,3307,21.18
2985,öffentlichkeit,openbaarheid,,,Substantiv,,direct,3306,21.17
2986,merkt,onthouden,bemerken; merken,,Verb,merken,lemma,3305,21.16
2987,verbrecher,crimineel,,de,Substantiv,,direct,3304,21.16
2988,maske,masker,,,Substantiv,,direct,3304,21.16
2989,verstärkung,versterking,,,Substantiv,,direct,3303,21.15
2990,liefern,opleveren,verstrekken,,Verb,,direct,3300,21.13
2991,jo,,,,,,none,3296,21.11
2992,starke,sterk,krachtig,,Adjektiv,stark,lemma,3294,21.09
2993,grunde,grond,reden,de,Substantiv,Grund,lemma,3294,21.09
2994,gordon,,,,,,none,3294,21.09
2995,würd,,,,,,none,3293,21.09
2996,verschwand,verdwijnen,opsodemieteren,,Verb,verschwinden,lemma,3293,21.09
2997,schulde,schulden,,,Substantiv,schulden,lemma,3292,21.08
2998,russen,Rus,,de,Substantiv,Russe,lemma,3290,21.07
2999,führer,leider,gids; leidsman,de,Substantiv,,direct,3288,21.05
3000,gemerkt,onthouden,bemerken; merken,,Verb,merken,lemma,3288,21.05
3001,ciao,begroeting,,,Interjektion,,direct,3287,21.05
3002,loslassen,loslaten,,,Verb,,direct,3283,21.02
3003,berichten,berichten,,,Verb,,direct,3283,21.02
3004,verabschieden,adopteren,afscheid nemen; aanvaarden; goedkeuren,,Verb,,direct,3283,21.02
3005,antrag,aanvraag,,de,Substantiv,,direct,3283,21.02
3006,schieß,schieten,,,Verb,schießen,lemma,3282,21.02
3007,abby,,,,,,none,3278,20.99
3008,benehmen,gedragen,,,Verb,,direct,3276,20.98
3009,verdacht,verdenking,,,Substantiv,,direct,3273,20.96
3010,hübsches,mooi,,,Adjektiv,hübsch,lemma,3272,20.95
3011,schreibtisch,schrijftafel,bureau,,Substantiv,,direct,3272,20.95
3012,vampir,vampier,,,Substantiv,,direct,3270,20.94
3013,rory,,,,,,none,3269,20.93
3014,probe,repetitie,,,Substantiv,,direct,3268,20.93
3015,schaff,slagen,scheppfen,,Verb,schaffen,lemma,3267,20.92
3016,verzeih,vergeven,,,Verb,verzeihen,lemma,3265,20.91
3017,patient,patiënt,,,Substantiv,,direct,3263,20.89
3018,geküsst,kussen,zoenen,,Verb,küssen,lemma,3260,20.87
3019,ertönt,opklinken,,,Verb,ertönen,lemma,3257,20.86
3020,nahmen,nemen,pakken; benemen; gebruiken,,Verb,nehmen,lemma,3254,20.84
3021,zahlt,betalen,,,Verb,zahlen,lemma,3253,20.83
3022,vorbereiten,voorbereiden,,,Verb,,direct,3253,20.83
3023,verbrannt,verbrand,,,Adjektiv,,direct,3252,20.82
3024,verdammtes,doemen,verdomd,,Adjektiv,verdammt,lemma,3250,20.81
3025,frankie,,,,,,none,3245,20.78
3026,informiert,,,,,,none,3242,20.76
3027,einziges,,,,,,none,3242,20.76
3028,zucker,suiker,suikerziekte; bloedsuikerspiegel,de,Substantiv,,direct,3241,20.75
3029,stinkt,stinken,,,Verb,stinken,lemma,3238,20.73
3030,schnappt,pakken,,,Verb,schnappen,lemma,3238,20.73
3031,schreib,schrijven,,,Verb,schreiben,lemma,3237,20.73
3032,standen,staan,,,Verb,stehen,lemma,3236,20.72
3033,klamotten,rag,,,Substantiv,Klamotte,lemma,3235,20.71
3034,heil,gaaf,heel; ongeschonden,,Adjektiv,,direct,3233,20.70
3035,besitzer,bezitter,,de,Substantiv,,direct,3230,20.68
3036,marcus,Evangelie naar Marcus,,,Substantiv,,direct,3230,20.68
3037,tess,,,,,,none,3229,20.68
3038,drum,bijgevolg,,,Adverb,,direct,3228,20.67
3039,tasse,kopje,bak; beker; tas,,Substantiv,,direct,3227,20.66
3040,hinweis,aanwijzing,indicatie; teken,de,Substantiv,,direct,3227,20.66
3041,verteidigung,verdediging,,,Substantiv,,direct,3225,20.65
3042,lügst,liegen,,,Verb,lügen,lemma,3224,20.64
3043,lies,lezen,oppikken,,Verb,lesen,lemma,3223,20.64
3044,magen,maag,,de,Substantiv,,direct,3223,20.64
3045,enterprise,,,,,,none,3219,20.61
3046,michelle,,,,,,none,3217,20.60
3047,beeilt,,,,,,none,3215,20.59
3048,tunnel,tunnel,,de,Substantiv,,direct,3212,20.57
3049,einst,eenmaal,,,Adverb,,direct,3210,20.55
3050,behandlung,behandeling,,de,Substantiv,,direct,3208,20.54
3051,serie,reeks,,,Substantiv,,direct,3204,20.52
3052,applaus,applaus,,de,Substantiv,,direct,3204,20.52
3053,markt,markt,afzetmarkt,,Substantiv,,direct,3204,20.52
3054,korrekt,correct,,,Adjektiv,,direct,3203,20.51
3055,besessen,bezeten,,,,,direct,3201,20.50
3056,bewahren,bewaren,,,Verb,,direct,3201,20.50
3057,pack,zop van waigeluuzn,,,Substantiv,,direct,3199,20.48
3058,gekämpft,strijden,,,Verb,kämpfen,lemma,3197,20.47
3059,black,,,,,,none,3195,20.46
3060,angreifen,aanvallen,,,Verb,,direct,3193,20.45
3061,tiefer,diep,,,Adjektiv,tief,lemma,3192,20.44
3062,huh,,,,,,none,3190,20.43
3063,truppen,ploeg,,,Substantiv,Truppe,lemma,3190,20.43
3064,kommandant,majoor,,,Substantiv,,direct,3186,20.40
3065,osten,oost,oosten,de,Substantiv,,direct,3186,20.40
3066,elf,elf,,,Numerale,,direct,3186,20.40
3067,beeindruckend,impressionant,,,Adjektiv,,direct,3184,20.39
3068,besitzt,bezitten,,,Verb,besitzen,lemma,3183,20.38
3069,ho,,,,,,none,3183,20.38
3070,heut,,,,,,none,3182,20.38
3071,clever,kundigheid,,,Adjektiv,,direct,3182,20.38
3072,verrückten,,,,,,none,3180,20.36
3073,freien,huwen,,,Verb,,direct,3180,20.36
3074,hass,haat,,de,Substantiv,,direct,3179,20.36
3075,antworte,antwoorden,beantwoorden,,Verb,antworten,lemma,3177,20.34
3076,posten,post,,de,Substantiv,,direct,3176,20.34
3077,schneiden,snijden,,,Verb,,direct,3176,20.34
3078,sammeln,verzamelen,collecteren; inzamelen; opdoen,,Verb,,direct,3169,20.29
3079,gesteckt,baar,,,Substantiv,stecken,lemma,3166,20.27
3080,wissenschaft,wetenschap,,,Substantiv,,direct,3165,20.27
3081,ursache,oorzaak,aanleiding,de,Substantiv,,direct,3162,20.25
3082,gewiss,natuurlijk,uiteraard; vanzelfsprekend,,Adjektiv,,direct,3160,20.23
3083,bereich,vakgebied,ring,,Substantiv,,direct,3158,20.22
3084,catherine,,,,,,none,3158,20.22
3085,meinetwegen,,,,,,none,3156,20.21
3086,senator,senator,,,Substantiv,,direct,3154,20.20
3087,ausziehen,uitkleden,uittrekken; vertrekken,,Verb,,direct,3153,20.19
3088,verzweifelt,desperaat,,,Adjektiv,,direct,3149,20.16
3089,jess,,,,,,none,3148,20.16
3090,anteil,aandeel,,,Substantiv,,direct,3146,20.14
3091,stets,steeds,altijd,,Adverb,,direct,3145,20.14
3092,ritter,ridder,,de,Substantiv,,direct,3145,20.14
3093,viertel,kwart,wijk; buurt,,Substantiv,,direct,3143,20.13
3094,roman,roman,,de,Substantiv,,direct,3142,20.12
3095,pünktlich,stipt,punctueel,,Adjektiv,,direct,3137,20.09
3096,erfüllen,vervullen,,,Verb,,direct,3135,20.07
3097,kauft,kopen,aanschaffen,,Verb,kaufen,lemma,3135,20.07
3098,molly,,,,,,none,3134,20.07
3099,basis,basis,,de,Substantiv,,direct,3131,20.05
3100,eva,Eva,,,Substantiv,,direct,3130,20.04
3101,schock,schok,,,Substantiv,,direct,3128,20.03
3102,empfang,receptie,ontvangst,,Substantiv,,direct,3128,20.03
3103,wiederhole,herhalen,,,Verb,wiederholen,lemma,3127,20.02
3104,wünscht,wensen,,,Verb,wünschen,lemma,3125,20.01
3105,besondere,speciaal,,,Adjektiv,,direct,3125,20.01
3106,titel,titel,,de,Substantiv,,direct,3124,20.00
3107,stil,stijl,,,Substantiv,,direct,3124,20.00
3108,fingerabdrücke,vingerafdruk,,,Substantiv,Fingerabdruck,lemma,3121,19.98
3109,einfluss,invloed,,de,Substantiv,,direct,3121,19.98
3110,anweisungen,aanwijzing,instructie; toewijzing; handleiding,de,Substantiv,Anweisung,lemma,3121,19.98
3111,zahle,betalen,,,Verb,zahlen,lemma,3120,19.98
3112,shield,,,,,,none,3119,19.97
3113,opfern,offeren,,,Verb,,direct,3113,19.93
3114,blaue,blauw,,,Adjektiv,blau,lemma,3112,19.93
3115,sparen,sparen,besparen,,Verb,,direct,3111,19.92
3116,weiteres,wijd,,,Adjektiv,weit,lemma,3111,19.92
3117,gehörst,toebehoren,behoren; zich behoren,,Verb,gehören,lemma,3109,19.91
3118,farm,boerderij,,de,Substantiv,,direct,3108,19.90
3119,erstaunlich,verbluffend,,,Adjektiv,,direct,3108,19.90
3120,schwachsinn,kletspraat,onzin,,Substantiv,,direct,3106,19.89
3121,miete,huur,huurprijs; huursom; kuil,,Substantiv,,direct,3106,19.89
3122,verwandelt,,,,,,none,3104,19.88
3123,daneben,ernaast,,,Adverb,,direct,3101,19.86
3124,klaus,Klaas,,de,Substantiv,,direct,3099,19.84
3125,bereiten,bereiden,,,Verb,,direct,3099,19.84
3126,wüste,woestijn,woestenij,de,Substantiv,,direct,3097,19.83
3127,prüfen,keuren,toetsen,,Verb,,direct,3096,19.82
3128,gabe,cadeau,,,Substantiv,,direct,3095,19.82
3129,hundert,honderd,,,Numerale,,direct,3094,19.81
3130,erscheinen,verschijnen,,,Verb,,direct,3092,19.80
3131,laß,laten,,,Verb,lassen,lemma,3091,19.79
3132,besiegen,winnen,,,Verb,,direct,3085,19.75
3133,verpiss,flikker op,,,Verb,verpissen,lemma,3085,19.75
3134,umständen,omstandigheid,,de,Substantiv,Umstand,lemma,3084,19.75
3135,angelegenheit,zaken,,,Substantiv,,direct,3083,19.74
3136,landes,land,grond,het,Substantiv,Land,lemma,3082,19.73
3137,dienstag,dinsdag,,de,Substantiv,,direct,3081,19.73
3138,folgendes,volgend,,,Adjektiv,folgend,lemma,3081,19.73
3139,fürchten,vrezen,duchten; bang zijn; opzien,,Verb,,direct,3080,19.72
3140,mordes,moord,,,Substantiv,Mord,lemma,3080,19.72
3141,nennst,noemen,aanwijzen,,Verb,nennen,lemma,3079,19.72
3142,angestellt,bediende,,,Adjektiv,,direct,3079,19.72
3143,training,training,,,Substantiv,,direct,3076,19.70
3144,aufgetaucht,opduiken,,,Verb,auftauchen,lemma,3075,19.69
3145,rausfinden,,,,,,none,3073,19.68
3146,ächzt,kreunen,,,Verb,ächzen,lemma,3070,19.66
3147,rauskommen,,,,,,none,3070,19.66
3148,planet,planeet,,,Substantiv,,direct,3069,19.65
3149,suppe,soep,,,Substantiv,,direct,3068,19.65
3150,erwischen,halen,pakken; betrappen; het haasje worden,,Verb,,direct,3067,19.64
3151,sitz,zetel,,de,Substantiv,,direct,3066,19.63
3152,johnson,,,,,,none,3065,19.63
3153,vorteil,voordeel,baat; advantage,,Substantiv,,direct,3065,19.63
3154,for,,,,,,none,3064,19.62
3155,rosa,roze,,,Adjektiv,,direct,3062,19.61
3156,tour,excursie,,de,Substantiv,,direct,3060,19.59
3157,amerikanische,Amerikaans,,,Adjektiv,amerikanisch,lemma,3060,19.59
3158,schönste,mooi,leuk,,Adjektiv,schön,lemma,3059,19.59
3159,rufst,roepen,,,Verb,rufen,lemma,3059,19.59
3160,berührt,,,,,,none,3058,19.58
3161,französisch,Frans,Franse taal,de/het,Substantiv,,direct,3058,19.58
3162,gouverneur,gouverneur,,de,Substantiv,,direct,3056,19.57
3163,angeles,,,,,,none,3053,19.55
3164,kaufe,kopen,aanschaffen,,Verb,kaufen,lemma,3050,19.53
3165,stern,ster,sterretje; asterisk,de,Substantiv,,direct,3049,19.52
3166,gedächtnis,geheugen,,,Substantiv,,direct,3049,19.52
3167,wirklichkeit,werkelijkheid,realiteit,,Substantiv,,direct,3045,19.50
3168,bestraft,,,,,,none,3044,19.49
3169,kreis,cirkel,kring; kreits; deelstaatdistrict,,Substantiv,,direct,3044,19.49
3170,reine,puur,,,Adjektiv,rein,lemma,3044,19.49
3171,edward,,,,,,none,3043,19.49
3172,schlimmes,slecht,,,Adjektiv,schlimm,lemma,3042,19.48
3173,bestehen,bestaan,bestaan uit,,Verb,,direct,3041,19.47
3174,jeannie,,,,,,none,3039,19.46
3175,erscheint,verschijnen,,,Verb,erscheinen,lemma,3039,19.46
3176,staatsanwalt,officier van justitie,advocaat-generaal; openbaar aanklager; procureur des konings,,Substantiv,,direct,3038,19.45
3177,ewigkeit,eeuwigheid,,de,Substantiv,,direct,3036,19.44
3178,störung,storing,,de,Substantiv,,direct,3035,19.43
3179,hässlich,lelijk,,,Adjektiv,,direct,3034,19.43
3180,lauft,rennen,lopen; hollen; werken,,Verb,laufen,lemma,3033,19.42
3181,angezogen,aangekleed,,,Adjektiv,,direct,3032,19.41
3182,half,helpen,bijstaan,,Verb,helfen,lemma,3029,19.40
3183,sollt,moeten,zullen,,Verb,sollen,lemma,3027,19.38
3184,martha,Marie,,,,,direct,3027,19.38
3185,tiger,tijger,,de,Substantiv,,direct,3026,19.38
3186,zigarette,sigaret,,,Substantiv,,direct,3025,19.37
3187,mutig,moedig,dapper,,Adjektiv,,direct,3022,19.35
3188,ausruhen,uitrusten,,,Verb,,direct,3021,19.34
3189,andrew,,,,,,none,3020,19.34
3190,linken,liegen,,,Verb,,direct,3019,19.33
3191,hauptmann,kapitein,hopman,de,Substantiv,,direct,3019,19.33
3192,umstände,omstandigheid,,de,Substantiv,Umstand,lemma,3019,19.33
3193,not,noodzakelijk,,,Adjektiv,,direct,3019,19.33
3194,unglück,ramp,,,Substantiv,,direct,3018,19.33
3195,eng,nauw,eng,,Adjektiv,,direct,3018,19.33
3196,white,,,,,,none,3016,19.31
3197,lucas,,,,,,none,3015,19.31
3198,üben,oefening,,,Verb,,direct,3014,19.30
3199,wissenschaftler,wetenschapper,,de,Substantiv,,direct,3013,19.29
3200,gelöst,oplossen,,,Verb,lösen,lemma,3013,19.29
3201,reaktion,reactie,,de,Substantiv,,direct,3013,19.29
3202,morde,moorden,,,Verb,morden,lemma,3013,19.29
3203,dusche,douche,,,Substantiv,,direct,3011,19.28
3204,mitarbeiter,medewerker,collega,de,Substantiv,,direct,3011,19.28
3205,your,,,,,,none,3010,19.27
3206,bedroht,bedreigd,,,,,direct,3009,19.27
3207,gehöre,toebehoren,behoren; zich behoren,,Verb,gehören,lemma,3008,19.26
3208,befreit,,,,,,none,3007,19.25
3209,stöhnen,kreunen,,,Substantiv,,direct,3007,19.25
3210,reagiert,,,,,,none,3006,19.25
3211,identität,identiteit,,de,Substantiv,,direct,3006,19.25
3212,rund,rond,bolvormig; plusminus; kogelvormig,,Adjektiv,,direct,3004,19.24
3213,texas,Texas,,,Substantiv,,direct,3002,19.22
3214,fieber,koorts,verhoging,,Substantiv,,direct,3001,19.22
3215,hirn,hersenen,,,Substantiv,,direct,3000,19.21
3216,leiten,leiden,runnen,,Verb,,direct,3000,19.21
3217,donnerstag,donderdag,,de,Substantiv,,direct,2998,19.20
3218,leonard,,,,,,none,2998,19.20
3219,unheimlich,griezelig,,,Adjektiv,,direct,2998,19.20
3220,mulder,,,,,,none,2997,19.19
3221,jahrhundert,eeuw,,,Substantiv,,direct,2994,19.17
3222,irgend,aardig wat,,,Adverb,,direct,2994,19.17
3223,diener,hulp,,de,Substantiv,,direct,2991,19.15
3224,bruce,,,,,,none,2990,19.15
3225,extrem,extreem,,,Adjektiv,,direct,2988,19.13
3226,ausweis,identiteitsbewijs,,,Substantiv,,direct,2987,19.13
3227,sicht,visie,termijn,de,Substantiv,,direct,2987,19.13
3228,sport,sport,,,Substantiv,,direct,2987,19.13
3229,juden,jood,Jood,de,Substantiv,Jude,lemma,2986,19.12
3230,studiert,,,,,,none,2985,19.11
3231,angelogen,liegen,,,Verb,anlügen,lemma,2985,19.11
3232,schaue,kijken,,,Verb,schauen,lemma,2985,19.11
3233,little,,,,,,none,2985,19.11
3234,sally,,,,,,none,2984,19.11
3235,text,tekst,,de,Substantiv,,direct,2983,19.10
3236,earl,earl,,,Substantiv,,direct,2981,19.09
3237,nebenan,naast,,,Adverb,,direct,2981,19.09
3238,todd,,,,,,none,2979,19.08
3239,lektion,les,,de,Substantiv,,direct,2978,19.07
3240,mäuse,doekoe,,,,,direct,2978,19.07
3241,staub,stof,,,Substantiv,,direct,2973,19.04
3242,sophie,,,,,,none,2973,19.04
3243,kugeln,,,,,,none,2970,19.02
3244,dutzend,dozijn,twaalftal,,Substantiv,,direct,2969,19.01
3245,ratte,rat,bruine rat,,Substantiv,,direct,2969,19.01
3246,mitleid,medelijden,,,Substantiv,,direct,2968,19.00
3247,testen,testen,,,Verb,,direct,2968,19.00
3248,auftritt,optreden,,,Substantiv,,direct,2967,19.00
3249,gegner,tegenstander,,,Substantiv,,direct,2965,18.99
3250,joseph,,,,,,none,2964,18.98
3251,verdienst,verdienste,,,Substantiv,,direct,2962,18.97
3252,langsamer,traag,langzaam; sloom,,Adjektiv,langsam,lemma,2962,18.97
3253,wunde,wond,wonde,,Substantiv,,direct,2961,18.96
3254,linie,lijn,,,Substantiv,,direct,2961,18.96
3255,bedrohung,bedreiging,,de,Substantiv,,direct,2960,18.95
3256,bauer,pion,boer; landbouwer; agrariër,de,Substantiv,,direct,2959,18.95
3257,kurzem,kort,kortstondig,,Adjektiv,kurz,lemma,2959,18.95
3258,fische,Vissen,,,Substantiv,,direct,2959,18.95
3259,einkaufen,winkelen,aankopen; aanschaffen; boodschappen doen,,Verb,,direct,2959,18.95
3260,kreuz,kruis,,,Substantiv,,direct,2958,18.94
3261,afrika,Afrika,,het,Substantiv,,direct,2957,18.93
3262,begangen,begaan,,,Verb,begehen,lemma,2957,18.93
3263,el,,,,,,none,2955,18.92
3264,nachsehen,opzoeken,,,Verb,,direct,2954,18.92
3265,junior,jongerejaars,,,Substantiv,,direct,2954,18.92
3266,bäume,steigeren,,,Verb,bäumen,lemma,2950,18.89
3267,leidenschaft,bevlogenheid,,,Substantiv,,direct,2948,18.88
3268,geliebte,liefhebber,,,Substantiv,,direct,2946,18.86
3269,bereuen,betreuren,,,Verb,,direct,2946,18.86
3270,spieler,speler,,de,Substantiv,,direct,2945,18.86
3271,berge,Bergen,,,Substantiv,bergen,lemma,2945,18.86
3272,verwendet,,,,,,none,2943,18.84
3273,steuern,besturen,,,Verb,,direct,2942,18.84
3274,gekümmert,behartigen,,,Verb,kümmern,lemma,2942,18.84
3275,voran,vooruit,,,Adverb,,direct,2941,18.83
3276,wieviel,,,,,,none,2941,18.83
3277,barney,,,,,,none,2940,18.83
3278,graf,graaf,,de,Substantiv,,direct,2939,18.82
3279,verabredung,date,,,Substantiv,,direct,2938,18.81
3280,verlasse,verlaten,weggaan,,Verb,verlassen,lemma,2938,18.81
3281,überfallen,aanvallen,,,Verb,,direct,2936,18.80
3282,donna,,,,,,none,2935,18.79
3283,umdrehen,omdraaien,,,Verb,,direct,2935,18.79
3284,damon,,,,,,none,2934,18.79
3285,kilo,kilo,,,Substantiv,,direct,2933,18.78
3286,diego,,,,,,none,2932,18.77
3287,negativ,negatief,,,Adjektiv,,direct,2932,18.77
3288,schild,schild,bord,,Substantiv,,direct,2930,18.76
3289,tanzt,dansen,,,Verb,tanzen,lemma,2929,18.76
3290,verbrennen,verbranden,,,Verb,,direct,2927,18.74
3291,gefreut,,,,,,none,2925,18.73
3292,penner,dakloze,,,Substantiv,,direct,2922,18.71
3293,blauen,,,,,,none,2921,18.70
3294,jay,,,,,,none,2920,18.70
3295,stücke,stuk,,,Substantiv,Stück,lemma,2917,18.68
3296,angela,,,,,,none,2917,18.68
3297,kühlschrank,koelkast,ijskast; frigo,,Substantiv,,direct,2916,18.67
3298,identifizieren,identificeren,,,Verb,,direct,2916,18.67
3299,lehrerin,lerares,,de,Substantiv,,direct,2916,18.67
3300,francisco,,,,,,none,2915,18.67
3301,kameras,camera,fototoestel; filmcamera; videocamera,,Substantiv,Kamera,lemma,2914,18.66
3302,zentrale,hoofdkantoor,,,Substantiv,,direct,2910,18.63
3303,jäger,jager,,de,Substantiv,,direct,2910,18.63
3304,josh,,,,,,none,2910,18.63
3305,wayne,,,,,,none,2909,18.63
3306,wenden,zich keren tegen,,,Verb,,direct,2908,18.62
3307,we,,,,,,none,2908,18.62
3308,holst,halen,,,Verb,holen,lemma,2906,18.61
3309,suchte,zoeken,,,Verb,suchen,lemma,2904,18.60
3310,start,start,opstijgen,de,Substantiv,,direct,2902,18.58
3311,füßen,voet,,de,Substantiv,Fuß,lemma,2901,18.58
3312,unglücklich,arm,,,Adjektiv,,direct,2900,18.57
3313,frohe,blij,,,Adjektiv,froh,lemma,2899,18.56
3314,sand,zand,zavel,de,Substantiv,,direct,2898,18.56
3315,pfarrer,pastoor,dominee; predikant,,Substantiv,,direct,2897,18.55
3316,plus,plus,,,Adverb,,direct,2897,18.55
3317,nancy,Nancy,,,Substantiv,,direct,2896,18.54
3318,brachten,brengen,,,Verb,bringen,lemma,2891,18.51
3319,zauber,magie,,,Substantiv,,direct,2890,18.51
3320,berühren,aanraken,beroeren; hanteren,,Verb,,direct,2889,18.50
3321,rückkehr,terugkeer,terugkomst,de,Substantiv,,direct,2889,18.50
3322,hafen,haven,,,Substantiv,,direct,2889,18.50
3323,indianer,Indiaan,,,Substantiv,,direct,2881,18.45
3324,miller,,,,,,none,2880,18.44
3325,verschwenden,verspillen,,,Verb,,direct,2880,18.44
3326,untersucht,,,,,,none,2878,18.43
3327,königs,koning,,de,Substantiv,König,lemma,2878,18.43
3328,jean,,,,,,none,2878,18.43
3329,lese,opbrengst,,de,Substantiv,,direct,2875,18.41
3330,stahl,staal,,,Substantiv,,direct,2873,18.40
3331,hättet,hebben,,,Verb,haben,lemma,2873,18.40
3332,affen,aap,apin,de,Substantiv,Affe,lemma,2870,18.38
3333,worten,woord,,de/het,Substantiv,Wort,lemma,2867,18.36
3334,kindheit,kinderjaren,kindertijd,,Substantiv,,direct,2866,18.35
3335,gewollt,gewillig,,,Adjektiv,,direct,2866,18.35
3336,op,,,,,,none,2866,18.35
3337,vermeiden,vermijden,,,Verb,,direct,2864,18.34
3338,fabrik,fabriek,,de,Substantiv,,direct,2864,18.34
3339,aussagen,aangeven,,,Verb,,direct,2862,18.33
3340,wunderbare,heerlijk,,,Adjektiv,wunderbar,lemma,2862,18.33
3341,grandpa,,,,,,none,2861,18.32
3342,miststück,,,,,,none,2861,18.32
3343,verrückter,dol,,de,Substantiv,,direct,2860,18.31
3344,lane,,,,,,none,2860,18.31
3345,jungfrau,maagd,jufvrouw; vrijster,de,Substantiv,,direct,2859,18.31
3346,einfache,eenvoudig,enkel; gewoonweg,,Adjektiv,einfach,lemma,2858,18.30
3347,nate,,,,,,none,2858,18.30
3348,laufe,rennen,lopen; hollen; werken,,Verb,laufen,lemma,2856,18.29
3349,reingelegt,afzetten,,,Verb,reinlegen,lemma,2855,18.28
3350,seltsame,vreemd,,,Adjektiv,seltsam,lemma,2854,18.28
3351,heiratet,huwen,trouwen,,Verb,heiraten,lemma,2854,18.28
3352,angenehm,aangenaam,,,Adjektiv,,direct,2854,18.28
3353,daheim,thuis,,,Lokaladverb,,direct,2854,18.28
3354,planen,planning,,,Substantiv,,direct,2852,18.26
3355,klauen,jatten,stelen,,Verb,,direct,2851,18.26
3356,geruch,geur,reuk,,Substantiv,,direct,2851,18.26
3357,marty,,,,,,none,2851,18.26
3358,klingen,klinken,,,Verb,,direct,2849,18.24
3359,tina,,,,,,none,2849,18.24
3360,nächster,dichtbij,,,Adjektiv,nah,lemma,2849,18.24
3361,hörten,horen,luisteren,,Verb,hören,lemma,2849,18.24
3362,jackie,,,,,,none,2848,18.24
3363,trafen,treffen,,,Substantiv,treffen,lemma,2848,18.24
3364,ungern,met tegenzin,,,Adverb,,direct,2847,18.23
3365,abgelehnt,gewraakt,,,,,direct,2846,18.22
3366,erstens,ten eerste,,,Adverb,,direct,2843,18.20
3367,abmachung,overeenkomst,afspraak,de,Substantiv,,direct,2843,18.20
3368,appetit,eetlust,appetijt,de,Substantiv,,direct,2843,18.20
3369,miami,Miami,,,Substantiv,,direct,2841,18.19
3370,zeigte,tonen,wijzen,,Verb,zeigen,lemma,2840,18.19
3371,fan,supporter,,,Substantiv,,direct,2839,18.18
3372,hohen,hoog,omhoog,,Adjektiv,hoch,lemma,2837,18.17
3373,alf,,,,,,none,2837,18.17
3374,ladys,dame,,de,Substantiv,Lady,lemma,2834,18.15
3375,sms,SMS,,,Abkürzung,,direct,2833,18.14
3376,verkauf,verkoop,,de,Substantiv,,direct,2832,18.13
3377,jamie,,,,,,none,2831,18.13
3378,verbergen,verbergen,verstoppen; schuilen,,Verb,,direct,2831,18.13
3379,sorgt,zorgen,verzorgen,,Verb,sorgen,lemma,2831,18.13
3380,karl,Karel,Charel,,Substantiv,,direct,2829,18.11
3381,sohnes,zoon,,de,Substantiv,Sohn,lemma,2828,18.11
3382,berühmt,beroemd,,,Adjektiv,,direct,2828,18.11
3383,aussteigen,uitstappen,afstappen,,Verb,,direct,2827,18.10
3384,bonnie,,,,,,none,2822,18.07
3385,ginge,gaan,lopen; rijzen,,Verb,gehen,lemma,2822,18.07
3386,reingehen,,,,,,none,2821,18.06
3387,durfte,mogen,,,Verb,dürfen,lemma,2821,18.06
3388,korrektur,correctie,,,Substantiv,,direct,2815,18.03
3389,wirft,werpen,,,Verb,werfen,lemma,2814,18.02
3390,titten,tiet,tet,,Substantiv,Titte,lemma,2813,18.01
3391,betreten,bedremmeld,beteuterd; betreden; verlegen,,Adjektiv,,direct,2811,18.00
3392,todes,dood,overlijden,,Substantiv,Tod,lemma,2807,17.97
3393,one,,,,,,none,2806,17.97
3394,doctor,,,,,,none,2805,17.96
3395,blöden,stom,stompzinnig,,Adjektiv,blöd,lemma,2804,17.95
3396,miles,,,,,,none,2803,17.95
3397,rausholen,,,,,,none,2803,17.95
3398,hohe,hoog,omhoog,,Adjektiv,hoch,lemma,2802,17.94
3399,aufnahme,opname,receptie; begin,,Substantiv,,direct,2801,17.94
3400,by,,,,,,none,2801,17.94
3401,holmes,eilandje,,,Substantiv,Holm,lemma,2800,17.93
3402,hübscher,mooi,,,Adjektiv,hübsch,lemma,2799,17.92
3403,vegas,,,,,,none,2797,17.91
3404,manager,manager,,de,Substantiv,,direct,2795,17.90
3405,stellung,positie,functie; standje; houding,de,Substantiv,,direct,2793,17.88
3406,höhle,hol,grot,het,Substantiv,,direct,2792,17.88
3407,schokolade,chocolade,chocola,de,Substantiv,,direct,2791,17.87
3408,angeboten,,,,,,none,2790,17.87
3409,befreundet,bevriend,,,Adjektiv,,direct,2787,17.85
3410,weib,wijf,,,Substantiv,,direct,2785,17.83
3411,ausgerechnet,avondstond,,,Adverb,,direct,2784,17.83
3412,walker,,,,,,none,2784,17.83
3413,beibringen,leren,,,Verb,,direct,2783,17.82
3414,nelson,,,,,,none,2783,17.82
3415,ex,ex,,,Substantiv,,direct,2783,17.82
3416,belohnung,beloning,,de,Substantiv,,direct,2782,17.81
3417,seelen,ziel,spil,de,Substantiv,Seele,lemma,2781,17.81
3418,steine,steen,,de,Substantiv,Stein,lemma,2781,17.81
3419,garage,garage,,,Substantiv,,direct,2778,17.79
3420,scheißkerl,klootzak,,de,Substantiv,,direct,2777,17.78
3421,gestört,gestoord,,,Adjektiv,,direct,2777,17.78
3422,cooper,,,,,,none,2773,17.76
3423,ruhen,rusten,,,Verb,,direct,2772,17.75
3424,pillen,pil,,,Substantiv,Pille,lemma,2771,17.74
3425,gepäck,bagage,,,Substantiv,,direct,2770,17.74
3426,carol,,,,,,none,2767,17.72
3427,norman,,,,,,none,2765,17.71
3428,zoe,,,,,,none,2765,17.71
3429,amerikanischen,Amerikaans,,,Adjektiv,amerikanisch,lemma,2765,17.71
3430,telefonieren,telefoneren,,,Verb,,direct,2765,17.71
3431,heirate,huwen,trouwen,,Verb,heiraten,lemma,2762,17.69
3432,erkenne,herkennen,onderkennen,,Verb,erkennen,lemma,2761,17.68
3433,funk,uitzaaien,,,Substantiv,,direct,2760,17.67
3434,grüß,begroeten,,,Verb,grüßen,lemma,2759,17.67
3435,hurensohn,klojo,hoerenzoon,,Substantiv,,direct,2759,17.67
3436,mögliche,mogelijk,,,Adjektiv,möglich,lemma,2759,17.67
3437,spring,springen,,,Verb,springen,lemma,2758,17.66
3438,uni,,,,,,none,2758,17.66
3439,scheinbar,ogenschijnlijk,,,Adjektiv,,direct,2753,17.63
3440,fakten,feit,,,Substantiv,Fakt,lemma,2752,17.62
3441,informieren,informeren,inlichten,,Verb,,direct,2752,17.62
3442,jugend,jeugd,,,Substantiv,,direct,2751,17.62
3443,feier,feest,,,Substantiv,,direct,2751,17.62
3444,wenigen,weinig,beetje,,Adjektiv,wenig,lemma,2750,17.61
3445,söhne,,,,,,none,2747,17.59
3446,benzin,benzine,,,Substantiv,,direct,2747,17.59
3447,nix,nikker,,,Substantiv,,direct,2747,17.59
3448,vampire,vampier,,,Substantiv,Vampir,lemma,2745,17.58
3449,erkennt,herkennen,onderkennen,,Verb,erkennen,lemma,2741,17.55
3450,sicherer,veilig,zeker,,Adjektiv,sicher,lemma,2741,17.55
3451,zigaretten,sigaret,,,Substantiv,Zigarette,lemma,2740,17.55
3452,dummes,dom,suf,,Adjektiv,dumm,lemma,2740,17.55
3453,mauer,muur,,de,Substantiv,,direct,2740,17.55
3454,erneut,opnieuw,,,Adjektiv,,direct,2740,17.55
3455,flügel,vleugel,vleugelpiano,de,Substantiv,,direct,2740,17.55
3456,schluck,slok,,de,Substantiv,,direct,2740,17.55
3457,hierbleiben,blijven,,,Verb,,direct,2738,17.53
3458,abschluss,afsluiting,,de,Substantiv,,direct,2738,17.53
3459,christus,Christus,,de,Substantiv,,direct,2738,17.53
3460,bezahle,betalen,,,Verb,bezahlen,lemma,2737,17.53
3461,böses,kwade,,,Substantiv,,direct,2737,17.53
3462,dummkopf,domkop,dupe,,Substantiv,,direct,2737,17.53
3463,gerüchte,gerucht,,,Substantiv,Gerücht,lemma,2736,17.52
3464,eingestellt,instellen,schorten; seponeren,,Verb,einstellen,lemma,2734,17.51
3465,weitergehen,aandrijven,,,Verb,,direct,2729,17.47
3466,technik,techniek,,,Substantiv,,direct,2728,17.47
3467,ali,,,,,,none,2727,17.46
3468,bezweifle,betwijfelen,,,Verb,bezweifeln,lemma,2726,17.46
3469,piper,,,,,,none,2725,17.45
3470,over,om,,,Substantiv,,direct,2723,17.44
3471,gekostet,kosten,,,Verb,kosten,lemma,2721,17.42
3472,anzeige,reclame,,,Substantiv,,direct,2720,17.42
3473,wohnst,wonen,,,Verb,wohnen,lemma,2718,17.40
3474,hans,Jan,,,Substantiv,,direct,2718,17.40
3475,ergebnis,resultaat,uitslag,,Substantiv,,direct,2717,17.40
3476,bedingungen,voorwaarde,omstandigheid,,Substantiv,Bedingung,lemma,2717,17.40
3477,brad,,,,,,none,2717,17.40
3478,aufzuhalten,verblijven,,,Verb,aufhalten,lemma,2717,17.40
3479,versprich,belofte,,de,Substantiv,versprechen,lemma,2715,17.38
3480,verdiene,verdienen,,,Verb,verdienen,lemma,2714,17.38
3481,geschnappt,pakken,,,Verb,schnappen,lemma,2713,17.37
3482,francis,,,,,,none,2712,17.37
3483,eile,haast,,,Substantiv,,direct,2709,17.35
3484,innen,binnen,,,Lokaladverb,,direct,2709,17.35
3485,italien,Italië,,het,Substantiv,,direct,2708,17.34
3486,einig,eens,verenigd; accoord; akkoord,,Adjektiv,,direct,2707,17.33
3487,verhandeln,onderhandelen,,,Verb,,direct,2704,17.31
3488,weswegen,waarvoor,,,Adverb,,direct,2704,17.31
3489,nützlich,nuttig,,,Adjektiv,,direct,2703,17.31
3490,inneren,,,,,,none,2701,17.30
3491,gentleman,gentleman,,,Substantiv,,direct,2700,17.29
3492,felix,Felix,,,Substantiv,,direct,2700,17.29
3493,vergesse,vergeten,,,Verb,vergessen,lemma,2699,17.28
3494,dunkle,donker,,,Adjektiv,dunkel,lemma,2699,17.28
3495,warnung,waarschuwing,,,Substantiv,,direct,2698,17.28
3496,gemeinde,gemeente,,de,Substantiv,,direct,2696,17.26
3497,diamanten,inleggen met diamant,,,Adjektiv,,direct,2695,17.26
3498,wächst,groeien,wassen,,Verb,wachsen,lemma,2694,17.25
3499,gewöhnlich,gangbaar,,,Adjektiv,,direct,2691,17.23
3500,seil,touw,,,Substantiv,,direct,2691,17.23
3501,bär,beer,berin,de,Substantiv,,direct,2690,17.22
3502,euro,euro,,,Substantiv,,direct,2690,17.22
3503,großartige,geweldig,,,Adjektiv,großartig,lemma,2689,17.22
3504,beth,,,,,,none,2686,17.20
3505,ware,waar,handelswaar,,Substantiv,,direct,2685,17.19
3506,traurige,triest,verdrietig,,Adjektiv,traurig,lemma,2684,17.19
3507,persönliche,persoonlijk,,,Adjektiv,persönlich,lemma,2683,17.18
3508,figur,figuur,,,Substantiv,,direct,2681,17.17
3509,time,,,,,,none,2680,17.16
3510,roboter,robot,,,Substantiv,,direct,2680,17.16
3511,anschauen,bekijken,aankijken; kijken naar; aanschouwen,,Verb,,direct,2677,17.14
3512,kürzlich,recentelijk,,,Adverb,,direct,2677,17.14
3513,material,materiaal,,,Substantiv,,direct,2677,17.14
3514,paula,,,,,,none,2676,17.14
3515,käme,komen,klaarkomen,,Verb,kommen,lemma,2675,17.13
3516,stellst,plaatsen,stellen; vragen,,Verb,stellen,lemma,2674,17.12
3517,bereitet,,,,,,none,2674,17.12
3518,einfallen,invallen,,,Verb,,direct,2674,17.12
3519,käfig,kooi,,,Substantiv,,direct,2674,17.12
3520,fantasie,fantasie,,,Substantiv,,direct,2673,17.12
3521,brach,braakliggend,,,Adjektiv,,direct,2673,17.12
3522,satz,zin,zetsel,de,Substantiv,,direct,2672,17.11
3523,kommissar,commissaris,,de,Substantiv,,direct,2671,17.10
3524,exzellenz,excellentie,,,Substantiv,,direct,2668,17.08
3525,schuldest,schulden,,,Substantiv,schulden,lemma,2667,17.08
3526,nass,nat,,,Adjektiv,,direct,2665,17.06
3527,rächen,wreken,,,Verb,,direct,2664,17.06
3528,womöglich,wellicht,,,Adverb,,direct,2662,17.05
3529,begrüßen,begroeten,,,Verb,,direct,2662,17.05
3530,lou,,,,,,none,2661,17.04
3531,davis,,,,,,none,2660,17.03
3532,überraschen,verrassen,verbazen,,Verb,,direct,2659,17.03
3533,menschlichen,menselijk,,,Adjektiv,menschlich,lemma,2659,17.03
3534,repariert,,,,,,none,2659,17.03
3535,führung,rondleiding,leiding; directie; leisponning,de,Substantiv,,direct,2657,17.01
3536,gestanden,bedreven,,,Adjektiv,,direct,2656,17.01
3537,jacob,,,,,,none,2655,17.00
3538,schütze,Boogschutter,,,Substantiv,,direct,2655,17.00
3539,störe,storen,verstoren,,Verb,stören,lemma,2653,16.99
3540,nina,,,,,,none,2653,16.99
3541,filmen,filmen,,,Verb,,direct,2653,16.99
3542,jobs,,,,,,none,2652,16.98
3543,maschinen,machine,apparaat,,Substantiv,Maschine,lemma,2651,16.98
3544,unterlagen,,,,,,none,2651,16.98
3545,palast,paleis,,,Substantiv,,direct,2650,16.97
3546,graben,gracht,sloot,,Substantiv,,direct,2648,16.96
3547,kette,ketting,keten; schering,,Substantiv,,direct,2648,16.96
3548,auftauchen,opduiken,,,Verb,,direct,2647,16.95
3549,interessante,interessant,belangwekkend; boeiend,,Adjektiv,interessant,lemma,2647,16.95
3550,wovor,,,,,,none,2646,16.94
3551,springt,springen,,,Verb,springen,lemma,2646,16.94
3552,terroristen,terrorist,,,Substantiv,Terrorist,lemma,2645,16.94
3553,stan,,,,,,none,2644,16.93
3554,bekämpfen,bekampen,,,Verb,,direct,2644,16.93
3555,lärm,lawaai,,,Substantiv,,direct,2643,16.92
3556,flehe,bezweren,,,Verb,flehen,lemma,2643,16.92
3557,aufgewachsen,opgroeien,,,Verb,aufwachsen,lemma,2642,16.92
3558,arbeiter,arbeider,werkman; werker; werkkracht,,Substantiv,,direct,2640,16.90
3559,größere,groot,volwassene,,Adjektiv,groß,lemma,2639,16.90
3560,humor,kamervocht,humor,,Substantiv,,direct,2639,16.90
3561,betrachten,beschouwen,,,Verb,,direct,2637,16.89
3562,be,,,,,,none,2633,16.86
3563,organisation,organisatie,ordening,,Substantiv,,direct,2632,16.85
3564,widerstand,weerstand,verzet,de,Substantiv,,direct,2631,16.85
3565,bergen,Bergen,,,Substantiv,,direct,2629,16.83
3566,studio,studio,,de,Substantiv,,direct,2628,16.83
3567,hausaufgaben,huiswerk,,,Substantiv,Hausaufgabe,lemma,2628,16.83
3568,vögeln,batsen,,,Verb,,direct,2627,16.82
3569,bescheuert,gestoord,idioot; niet goed wijs; achterlijk,,Adjektiv,,direct,2625,16.81
3570,weggehen,weggaan,,,Verb,,direct,2625,16.81
3571,teller,bord,,,Substantiv,,direct,2623,16.80
3572,original,origineel,,,Substantiv,,direct,2623,16.80
3573,revolution,revolutie,,,Substantiv,,direct,2623,16.80
3574,hitler,Hitler,,,Substantiv,,direct,2622,16.79
3575,mädel,meisje,,het,Substantiv,,direct,2621,16.78
3576,verbinden,verbinden,,,Verb,,direct,2620,16.78
3577,nathan,,,,,,none,2619,16.77
3578,ermittlungen,onderzoek,,,Substantiv,Ermittlung,lemma,2618,16.76
3579,steck,,,,,,none,2618,16.76
3580,wäsche,was,witwassen,de,Substantiv,,direct,2617,16.76
3581,rätsel,raadsel,puzzel,,Substantiv,,direct,2616,16.75
3582,besonderen,,,,,,none,2615,16.74
3583,hunderte,honderd,,,Numerale,Hundert,lemma,2613,16.73
3584,versetzt,,,,,,none,2612,16.73
3585,bibel,Bijbel,bijbel,de,Substantiv,,direct,2611,16.72
3586,heiliger,heilige,,,Substantiv,,direct,2608,16.70
3587,reiß,doos,,,Substantiv,reißen,lemma,2608,16.70
3588,kopie,kopie,,de,Substantiv,,direct,2607,16.69
3589,besitzen,bezitten,,,Verb,,direct,2607,16.69
3590,zeitungen,krant,dagblad,,Substantiv,Zeitung,lemma,2605,16.68
3591,zurückgekommen,terugkomen,,,Verb,zurückkommen,lemma,2605,16.68
3592,süßes,zoet,,,Adjektiv,süß,lemma,2604,16.67
3593,barbara,Barbara,Barbertje,,Substantiv,,direct,2604,16.67
3594,ungewöhnlich,ongewoon,,,Adjektiv,,direct,2604,16.67
3595,höhe,hoogte,,de,Substantiv,,direct,2603,16.67
3596,geschaffen,slagen,scheppfen,,Verb,schaffen,lemma,2602,16.66
3597,beschreiben,typeren,beschrijven,,Verb,,direct,2602,16.66
3598,ausgesucht,selecteren,,,Verb,aussuchen,lemma,2601,16.65
3599,notwendig,noodzakelig,,,Adjektiv,,direct,2600,16.65
3600,dunklen,donker,,,Adjektiv,dunkel,lemma,2599,16.64
3601,ignorieren,negern,,,Verb,,direct,2598,16.64
3602,toter,dode,,,Substantiv,,direct,2598,16.64
3603,deck,dek,scheepsdek,,Substantiv,,direct,2598,16.64
3604,narr,nar,,de,Substantiv,,direct,2596,16.62
3605,scheißegal,,,,,,none,2596,16.62
3606,höchstens,hoogstens,,,Adverb,,direct,2596,16.62
3607,übersehen,door de vingers zien,,,Verb,,direct,2595,16.62
3608,geirrt,vergissen,,,Verb,irren,lemma,2595,16.62
3609,darunter,daaronder,,,Pronominaladverb,,direct,2594,16.61
3610,außen,buitenaf,,,Lokaladverb,,direct,2594,16.61
3611,einzig,enig,,,Adjektiv,,direct,2592,16.60
3612,stirbst,sterven,doodgaan,,Verb,sterben,lemma,2591,16.59
3613,lhren,,,,,,none,2591,16.59
3614,spielchen,spelletje,,,,,direct,2590,16.58
3615,girl,,,,,,none,2588,16.57
3616,fahrrad,fiets,rijwiel,de,Substantiv,,direct,2588,16.57
3617,nutte,hoer,,,Substantiv,,direct,2587,16.57
3618,wilde,wilde,,,,,direct,2586,16.56
3619,jordan,Jordaan,,,Substantiv,,direct,2585,16.55
3620,bequem,comfortabel,,,Adjektiv,,direct,2584,16.55
3621,rauch,rook,,de,Substantiv,,direct,2584,16.55
3622,verschiedenen,verschillend,ongelijk; anders,,Adjektiv,verschieden,lemma,2584,16.55
3623,kamst,komen,klaarkomen,,Verb,kommen,lemma,2583,16.54
3624,betty,,,,,,none,2582,16.53
3625,pool,visvijver,,,Substantiv,,direct,2580,16.52
3626,hubschrauber,helikopter,,,Substantiv,,direct,2579,16.51
3627,wüssten,weten,,,Verb,wissen,lemma,2578,16.51
3628,erstmal,,,,,,none,2576,16.49
3629,kollege,collega,,de,Substantiv,,direct,2575,16.49
3630,vernichtet,,,,,,none,2575,16.49
3631,gesichter,gezicht,aangezicht; gelaat,het,Substantiv,Gesicht,lemma,2575,16.49
3632,derselbe,hetzelfde,dezelfde,,Demonstrativpronomen,,direct,2575,16.49
3633,hattet,hebben,,,Verb,haben,lemma,2575,16.49
3634,konto,rekening,,,Substantiv,,direct,2574,16.48
3635,freie,buiten,,het,Substantiv,,direct,2569,16.45
3636,casey,,,,,,none,2569,16.45
3637,haken,haak,,de,Substantiv,,direct,2566,16.43
3638,munition,munitie,ammunitie,,Substantiv,,direct,2566,16.43
3639,sünde,zonde,,,Substantiv,,direct,2566,16.43
3640,militär,leger,,,Substantiv,,direct,2565,16.42
3641,gefasst,beheerst,kalm; rustig,,Adjektiv,,direct,2564,16.42
3642,anzeichen,aanwijzing,,de,Substantiv,,direct,2563,16.41
3643,geklappt,bespelen,,,Verb,klappen,lemma,2562,16.41
3644,hintergrund,achtergrond,kader,de,Substantiv,,direct,2560,16.39
3645,erwähnen,vermelden,noemen; citeren; opmerken,,Verb,,direct,2558,16.38
3646,tipp,wenk,,,Substantiv,,direct,2557,16.37
3647,reißen,doos,,,Substantiv,,direct,2556,16.37
3648,keins,geen,,,Indefinitpronomen,kein,lemma,2554,16.35
3649,genial,geniale,,,Adjektiv,,direct,2554,16.35
3650,berichte,berichten,,,Verb,berichten,lemma,2553,16.35
3651,kram,prul,,,Substantiv,,direct,2553,16.35
3652,schnapp,pakken,,,Verb,schnappen,lemma,2553,16.35
3653,solle,moeten,zullen,,Verb,sollen,lemma,2552,16.34
3654,randy,,,,,,none,2552,16.34
3655,umziehen,verhuizen,omkleden,,Verb,,direct,2551,16.33
3656,zunächst,eerst,,,Adverb,,direct,2551,16.33
3657,keinerlei,,,,,,none,2551,16.33
3658,typisch,typerend,,,Adjektiv,,direct,2549,16.32
3659,bietet,bieden,,,Verb,bieten,lemma,2548,16.32
3660,leb,leven,,,Substantiv,leben,lemma,2546,16.30
3661,technologie,technologie,,de,Substantiv,,direct,2544,16.29
3662,ruinieren,ruïneren,,,Verb,,direct,2544,16.29
3663,jünger,discipel,,,Substantiv,,direct,2544,16.29
3664,poirot,,,,,,none,2543,16.28
3665,umso,des te,,,Konjunktion,,direct,2543,16.28
3666,starben,sterven,doodgaan,,Verb,sterben,lemma,2543,16.28
3667,rette,redden,,,Verb,retten,lemma,2541,16.27
3668,triffst,treffen,,,Substantiv,treffen,lemma,2541,16.27
3669,unhöflich,onbeleefd,,,Adjektiv,,direct,2541,16.27
3670,safe,kluis,,,Substantiv,,direct,2540,16.26
3671,anzurufen,opbellen,bellen; aanroepen; inroepen,,Verb,anrufen,lemma,2539,16.26
3672,universität,universiteit,,,Substantiv,,direct,2539,16.26
3673,mai,mei,bloeimaand,de,Substantiv,,direct,2536,16.24
3674,heben,heffen,,,Verb,,direct,2536,16.24
3675,koch,kok,,de,Substantiv,,direct,2534,16.23
3676,derselben,hetzelfde,dezelfde,,Demonstrativpronomen,derselbe,lemma,2534,16.23
3677,katastrophe,catastrofe,ramp,de,Substantiv,,direct,2534,16.23
3678,male,schilderen,tekenen; trekken,,Verb,malen,lemma,2534,16.23
3679,olivia,,,,,,none,2532,16.21
3680,prüfung,beproeving,,de,Substantiv,,direct,2531,16.21
3681,brown,,,,,,none,2529,16.19
3682,gesetze,wet,,,Substantiv,Gesetz,lemma,2527,16.18
3683,meeting,bijeenkomst,,,Substantiv,,direct,2526,16.17
3684,versicherung,verzekering,assurantie,de,Substantiv,,direct,2526,16.17
3685,getragen,dragen,,,Verb,tragen,lemma,2526,16.17
3686,ehefrau,echtgenote,vrouw,,Substantiv,,direct,2524,16.16
3687,mitmachen,meemaken,,,Verb,,direct,2524,16.16
3688,tauschen,ruilen,,,Verb,,direct,2524,16.16
3689,ergebnisse,resultaat,uitslag,,Substantiv,Ergebnis,lemma,2523,16.16
3690,boston,Boston,,,Substantiv,,direct,2519,16.13
3691,reg,regen,,de,Substantiv,regen,lemma,2518,16.12
3692,einstellen,instellen,schorten; seponeren,,Verb,,direct,2517,16.12
3693,reagieren,reageren,,,Verb,,direct,2517,16.12
3694,gefehlt,,,,,,none,2517,16.12
3695,verwandeln,omvormen,,,Verb,,direct,2517,16.12
3696,gedauert,,,,,,none,2516,16.11
3697,senden,zenden,,,Verb,,direct,2515,16.10
3698,blair,,,,,,none,2514,16.10
3699,reporter,reporter,,,Substantiv,,direct,2513,16.09
3700,abgeben,afgeven,,,Verb,,direct,2513,16.09
3701,mm,,,,,,none,2512,16.09
3702,parker,,,,,,none,2512,16.09
3703,anhören,aanhoren,,,Verb,,direct,2511,16.08
3704,bibliothek,bibliotheek,boekerij,de,Substantiv,,direct,2510,16.07
3705,japan,Japan,,,Substantiv,,direct,2509,16.07
3706,hinsetzen,zitten,,,Verb,,direct,2508,16.06
3707,hannah,Anna,,,Substantiv,,direct,2508,16.06
3708,serena,,,,,,none,2508,16.06
3709,motiv,aanleiding,,de,Substantiv,,direct,2506,16.05
3710,paige,,,,,,none,2504,16.03
3711,schalten,andere kleren,,,Verb,,direct,2503,16.03
3712,derek,,,,,,none,2503,16.03
3713,gewöhnen,wennen,,,Verb,,direct,2503,16.03
3714,lernte,leren,,,Verb,lernen,lemma,2499,16.00
3715,vereinigten,verenigen,,,Verb,vereinigen,lemma,2496,15.98
3716,gewicht,gewicht,,,Substantiv,,direct,2495,15.98
3717,zweiter,seconde,,,Substantiv,,direct,2494,15.97
3718,badezimmer,badkamer,,de,Substantiv,,direct,2492,15.96
3719,schieben,duwen,,,Verb,,direct,2492,15.96
3720,dreimal,driemaal,drie keer,,Adverb,,direct,2491,15.95
3721,weich,zacht,week,,Adjektiv,,direct,2491,15.95
3722,echtes,echt,echte,,Adjektiv,echt,lemma,2490,15.94
3723,zweitens,,,,,,none,2490,15.94
3724,drachen,vlieger,draak; ruit,de,Substantiv,,direct,2488,15.93
3725,bahnhof,station,treinstation,,Substantiv,,direct,2487,15.93
3726,erschöpft,afgemat,,,Adjektiv,,direct,2487,15.93
3727,genauer,exact,,,Antwortpartikel,genau,lemma,2487,15.93
3728,verlange,verlangen,,,Verb,verlangen,lemma,2485,15.91
3729,spanisch,Spaans,,het,Substantiv,,direct,2484,15.91
3730,verrat,verraad,,,Substantiv,,direct,2483,15.90
3731,hexen,hexeen,,,Substantiv,,direct,2482,15.89
3732,live,rechtstreeks,,,Adjektiv,,direct,2482,15.89
3733,legende,legende,,,Substantiv,,direct,2482,15.89
3734,taub,doof,,,Adjektiv,,direct,2482,15.89
3735,freu,verheugen,,,Verb,freuen,lemma,2481,15.89
3736,konzert,concert,,het,Substantiv,,direct,2480,15.88
3737,hopp,,,,,,none,2480,15.88
3738,wiederzusehen,reviseren,terugzien; weerzien,,Verb,wiedersehen,lemma,2479,15.87
3739,doppelt,dubbel,,,Adjektiv,,direct,2479,15.87
3740,last,last,lading; gewicht; belasting,de,Substantiv,,direct,2479,15.87
3741,vergleich,vergelijking,,,Substantiv,,direct,2479,15.87
3742,böser,kwaad,boos,,Adjektiv,böse,lemma,2479,15.87
3743,herzlich,joviaal,hartelijk,,Adjektiv,,direct,2478,15.87
3744,monica,,,,,,none,2477,15.86
3745,taschen,zak,tas,de,Substantiv,Tasche,lemma,2474,15.84
3746,genügt,,,,,,none,2474,15.84
3747,besucher,bezoeker,,de,Substantiv,,direct,2473,15.84
3748,spanien,Spanje,,het,Substantiv,,direct,2473,15.84
3749,großzügig,gul,,,Adjektiv,,direct,2473,15.84
3750,teddy,teddybeer,,,Substantiv,,direct,2473,15.84
3751,hauses,huis,kamer; jongen,het,Substantiv,Haus,lemma,2472,15.83
3752,leihen,lenen,,,Verb,,direct,2471,15.82
3753,scheiden,scheiden,,,Verb,,direct,2471,15.82
3754,einstellung,attitude,,,Substantiv,,direct,2471,15.82
3755,köstlich,heerlijk,,,Adjektiv,,direct,2470,15.82
3756,watson,,,,,,none,2469,15.81
3757,einheiten,eenheid,,de,Substantiv,Einheit,lemma,2469,15.81
3758,wichtigen,belangrijk,,,Adjektiv,wichtig,lemma,2466,15.79
3759,go,go,,,Substantiv,,direct,2465,15.78
3760,warne,waarschuwen,,,Verb,warnen,lemma,2465,15.78
3761,russland,Rusland,,het,Substantiv,,direct,2465,15.78
3762,angeschossen,,,,,,none,2464,15.78
3763,sammy,,,,,,none,2463,15.77
3764,pierre,,,,,,none,2461,15.76
3765,sklaven,slaaf,,de,Substantiv,Sklave,lemma,2461,15.76
3766,laune,luim,,,Substantiv,,direct,2459,15.75
3767,gesamten,geheel,heel,,Adjektiv,gesamt,lemma,2459,15.75
3768,stille,stilte,,de,Substantiv,,direct,2459,15.75
3769,asche,as,asse,de,Substantiv,,direct,2458,15.74
3770,geflogen,,,,,,none,2456,15.73
3771,spion,spion,,,Substantiv,,direct,2455,15.72
3772,what,,,,,,none,2455,15.72
3773,aaron,Aäron,Aron,,Substantiv,,direct,2454,15.71
3774,weihnachtsmann,Kerstman,,de,Substantiv,,direct,2454,15.71
3775,hervorragend,excellent,schitterend,,Adjektiv,,direct,2453,15.71
3776,can,,,,,,none,2453,15.71
3777,verärgert,geërgerd,,,Adjektiv,,direct,2453,15.71
3778,puppe,pop,,,Substantiv,,direct,2451,15.69
3779,überfall,overval,,de,Substantiv,,direct,2451,15.69
3780,unwichtig,onbelangrijk,,,Adjektiv,,direct,2450,15.69
3781,santa,,,,,,none,2450,15.69
3782,linke,onhandig,,,Substantiv,,direct,2449,15.68
3783,übung,oefening,,de,Substantiv,,direct,2449,15.68
3784,buffy,,,,,,none,2449,15.68
3785,franzosen,,,,,,none,2446,15.66
3786,wehgetan,pijn doen,,,Verb,wehtun,lemma,2446,15.66
3787,schwäche,zwakte,,de,Substantiv,,direct,2446,15.66
3788,couch,sofa,,,Substantiv,,direct,2446,15.66
3789,cousine,nicht,,de,Substantiv,,direct,2445,15.66
3790,grant,,,,,,none,2443,15.64
3791,atme,ademen,ademhalen,,Verb,atmen,lemma,2442,15.64
3792,irgendeinem,enkele,,,Indefinitpronomen,irgendein,lemma,2442,15.64
3793,unterstützt,,,,,,none,2442,15.64
3794,oscar,,,,,,none,2441,15.63
3795,ausdruck,uitdrukking,,de,Substantiv,,direct,2439,15.62
3796,pleite,bankroet,,,Substantiv,,direct,2438,15.61
3797,beleidigt,geïrriteerd,,,Adjektiv,,direct,2438,15.61
3798,knopf,knoop,knop,de,Substantiv,,direct,2438,15.61
3799,stop,,,,,,none,2438,15.61
3800,schlimme,slecht,,,Adjektiv,schlimm,lemma,2437,15.60
3801,beweist,bewijzen,,,Verb,beweisen,lemma,2437,15.60
3802,katie,,,,,,none,2436,15.60
3803,dramatische,dramatisch,,,Adjektiv,dramatisch,lemma,2434,15.59
3804,heutigen,huidig,,,Adjektiv,heutig,lemma,2432,15.57
3805,leere,leegte,,de,Substantiv,,direct,2432,15.57
3806,island,IJsland,IJsland,het,Substantiv,,direct,2432,15.57
3807,shane,,,,,,none,2431,15.57
3808,daisy,,,,,,none,2431,15.57
3809,trinkst,drinken,,,Verb,trinken,lemma,2430,15.56
3810,heimlich,heimelijk,,,Adjektiv,,direct,2430,15.56
3811,eingehen,ingaan,,,Verb,,direct,2428,15.55
3812,rad,wiel,fiets,,Substantiv,,direct,2427,15.54
3813,greift,grijpen,,,Verb,greifen,lemma,2426,15.53
3814,mächtig,machtig,,,Adjektiv,,direct,2426,15.53
3815,williams,,,,,,none,2425,15.53
3816,sinnlos,zinloos,,,Adjektiv,,direct,2425,15.53
3817,versaut,geil,,,Adjektiv,,direct,2425,15.53
3818,netz,net,netwerk,,Substantiv,,direct,2422,15.51
3819,atem,adem,asem,,Substantiv,,direct,2420,15.50
3820,anstellen,tewerkstellen,,,Verb,,direct,2417,15.48
3821,milliarden,miljard,,het,Substantiv,Milliarde,lemma,2417,15.48
3822,flotte,vloot,,,Substantiv,,direct,2416,15.47
3823,umgebung,omgeving,buitenwacht,de,Substantiv,,direct,2416,15.47
3824,mitbringen,aanbrengen,,,Verb,,direct,2415,15.46
3825,beteiligt,betrokken,,,Adjektiv,,direct,2415,15.46
3826,dunkeln,,,,,,none,2415,15.46
3827,entwickeln,ontwikkelen,,,Verb,,direct,2414,15.46
3828,schämen,schamen,,,Verb,,direct,2412,15.44
3829,erwachsene,volwassene,,,Substantiv,,direct,2412,15.44
3830,zack,vlug een beetje,,,Interjektion,,direct,2412,15.44
3831,durchsuchen,aftasten,,,Verb,,direct,2411,15.44
3832,hollywood,Hollywood,,,Substantiv,,direct,2411,15.44
3833,rollen,rollen,,,Verb,,direct,2411,15.44
3834,vergesst,vergeten,,,Verb,vergessen,lemma,2409,15.43
3835,tricks,liegen,,,Verb,tricksen,lemma,2407,15.41
3836,plätze,blankvoorn,,,,,direct,2407,15.41
3837,gefangene,,,,,,none,2407,15.41
3838,sünden,zonde,,,Substantiv,Sünde,lemma,2407,15.41
3839,sender,zender,,de,Substantiv,,direct,2406,15.41
3840,verlass,vertrouwen,,,Substantiv,,direct,2403,15.39
3841,räumen,helemaal,,,Verb,,direct,2402,15.38
3842,lerne,leren,,,Verb,lernen,lemma,2400,15.37
3843,rettet,redden,,,Verb,retten,lemma,2400,15.37
3844,hinweise,tonen,,,Verb,hinweisen,lemma,2399,15.36
3845,ausreden,afbrengen,,,Verb,,direct,2399,15.36
3846,alexander,Alexander,,,Substantiv,,direct,2399,15.36
3847,mommy,,,,,,none,2398,15.36
3848,diejenige,het,,,Demonstrativpronomen,,direct,2398,15.36
3849,nächte,nacht,,de,Substantiv,Nacht,lemma,2397,15.35
3850,herrscht,heersen,,,Verb,herrschen,lemma,2395,15.34
3851,bud,,,,,,none,2394,15.33
3852,jahres,jaar,,het,Substantiv,Jahr,lemma,2394,15.33
3853,dna,DNA,,,Substantiv,,direct,2394,15.33
3854,romantisch,romantisch,,,Adjektiv,,direct,2393,15.32
3855,flüstert,fluisteren,,,Verb,flüstern,lemma,2392,15.32
3856,drück,duwen,,,Verb,drücken,lemma,2392,15.32
3857,jeremy,,,,,,none,2392,15.32
3858,bedanken,danken,,,Verb,,direct,2391,15.31
3859,verabredet,,,,,,none,2390,15.30
3860,pilot,piloot,vliegenier; loods; vlieger,de,Substantiv,,direct,2390,15.30
3861,colt,,,,,,none,2389,15.30
3862,nigger,neger,,,Substantiv,,direct,2388,15.29
3863,reizend,aanbiddelijk,,,Adjektiv,,direct,2387,15.28
3864,grade,graad,rang,,Substantiv,Grad,lemma,2386,15.28
3865,stanley,,,,,,none,2385,15.27
3866,leib,kanis,,,Substantiv,,direct,2385,15.27
3867,stecke,baar,,,Substantiv,stecken,lemma,2384,15.27
3868,scheisse,kut,,,,,direct,2384,15.27
3869,ärztin,arts,doktores,de,Substantiv,,direct,2384,15.27
3870,vergewaltigt,,,,,,none,2381,15.25
3871,mußt,,,,,,none,2381,15.25
3872,lieferung,levering,,de,Substantiv,,direct,2380,15.24
3873,botschafter,ambassadeur,,de,Substantiv,,direct,2379,15.23
3874,studieren,studeren,,,Verb,,direct,2378,15.23
3875,köpfe,onthoofden,koppen,,Verb,köpfen,lemma,2377,15.22
3876,duschen,douchen,,,Verb,,direct,2377,15.22
3877,kopfschmerzen,hoofdpijn,koppijn,de,Substantiv,Kopfschmerz,lemma,2376,15.21
3878,öl,olie,,,Substantiv,,direct,2376,15.21
3879,knarre,ratel,dopsleutel; blaffer,,Substantiv,,direct,2373,15.20
3880,sekretärin,secretaresse,,de,Substantiv,,direct,2373,15.20
3881,phase,fase,fasedraad,de,Substantiv,,direct,2373,15.20
3882,handschellen,handboei,,,,,direct,2371,15.18
3883,lewis,,,,,,none,2371,15.18
3884,versehen,onachtzaamheid,,,Substantiv,,direct,2369,15.17
3885,bande,band,bende,de,Substantiv,,direct,2368,15.16
3886,treu,trouw,,,Adjektiv,,direct,2368,15.16
3887,positiv,positief,,,Adjektiv,,direct,2367,15.16
3888,meiste,meest,,,Adjektiv,meist,lemma,2366,15.15
3889,museum,museum,,,Substantiv,,direct,2366,15.15
3890,albtraum,nachtmerrie,,de,Substantiv,,direct,2366,15.15
3891,margaret,,,,,,none,2365,15.14
3892,verlobt,,,,,,none,2365,15.14
3893,besiegt,,,,,,none,2364,15.14
3894,existieren,bestaan,,,Verb,,direct,2362,15.12
3895,könne,kunnen,,,Verb,können,lemma,2361,15.12
3896,proben,repeteren,,,Verb,,direct,2360,15.11
3897,beschissen,schijt,,,Adjektiv,,direct,2360,15.11
3898,gewinne,winnen,,,Verb,gewinnen,lemma,2359,15.11
3899,personal,personeel,,,Substantiv,,direct,2359,15.11
3900,christian,Christiaan,,,Substantiv,,direct,2358,15.10
3901,bewaffnet,genageld,,,Adjektiv,,direct,2358,15.10
3902,fällen,vellen,,,Verb,,direct,2357,15.09
3903,wecken,wekken,,,Verb,,direct,2356,15.09
3904,wirkung,effect,,de,Substantiv,,direct,2355,15.08
3905,kurt,,,,,,none,2355,15.08
3906,connor,,,,,,none,2353,15.07
3907,rebecca,,,,,,none,2353,15.07
3908,therapie,therapie,,,Substantiv,,direct,2353,15.07
3909,travis,,,,,,none,2352,15.06
3910,amüsieren,amuseren,,,Verb,,direct,2351,15.05
3911,ordentlich,netjes,verzorgd,,Adjektiv,,direct,2351,15.05
3912,weglaufen,vluchten,,,Verb,,direct,2350,15.05
3913,aufgewacht,ontwaken,,,Verb,aufwachen,lemma,2349,15.04
3914,nähern,naderen,,,Verb,,direct,2348,15.03
3915,decken,dekken,,,Verb,,direct,2346,15.02
3916,sinne,behoeden,,,Verb,sinnen,lemma,2345,15.02
3917,leutnant,luitenant,,,Substantiv,,direct,2344,15.01
3918,zauberer,tovenaar,,de,Substantiv,,direct,2343,15.00
3919,hogan,,,,,,none,2343,15.00
3920,bittet,vragen,,,Verb,bitten,lemma,2343,15.00
3921,ankunft,aankomst,komst,de,Substantiv,,direct,2340,14.98
3922,klopft,kloppen,tikken,,Verb,klopfen,lemma,2339,14.98
3923,abstand,afstand,,de,Substantiv,,direct,2337,14.96
3924,bewusstsein,bewustzijn,,,Substantiv,,direct,2337,14.96
3925,nation,natie,land,,Substantiv,,direct,2337,14.96
3926,kontrolliert,,,,,,none,2336,14.96
3927,treffer,treffer,,,Substantiv,,direct,2336,14.96
3928,abnehmen,afnemen,verminderen,,Verb,,direct,2336,14.96
3929,ratten,rat,bruine rat,,Substantiv,Ratte,lemma,2333,14.94
3930,anwälte,advocaat,,de,Substantiv,Anwalt,lemma,2332,14.93
3931,tempel,tempel,,de,Substantiv,,direct,2332,14.93
3932,vergiftet,,,,,,none,2332,14.93
3933,kunde,klant,kond,de,Substantiv,,direct,2331,14.93
3934,august,augustus,oogstmaand,de,Substantiv,,direct,2330,14.92
3935,wunden,pijnlijk,,,Adjektiv,wund,lemma,2330,14.92
3936,unangenehm,onplezierig,,,Adjektiv,,direct,2329,14.91
3937,ausrüstung,uitrusting,,de,Substantiv,,direct,2327,14.90
3938,segen,zegen,zegening,de,Substantiv,,direct,2327,14.90
3939,präsentiert,,,,,,none,2326,14.89
3940,schließ,,,,,,none,2326,14.89
3941,kehle,keel,strot,,Substantiv,,direct,2324,14.88
3942,krone,kroon,,,Substantiv,,direct,2322,14.87
3943,garantiert,,,,,,none,2322,14.87
3944,durchsucht,,,,,,none,2319,14.85
3945,president,,,,,,none,2319,14.85
3946,tracy,,,,,,none,2319,14.85
3947,verfluchte,vervloeken,,,Verb,verfluchen,lemma,2318,14.84
3948,bestimmten,vaststellen,,,Verb,bestimmen,lemma,2318,14.84
3949,clay,,,,,,none,2317,14.84
3950,ladies,,,,,,none,2317,14.84
3951,ladung,vracht,,,Substantiv,,direct,2314,14.82
3952,beinen,been,poot,,Substantiv,Bein,lemma,2313,14.81
3953,hell,licht,helder,,Adjektiv,,direct,2312,14.80
3954,kent,,,,,,none,2311,14.80
3955,kapitel,hoofdstuk,kapittel,,Substantiv,,direct,2311,14.80
3956,chase,,,,,,none,2310,14.79
3957,benutze,gebruiken,,,Verb,benutzen,lemma,2310,14.79
3958,alibi,alibi,,,Substantiv,,direct,2310,14.79
3959,ziele,richten,,,Verb,zielen,lemma,2309,14.79
3960,bestie,beest,,,Substantiv,,direct,2308,14.78
3961,gus,GOS,,,Substantiv,,direct,2308,14.78
3962,nirgends,nergens,,,Adverb,,direct,2308,14.78
3963,wohnzimmer,woonkamer,,de,Substantiv,,direct,2308,14.78
3964,beute,prooi,,,Substantiv,,direct,2307,14.77
3965,bau,hol,,het,Substantiv,,direct,2306,14.77
3966,brennen,branden,verbranden,,Verb,,direct,2305,14.76
3967,lex,,,,,,none,2305,14.76
3968,durst,dorst,,de,Substantiv,,direct,2304,14.75
3969,logan,,,,,,none,2303,14.75
3970,schwarzer,zwart,,het,Substantiv,,direct,2302,14.74
3971,schmutzig,vuil,smerig,,Adjektiv,,direct,2302,14.74
3972,liebhaber,liefhebbend,,,Substantiv,,direct,2301,14.73
3973,ersetzen,vervangen,vergoeden,,Verb,,direct,2301,14.73
3974,juli,juli,hooimaand,de,Substantiv,,direct,2297,14.71
3975,verfahren,procedure,werkwijze; proces; rechtsgeding,,Substantiv,,direct,2296,14.70
3976,kirk,,,,,,none,2295,14.70
3977,stiefel,laars,bot,,Substantiv,,direct,2294,14.69
3978,inspector,,,,,,none,2293,14.68
3979,allzu,al te,,,Adverb,,direct,2292,14.68
3980,camp,kamp,,,,,direct,2290,14.66
3981,dürft,mogen,,,Verb,dürfen,lemma,2289,14.66
3982,orten,lokaliseren,,,Verb,,direct,2289,14.66
3983,hitze,hitte,hittegolf,de,Substantiv,,direct,2288,14.65
3984,spielzeug,speelgoed,speeltje,,Substantiv,,direct,2287,14.64
3985,tv,teevee,,,Abkürzung,,direct,2287,14.64
3986,gloria,,,,,,none,2286,14.64
3987,wolle,wol,,,Substantiv,,direct,2283,14.62
3988,knurrt,grommen,,,Verb,knurren,lemma,2283,14.62
3989,meldet,afkomen,,,Verb,melden,lemma,2282,14.61
3990,rita,,,,,,none,2282,14.61
3991,zone,zone,klimaatzone,,Substantiv,,direct,2281,14.61
3992,trocken,droog,,,Adjektiv,,direct,2280,14.60
3993,lincoln,,,,,,none,2280,14.60
3994,schreibst,schrijven,,,Verb,schreiben,lemma,2280,14.60
3995,audrey,,,,,,none,2280,14.60
3996,quinn,,,,,,none,2280,14.60
3997,probier,proberen,,,Verb,probieren,lemma,2279,14.59
3998,le,,,,,,none,2279,14.59
3999,kids,,,,,,none,2278,14.59
4000,unterschrieben,,,,,,none,2277,14.58
4001,do,,,,,,none,2277,14.58
4002,heulen,huilen,blèren,,Verb,,direct,2276,14.57
4003,entschlossen,resoluut,,,Adjektiv,,direct,2275,14.57
4004,paket,pakket,,,Substantiv,,direct,2274,14.56
4005,gefiel,bevallen,aanstaan,,Verb,gefallen,lemma,2273,14.55
4006,bekamen,krijgen,bekomen; pakken,,Verb,bekommen,lemma,2272,14.55
4007,netten,aangenaam,,,Adjektiv,nett,lemma,2271,14.54
4008,geheime,geheim,,,Adjektiv,geheim,lemma,2270,14.54
4009,jennifer,Genève,,,Substantiv,,direct,2270,14.54
4010,aktiviert,,,,,,none,2269,14.53
4011,ausweg,uitvlucht,,,Substantiv,,direct,2268,14.52
4012,hinweg,overheen,,,Adverb,,direct,2268,14.52
4013,schmuck,decoratie,,,Substantiv,,direct,2268,14.52
4014,ausgang,uitgang,,de,Substantiv,,direct,2267,14.52
4015,wunderschöne,wonderbaarlijk,,,Adjektiv,wunderschön,lemma,2266,14.51
4016,zurückkommt,terugkomen,,,Verb,zurückkommen,lemma,2265,14.50
4017,ann,,,,,,none,2265,14.50
4018,illegal,illegaal,,,Adjektiv,,direct,2263,14.49
4019,ferien,vakantie,,de,Substantiv,,direct,2261,14.48
4020,persönlichen,persoonlijk,,,Adjektiv,persönlich,lemma,2261,14.48
4021,geiseln,gijzelaar,,de,Substantiv,Geisel,lemma,2260,14.47
4022,segne,zegenen,,,Verb,segnen,lemma,2258,14.46
4023,normaler,normaal,gewone,,Adjektiv,normal,lemma,2258,14.46
4024,steuer,belasting,stuur,de,Substantiv,,direct,2257,14.45
4025,aufgepasst,opletten,,,Verb,aufpassen,lemma,2257,14.45
4026,murphy,,,,,,none,2256,14.45
4027,raumschiff,ruimteschip,,,Substantiv,,direct,2256,14.45
4028,dummen,dom,suf,,Adjektiv,dumm,lemma,2256,14.45
4029,weißer,blanke,,,Substantiv,,direct,2256,14.45
4030,ausbildung,opleiding,vorming,de,Substantiv,,direct,2255,14.44
4031,klavier,piano,,,Substantiv,,direct,2255,14.44
4032,hauptsache,hoofdzaak,,,Substantiv,,direct,2254,14.43
4033,admiral,admiraal,,,Substantiv,,direct,2253,14.43
4034,entgegen,in tegenstelling tot,tegemoet; tegen; tegenover,,Präposition,,direct,2250,14.41
4035,fasse,grijpen,,,Verb,fassen,lemma,2249,14.40
4036,strecke,lijnstuk,afstand; mijngang; jachtbuit,,Substantiv,,direct,2249,14.40
4037,julian,Julian,,,Substantiv,,direct,2248,14.39
4038,version,versie,,de,Substantiv,,direct,2247,14.39
4039,hilfreich,behulpzaam,,,Adjektiv,,direct,2247,14.39
4040,schweren,zwaar,moeilijk,,Adjektiv,schwer,lemma,2246,14.38
4041,jahrelang,jarenlang,,,Adjektiv,,direct,2246,14.38
4042,leeren,legen,,,Verb,,direct,2245,14.38
4043,küste,kust,,,Substantiv,,direct,2244,14.37
4044,baron,baron,,de,Substantiv,,direct,2244,14.37
4045,behörden,overheid,,,,,direct,2244,14.37
4046,grüße,begroeten,,,Verb,grüßen,lemma,2243,14.36
4047,geklärt,klaren,,,Verb,klären,lemma,2242,14.36
4048,bruders,broer,broeder,de,Substantiv,Bruder,lemma,2241,14.35
4049,kaufte,kopen,aanschaffen,,Verb,kaufen,lemma,2241,14.35
4050,stone,,,,,,none,2240,14.34
4051,puls,pols,,,Substantiv,,direct,2240,14.34
4052,blue,,,,,,none,2240,14.34
4053,flur,gang,,de,Substantiv,,direct,2239,14.34
4054,denselben,hetzelfde,dezelfde,,Demonstrativpronomen,derselbe,lemma,2239,14.34
4055,rettung,redding,,,Substantiv,,direct,2239,14.34
4056,widerlich,akelig,,,Adjektiv,,direct,2239,14.34
4057,parkplatz,parkeerplaats,parking,de,Substantiv,,direct,2238,14.33
4058,katzen,kat,poes; wijfjeskat; geldgordel,de,Substantiv,Katze,lemma,2237,14.32
4059,laster,ondeugd,,,Substantiv,,direct,2235,14.31
4060,sozusagen,als het ware,,,Adverb,,direct,2235,14.31
4061,mittwoch,woensdag,,de,Substantiv,,direct,2235,14.31
4062,unschuldige,onschuldig,,,Adjektiv,unschuldig,lemma,2234,14.30
4063,abwarten,temporiseren,,,Verb,,direct,2234,14.30
4064,grandma,,,,,,none,2233,14.30
4065,florida,Florida,,,Substantiv,,direct,2233,14.30
4066,re,Ra,,,Substantiv,,direct,2233,14.30
4067,grünen,groenen,,,Verb,,direct,2233,14.30
4068,könntet,kunnen,,,Verb,können,lemma,2233,14.30
4069,aufnahmen,opnemen,,,Verb,aufnehmen,lemma,2232,14.29
4070,vision,visie,visioen,de,Substantiv,,direct,2232,14.29
4071,schauspielerin,actrice,,de,Substantiv,,direct,2229,14.27
4072,passe,passen,,,Verb,passen,lemma,2229,14.27
4073,sing,zingen,,,Verb,singen,lemma,2228,14.27
4074,glückliche,gelukkig,fortuinlijk; voorspoedig,,Adjektiv,glücklich,lemma,2227,14.26
4075,highschool,,,,,,none,2226,14.25
4076,friedhof,begraafplaats,kerkhof,,Substantiv,,direct,2226,14.25
4077,irrtum,fout,,,Substantiv,,direct,2225,14.25
4078,klienten,client,,,Substantiv,Klient,lemma,2224,14.24
4079,nervt,ergeren,,,Verb,nerven,lemma,2224,14.24
4080,leidet,lijden,,,Verb,leiden,lemma,2224,14.24
4081,reverend,,,,,,none,2223,14.23
4082,trainieren,trainen,,,Verb,,direct,2223,14.23
4083,gegenwart,tegenwoordige tijd,heden,,Substantiv,,direct,2223,14.23
4084,zurückbringen,terugbrengen,,,Verb,,direct,2223,14.23
4085,herman,,,,,,none,2223,14.23
4086,protokoll,notulen,proces-verbaal; protocol,,Substantiv,,direct,2223,14.23
4087,studenten,student,,de,Substantiv,Student,lemma,2222,14.23
4088,durchaus,volstrekt,,,Adverb,,direct,2221,14.22
4089,grausam,wreed,gruwelijk,,Adjektiv,,direct,2221,14.22
4090,höchste,hoog,omhoog,,Adjektiv,hoch,lemma,2221,14.22
4091,verwickelt,,,,,,none,2221,14.22
4092,schmecken,smaken,,,Verb,,direct,2220,14.22
4093,klappen,bespelen,,,Verb,,direct,2220,14.22
4094,apropos,à propos,,,Adverb,,direct,2219,14.21
4095,liz,,,,,,none,2219,14.21
4096,alfred,Alfred,,,Substantiv,,direct,2218,14.20
4097,ansonsten,afgezien van,,,Adverb,,direct,2218,14.20
4098,wade,kuit,,,Substantiv,,direct,2218,14.20
4099,missverständnis,misverstand,,,Substantiv,,direct,2218,14.20
4100,mitglieder,leden,,,,,direct,2217,14.20
4101,motorrad,motorfiets,brommer,de,Substantiv,,direct,2216,14.19
4102,mickey,,,,,,none,2215,14.18
4103,blicken,kijken,,,Verb,,direct,2215,14.18
4104,glücklicher,gelukkig,fortuinlijk; voorspoedig,,Adjektiv,glücklich,lemma,2213,14.17
4105,hübschen,mooi,,,Adjektiv,hübsch,lemma,2212,14.16
4106,dicke,dikte,,,Substantiv,,direct,2212,14.16
4107,gewünscht,wensen,,,Verb,wünschen,lemma,2211,14.16
4108,gejagt,jagen,,,Verb,jagen,lemma,2210,14.15
4109,diejenigen,die,,,Demonstrativpronomen,,direct,2209,14.14
4110,diskutieren,discussiëren,,,Verb,,direct,2207,14.13
4111,pinkeln,plassen,,,Verb,,direct,2207,14.13
4112,huhn,kip,kippevlees; hoen,de,Substantiv,,direct,2206,14.13
4113,erheben,overeindkomen,,,Verb,,direct,2205,14.12
4114,paradies,paradijz,paradijs,,Substantiv,,direct,2205,14.12
4115,tagebuch,dagboek,,,Substantiv,,direct,2205,14.12
4116,möglichen,mogelijk,,,Adjektiv,möglich,lemma,2204,14.11
4117,jenseits,hiernamaals,,,Substantiv,,direct,2204,14.11
4118,arschlöcher,kontgat,reet,,Substantiv,Arschloch,lemma,2204,14.11
4119,apartment,appartement,,,Substantiv,,direct,2204,14.11
4120,mason,,,,,,none,2203,14.11
4121,pfeift,fluiten,maling hebben aan,,Verb,pfeifen,lemma,2203,14.11
4122,dieselben,hetzelfde,dezelfde,,Demonstrativpronomen,derselbe,lemma,2203,14.11
4123,wilden,wild,,,Adjektiv,wild,lemma,2202,14.10
4124,vergaß,vergeten,,,Verb,vergessen,lemma,2202,14.10
4125,enttäuschen,teleurstellen,,,Verb,,direct,2201,14.09
4126,greg,,,,,,none,2201,14.09
4127,konsequenzen,consequentie,,,Substantiv,Konsequenz,lemma,2200,14.09
4128,fleck,vlek,,,Substantiv,,direct,2200,14.09
4129,macgyver,,,,,,none,2199,14.08
4130,führerschein,rijbewijs,,,Substantiv,,direct,2199,14.08
4131,online,online,,,Adjektiv,,direct,2198,14.07
4132,bete,biet,,,Substantiv,,direct,2197,14.07
4133,verdächtige,verdachte,,,Substantiv,,direct,2197,14.07
4134,enkel,kleinkind,kleinzoon,het,Substantiv,,direct,2197,14.07
4135,normalen,normaal,gewone,,Adjektiv,normal,lemma,2196,14.06
4136,stift,potlood,,,Substantiv,,direct,2194,14.05
4137,interview,interview,vraaggesprek,,Substantiv,,direct,2193,14.04
4138,süßen,zoeten,,,Verb,,direct,2193,14.04
4139,riesige,enorm,,,Adjektiv,riesig,lemma,2192,14.04
4140,aussicht,uitzicht,vooruitzicht,,Substantiv,,direct,2192,14.04
4141,ned,,,,,,none,2191,14.03
4142,wiederkommen,terugkomen,,,Verb,,direct,2190,14.02
4143,werbung,reclame,,,Substantiv,,direct,2188,14.01
4144,warf,werpen,,,Verb,werfen,lemma,2187,14.00
4145,telefoniert,,,,,,none,2186,14.00
4146,anblick,aanblik,,de,Substantiv,,direct,2185,13.99
4147,einzelnen,afzonderlijk,,,Adjektiv,einzeln,lemma,2182,13.97
4148,teppich,tapijt,vloerkleed,,Substantiv,,direct,2181,13.97
4149,hielten,houden,vasthouden,,Verb,halten,lemma,2180,13.96
4150,handel,handel,,de,Substantiv,,direct,2178,13.95
4151,gekannt,kennen,,,Verb,kennen,lemma,2178,13.95
4152,getrieben,stuwen,,,Verb,treiben,lemma,2176,13.93
4153,trainer,trainer,,,Substantiv,,direct,2176,13.93
4154,scully,,,,,,none,2176,13.93
4155,schuh,schoen,,de,Substantiv,,direct,2176,13.93
4156,bomben,afgaan,,,Verb,,direct,2176,13.93
4157,kämpfer,kamper,strijder; vechter; combattant,,Substantiv,,direct,2174,13.92
4158,victoria,Victoria,,,Substantiv,,direct,2174,13.92
4159,bedenken,overwegen,bedenken; beachten; herinneren,,Verb,,direct,2174,13.92
4160,sitzung,vergadering,,de,Substantiv,,direct,2174,13.92
4161,ken,kennen,,,Substantiv,,direct,2171,13.90
4162,sicheren,veilig,zeker,,Adjektiv,sicher,lemma,2170,13.90
4163,verkaufe,verkopen,,,Verb,verkaufen,lemma,2169,13.89
4164,ron,,,,,,none,2168,13.88
4165,tapfer,dapper,,,Adjektiv,,direct,2167,13.88
4166,experiment,experiment,,,Substantiv,,direct,2167,13.88
4167,besorge,aanschaffen,,,Verb,besorgen,lemma,2167,13.88
4168,tiefe,diepte,,,Substantiv,,direct,2165,13.86
4169,narren,bedriegen,,,Verb,,direct,2165,13.86
4170,abgeholt,ophalen,,,Verb,abholen,lemma,2165,13.86
4171,abhalten,belemmeren,,,Verb,,direct,2164,13.86
4172,bestimmte,vaststellen,,,Verb,bestimmen,lemma,2164,13.86
4173,laufenden,continu,,,Adjektiv,laufend,lemma,2164,13.86
4174,auftaucht,opduiken,,,Verb,auftauchen,lemma,2163,13.85
4175,school,,,,,,none,2163,13.85
4176,löschen,doven,uitdoen; blussen; uitmaken,,Verb,,direct,2161,13.84
4177,tara,tarra,,,Substantiv,,direct,2161,13.84
4178,sebastian,Sebastiaan,,,Substantiv,,direct,2160,13.83
4179,mies,knuddig,,,Adjektiv,,direct,2160,13.83
4180,sarg,doodskist,lijkkist; doodkist,de,Substantiv,,direct,2159,13.82
4181,vertragen,tolereren,,,Verb,,direct,2158,13.82
4182,gebissen,,,,,,none,2158,13.82
4183,geheimen,geheim,,,Adjektiv,geheim,lemma,2157,13.81
4184,drinks,drankje,,,Substantiv,Drink,lemma,2157,13.81
4185,schlief,slapen,overnachten,,Verb,schlafen,lemma,2155,13.80
4186,tradition,traditie,,,Substantiv,,direct,2155,13.80
4187,soeben,zo-even,,,Adverb,,direct,2155,13.80
4188,komische,komisch,vreemd; grappig; eigenaardig,,Adjektiv,komisch,lemma,2154,13.79
4189,schultz,,,,,,none,2153,13.79
4190,aufgehalten,verblijven,,,Verb,aufhalten,lemma,2153,13.79
4191,fähigkeit,bekwaamheid,competentie,de,Substantiv,,direct,2152,13.78
4192,attraktiv,aantrekkelijk,,,Adjektiv,,direct,2151,13.77
4193,begriff,begrip,concept,,Substantiv,,direct,2150,13.77
4194,versichere,verzekeren,,,Verb,versichern,lemma,2150,13.77
4195,schilde,schild,bord,,Substantiv,Schild,lemma,2150,13.77
4196,legte,leggen,plaatsen,,Verb,legen,lemma,2149,13.76
4197,mitteilen,mededelen,,,Verb,,direct,2149,13.76
4198,sdh,,,,,,none,2148,13.75
4199,gemütlich,comfortabel,,,Adjektiv,,direct,2146,13.74
4200,muster,patroon,dessin; voorbeeld; bewijsexemplaar,,Substantiv,,direct,2145,13.74
4201,versprach,belofte,,de,Substantiv,versprechen,lemma,2145,13.74
4202,überwachen,bekijken,,,Verb,,direct,2144,13.73
4203,eingeschlafen,in slaap vallen,,,Verb,einschlafen,lemma,2144,13.73
4204,schlimmsten,slecht,,,Adjektiv,schlimm,lemma,2144,13.73
4205,verlierst,verliezen,,,Verb,verlieren,lemma,2144,13.73
4206,einzelne,enkeling,,,Substantiv,,direct,2144,13.73
4207,vergib,vergeven,,,Verb,vergeben,lemma,2140,13.70
4208,vorbeikommen,langskomen,,,Verb,,direct,2140,13.70
4209,aua,au,,,Interjektion,,direct,2140,13.70
4210,brüste,pralen,pronken,,Verb,brüsten,lemma,2140,13.70
4211,sandwich,sandwich,boterham,,Substantiv,,direct,2140,13.70
4212,gewinner,winnaar,,,Substantiv,,direct,2139,13.70
4213,verständnis,begrip,,,Substantiv,,direct,2139,13.70
4214,raymond,,,,,,none,2136,13.68
4215,papst,paus,,,Substantiv,,direct,2135,13.67
4216,toast,toast,,de,Substantiv,,direct,2134,13.66
4217,matthew,,,,,,none,2134,13.66
4218,einsteigen,instappen,,,Verb,,direct,2133,13.66
4219,löwen,Leuven,,,Substantiv,,direct,2132,13.65
4220,einsetzen,gaan,,,Verb,,direct,2132,13.65
4221,gewinn,winst,baat,de,Substantiv,,direct,2132,13.65
4222,schüchtern,schuchter,,,Adjektiv,,direct,2132,13.65
4223,scheinst,schijnen,,,Verb,scheinen,lemma,2131,13.65
4224,pflanzen,planten,poten,,Verb,,direct,2131,13.65
4225,green,vergroenen,,,Substantiv,,direct,2130,13.64
4226,sheldon,,,,,,none,2130,13.64
4227,christopher,Christoffel,,,Substantiv,,direct,2129,13.63
4228,hätt,,,,,,none,2128,13.63
4229,coach,coach,,,Substantiv,,direct,2127,13.62
4230,werte,beoordelen,,,Verb,werten,lemma,2127,13.62
4231,modell,model,,,Substantiv,,direct,2127,13.62
4232,übernimmt,overnemen,,,Verb,übernehmen,lemma,2126,13.61
4233,walton,,,,,,none,2126,13.61
4234,heftig,hevig,fel,,Adjektiv,,direct,2126,13.61
4235,vorfall,incident,voorval,,Substantiv,,direct,2126,13.61
4236,motel,motel,,,Substantiv,,direct,2125,13.61
4237,teams,team,,,Substantiv,Team,lemma,2124,13.60
4238,irgendeinen,enkele,,,Indefinitpronomen,irgendein,lemma,2124,13.60
4239,müsstest,moeten,,,Verb,müssen,lemma,2123,13.59
4240,freier,vrijer,hoereerder,,Substantiv,,direct,2123,13.59
4241,zirkus,circus,,,Substantiv,,direct,2122,13.59
4242,ruhm,roem,faam,de,Substantiv,,direct,2121,13.58
4243,zurzeit,momenteel,,,Temporaladverb,,direct,2121,13.58
4244,ausmachen,uitdoen,,,Verb,,direct,2121,13.58
4245,rezept,recept,,,Substantiv,,direct,2121,13.58
4246,töchter,dochter,,de,Substantiv,Tochter,lemma,2120,13.57
4247,laute,luit,,,Substantiv,,direct,2120,13.57
4248,akzeptiert,geaccepteerd,,,Adjektiv,,direct,2119,13.57
4249,geschwindigkeit,snelheid,vaart,,Substantiv,,direct,2119,13.57
4250,beliebt,populair,,,Adjektiv,,direct,2118,13.56
4251,verpflichtet,gehouden,,,,,direct,2118,13.56
4252,betrüger,oplichter,,de,Substantiv,,direct,2118,13.56
4253,lohnt,lonen,,,Verb,lohnen,lemma,2118,13.56
4254,märchen,sprookje,,,Substantiv,,direct,2116,13.55
4255,blöder,stom,stompzinnig,,Adjektiv,blöd,lemma,2116,13.55
4256,becky,,,,,,none,2116,13.55
4257,wille,wil,wens,de,Substantiv,,direct,2115,13.54
4258,hügel,heuvel,berg,de,Substantiv,,direct,2114,13.54
4259,königreich,koninkrijk,,,Substantiv,,direct,2114,13.54
4260,dennis,,,,,,none,2110,13.51
4261,kehren,vegen,,,Verb,,direct,2110,13.51
4262,baut,bouwen,,,Verb,bauen,lemma,2108,13.50
4263,chinesen,Chinees,,,Substantiv,Chinese,lemma,2107,13.49
4264,gesichert,bewaren,,,Verb,sichern,lemma,2107,13.49
4265,michel,,,,,,none,2106,13.49
4266,ruth,Ruth,,,Substantiv,,direct,2106,13.49
4267,block,blok,,,Substantiv,,direct,2104,13.47
4268,belogen,liegen,,,Verb,belügen,lemma,2103,13.47
4269,malen,schilderen,tekenen; trekken,,Verb,,direct,2102,13.46
4270,kofferraum,kofferbak,,,Substantiv,,direct,2102,13.46
4271,road,,,,,,none,2102,13.46
4272,bursche,jongen,knaap; joch; jochie,de,Substantiv,,direct,2102,13.46
4273,erin,,,,,,none,2101,13.45
4274,geständnis,bekentenis,toegeving,de,Substantiv,,direct,2101,13.45
4275,ausgegangen,uitgaan,,,Verb,ausgehen,lemma,2101,13.45
4276,begreifen,begrijpen,verstaan; bevroeden; vatten,,Verb,,direct,2101,13.45
4277,dana,,,,,,none,2100,13.45
4278,blitz,bliksem,hemelvuur,de,Substantiv,,direct,2099,13.44
4279,löst,oplossen,,,Verb,lösen,lemma,2097,13.43
4280,furcht,angst,vrees,de,Substantiv,,direct,2097,13.43
4281,jersey,Jersey,,,Substantiv,,direct,2096,13.42
4282,ernstes,ernstig,serieus,,Adjektiv,ernst,lemma,2096,13.42
4283,verteilt,,,,,,none,2095,13.41
4284,bezüglich,ten opzichte van,gezien; voor wat betreft,,Präposition,,direct,2095,13.41
4285,faszinierend,fascinerend,,,,,direct,2094,13.41
4286,aufmerksam,aandachtig,,,Adjektiv,,direct,2093,13.40
4287,aufregung,opwinding,verontwaardiging,,Substantiv,,direct,2093,13.40
4288,wendy,,,,,,none,2093,13.40
4289,ethan,ethaan,,,Substantiv,,direct,2092,13.40
4290,orte,lokaliseren,,,Verb,orten,lemma,2092,13.40
4291,entführung,ontvoering,,,Substantiv,,direct,2091,13.39
4292,keucht,hijgen,,,Verb,keuchen,lemma,2091,13.39
4293,erhielt,ontvangen,bewaren; verplegen; verzorgen,,Verb,erhalten,lemma,2091,13.39
4294,treue,trouw,,,Substantiv,,direct,2090,13.38
4295,felsen,klif,,,Substantiv,,direct,2088,13.37
4296,malcolm,,,,,,none,2087,13.36
4297,kurzen,kort,kortstondig,,Adjektiv,kurz,lemma,2087,13.36
4298,zorn,woede,toorn,,Substantiv,,direct,2086,13.36
4299,taucht,duiken,,,Verb,tauchen,lemma,2086,13.36
4300,bestimmen,vaststellen,,,Verb,,direct,2086,13.36
4301,ausgesetzt,,,,,,none,2086,13.36
4302,zurückgeben,teruggeven,,,Verb,,direct,2086,13.36
4303,verkehr,verkeer,,,Substantiv,,direct,2086,13.36
4304,bewiesen,,,,,,none,2085,13.35
4305,generation,generatie,,,Substantiv,,direct,2084,13.34
4306,liebste,lief,,,Adjektiv,lieb,lemma,2084,13.34
4307,ausrichten,richten,,,Verb,,direct,2082,13.33
4308,ausnahme,uitzondering,,de,Substantiv,,direct,2082,13.33
4309,ebene,vlakte,verdieping; niveau,de,Substantiv,,direct,2081,13.33
4310,herrlich,zalig,,,Adjektiv,,direct,2080,13.32
4311,stürzen,vallen,,,Verb,,direct,2080,13.32
4312,herausforderung,uitdaging,,de,Substantiv,,direct,2080,13.32
4313,gefälligst,a.j.b.,,,Adverb,,direct,2079,13.31
4314,farben,kleur,verf,de,Substantiv,Farbe,lemma,2078,13.31
4315,geliebten,bemind,,,Adjektiv,geliebt,lemma,2077,13.30
4316,ankommen,aankomen,,,Verb,,direct,2077,13.30
4317,tempo,tempo,zakdoekje,,Substantiv,,direct,2077,13.30
4318,unterbrechen,onderbreken,,,Verb,,direct,2077,13.30
4319,kindes,kind,,het,Substantiv,Kind,lemma,2077,13.30
4320,babe,,,,,,none,2075,13.29
4321,erden,aarden,,,Verb,,direct,2075,13.29
4322,schrecklichen,verschrikkelijk,schrikkelig,,Adjektiv,schrecklich,lemma,2075,13.29
4323,falsches,vals,verkeerd; fout; nep,,Adjektiv,falsch,lemma,2075,13.29
4324,täuschen,bedriegen,misleiden,,Verb,,direct,2074,13.28
4325,tal,dal,vallei,,Substantiv,,direct,2074,13.28
4326,irgendwer,eenieder,,,Indefinitpronomen,,direct,2073,13.27
4327,deins,jouw,,,Possessivpronomen,dein,lemma,2072,13.27
4328,witwe,weduwe,,de,Substantiv,,direct,2070,13.25
4329,sichern,bewaren,,,Verb,,direct,2070,13.25
4330,gerede,mallepraat,,,Substantiv,,direct,2068,13.24
4331,betrug,oplichting,bedrog,,Substantiv,,direct,2067,13.24
4332,trauer,verdriet,rouw,,Substantiv,,direct,2067,13.24
4333,anwesenheit,aanwezigheid,,de,Substantiv,,direct,2065,13.22
4334,bilden,vormen,,,Verb,,direct,2065,13.22
4335,gewachsen,groeien,wassen,,Verb,wachsen,lemma,2065,13.22
4336,ausflug,uitstapje,,,Substantiv,,direct,2065,13.22
4337,jill,,,,,,none,2065,13.22
4338,verlaufen,verdwalen,,,Verb,,direct,2064,13.22
4339,rand,rand,,de,Substantiv,,direct,2064,13.22
4340,kenny,,,,,,none,2063,13.21
4341,rechnen,rekenen,,,Verb,,direct,2063,13.21
4342,aufzug,lift,,de,Substantiv,,direct,2063,13.21
4343,befragen,ondervragen,,,Verb,,direct,2063,13.21
4344,wegnehmen,wegnemen,,,Verb,,direct,2063,13.21
4345,abschied,afscheid,,,Substantiv,,direct,2062,13.20
4346,benötigen,nodig hebben,vergen,,Verb,,direct,2062,13.20
4347,pst,sst,st,,Interjektion,,direct,2061,13.20
4348,amt,dienst,,de,Substantiv,,direct,2060,13.19
4349,reiche,rijke,,,Substantiv,,direct,2060,13.19
4350,otto,Otto,,,,,direct,2060,13.19
4351,beginn,begin,,,Substantiv,,direct,2060,13.19
4352,daumen,duim,,de,Substantiv,,direct,2060,13.19
4353,bestrafen,bestraffen,,,Verb,,direct,2059,13.18
4354,clarence,,,,,,none,2058,13.18
4355,weine,huilen,blèren; wenen,,Verb,weinen,lemma,2058,13.18
4356,fremder,vreemdeling,,de,Substantiv,,direct,2057,13.17
4357,sachte,zachtzinnig,,,Adjektiv,sacht,lemma,2056,13.17
4358,identifiziert,,,,,,none,2051,13.13
4359,gestehen,bekennen,,,Verb,,direct,2050,13.13
4360,mac,,,,,,none,2050,13.13
4361,owen,,,,,,none,2050,13.13
4362,morris,,,,,,none,2050,13.13
4363,riesig,enorm,,,Adjektiv,,direct,2049,13.12
4364,entscheide,besluiten,kiezen,,Verb,entscheiden,lemma,2049,13.12
4365,koma,coma,,,Substantiv,,direct,2049,13.12
4366,prinzen,prins,,de,Substantiv,Prinz,lemma,2048,13.11
4367,bewusstlos,bewusteloos,,,Adjektiv,,direct,2048,13.11
4368,county,graafschap,,,Substantiv,,direct,2047,13.11
4369,marke,merk,markering,,Substantiv,,direct,2047,13.11
4370,harter,stug,hard,,Adjektiv,hart,lemma,2047,13.11
4371,hill,,,,,,none,2046,13.10
4372,höflich,beleefd,aardig,,Adjektiv,,direct,2046,13.10
4373,jude,jood,Jood,de,Substantiv,,direct,2045,13.09
4374,setzte,zetten,zitten; neerzitten,,Verb,setzen,lemma,2045,13.09
4375,besorg,aanschaffen,,,Verb,besorgen,lemma,2045,13.09
4376,absichtlich,opzettelijk,,,Adjektiv,,direct,2045,13.09
4377,vermasselt,,,,,,none,2045,13.09
4378,verschlossen,terughoudend,,,Adjektiv,,direct,2044,13.09
4379,sowie,evenals,alsmede; zo ook; zodra,,Subjunktion,,direct,2044,13.09
4380,gesang,zangkunst,,,Substantiv,,direct,2043,13.08
4381,gedreht,,,,,,none,2043,13.08
4382,ford,,,,,,none,2043,13.08
4383,religion,religie,geloof; godsdienst,,Substantiv,,direct,2043,13.08
4384,ey,,,,,,none,2042,13.08
4385,unterschrift,handtekening,,de,Substantiv,,direct,2042,13.08
4386,rosen,roos,roze,de,Substantiv,Rose,lemma,2041,13.07
4387,persönliches,persoonlijk,,,Adjektiv,persönlich,lemma,2041,13.07
4388,queen,,,,,,none,2040,13.06
4389,fortschritte,vorderen,,,Verb,fortschreiten,lemma,2040,13.06
4390,eingang,ingang,binnenkomen; inkomen; ontvangst,de,Substantiv,,direct,2038,13.05
4391,zugehört,luisteren,,,Verb,zuhören,lemma,2037,13.04
4392,biete,bieden,,,Verb,bieten,lemma,2036,13.04
4393,clara,Claartje,,,Substantiv,,direct,2036,13.04
4394,vorhaben,bedoeling,,de,Substantiv,,direct,2035,13.03
4395,kultur,cultuur,teelt,de,Substantiv,,direct,2034,13.02
4396,patientin,patiënt,,,Substantiv,,direct,2034,13.02
4397,stephen,,,,,,none,2033,13.02
4398,explodiert,,,,,,none,2033,13.02
4399,nichte,nicht,nichtje,de,Substantiv,,direct,2032,13.01
4400,verzichten,afstand,afzien,,Verb,,direct,2031,13.01
4401,steven,,,,,,none,2031,13.01
4402,harris,,,,,,none,2031,13.01
4403,existenz,bestaan,,,Substantiv,,direct,2030,13.00
4404,drehbuch,draaiboek,,,Substantiv,,direct,2029,12.99
4405,football,voetbal,,het,Substantiv,,direct,2029,12.99
4406,anzusehen,aanzien,,,Substantiv,ansehen,lemma,2028,12.99
4407,ohnmächtig,bewusteloos,,,Adjektiv,,direct,2028,12.99
4408,zaun,omheining,hek; schutting,,Substantiv,,direct,2027,12.98
4409,anthony,,,,,,none,2027,12.98
4410,geladen,winkel,,de,Substantiv,laden,lemma,2025,12.97
4411,guckt,kijken,,,Verb,gucken,lemma,2023,12.95
4412,privat,privaat,besloten,,Adjektiv,,direct,2023,12.95
4413,peg,,,,,,none,2023,12.95
4414,brauchten,nodig hebben,behoeven; gebruiken; hoeven,,Verb,brauchen,lemma,2022,12.95
4415,liam,,,,,,none,2022,12.95
4416,heb,heffen,,,Verb,heben,lemma,2021,12.94
4417,virginia,Virginië,,,Substantiv,,direct,2021,12.94
4418,wächter,bewaker,wacht,,Substantiv,,direct,2018,12.92
4419,eimer,emmer,,,Substantiv,,direct,2018,12.92
4420,blasen,blazen,pijpen,,Verb,,direct,2018,12.92
4421,rakete,raket,vuurpijl,,Substantiv,,direct,2017,12.92
4422,salz,zout,,het,Substantiv,,direct,2017,12.92
4423,unfair,onrechtvaardig,,,Adjektiv,,direct,2017,12.92
4424,verzeiht,,,,,,none,2016,12.91
4425,esel,ezel,chammer; gammor; steenezel,de,Substantiv,,direct,2016,12.91
4426,krankenschwester,verpleegster,,de,Substantiv,,direct,2016,12.91
4427,symbol,symbool,,,Substantiv,,direct,2014,12.90
4428,entscheidet,besluiten,kiezen,,Verb,entscheiden,lemma,2013,12.89
4429,fahrzeug,voertuig,,,Substantiv,,direct,2012,12.88
4430,unterwäsche,ondergoed,,,Substantiv,,direct,2011,12.88
4431,betrachtet,,,,,,none,2009,12.86
4432,bauern,pion,boer; landbouwer; agrariër,de,Substantiv,Bauer,lemma,2008,12.86
4433,engländer,Engelsman,Engelsen,de,Substantiv,,direct,2007,12.85
4434,wartete,wachten,onderhouden; verzorgen,,Verb,warten,lemma,2006,12.85
4435,schaust,kijken,,,Verb,schauen,lemma,2006,12.85
4436,genossen,,,,,,none,2005,12.84
4437,tropfen,druppel,wijn,,Substantiv,,direct,2005,12.84
4438,probiert,,,,,,none,2004,12.83
4439,spock,,,,,,none,2003,12.83
4440,verhungern,verhongeren,,,Verb,,direct,2001,12.81
4441,versuchten,proberen,,,Verb,versuchen,lemma,2001,12.81
4442,mütter,moeder,moer,de,Substantiv,Mutter,lemma,1999,12.80
4443,september,september,herfstmaand,de,Substantiv,,direct,1998,12.79
4444,aktion,actie,,de,Substantiv,,direct,1997,12.79
4445,bestanden,bestaan,bestaan uit,,Verb,bestehen,lemma,1997,12.79
4446,haaren,kaal worden,,,Verb,,direct,1997,12.79
4447,louise,,,,,,none,1995,12.77
4448,schluchzt,snikken,,,Verb,schluchzen,lemma,1993,12.76
4449,übertrieben,overdrijver,,,Adjektiv,,direct,1993,12.76
4450,heilmittel,remedie,,,Substantiv,,direct,1993,12.76
4451,apparat,apparaat,toestel,,Substantiv,,direct,1993,12.76
4452,vorm,,,,,,none,1992,12.76
4453,friedlich,vreedzaam,vredig,,Adjektiv,,direct,1992,12.76
4454,richtiges,correct,juist,,Adjektiv,richtig,lemma,1992,12.76
4455,zuschauer,toeschouwer,,,Substantiv,,direct,1991,12.75
4456,teenager,tiener,,de,Substantiv,,direct,1991,12.75
4457,geliefert,opleveren,verstrekken,,Verb,liefern,lemma,1990,12.74
4458,may,bloeimaand,,,Substantiv,,direct,1990,12.74
4459,gestritten,bakkeleien,,,Verb,streiten,lemma,1990,12.74
4460,maus,muis,computermuis,de,Substantiv,,direct,1989,12.74
4461,lediglich,alleen,slechts; uitsluitend,,Adverb,,direct,1989,12.74
4462,charakter,karakter,,het,Substantiv,,direct,1988,12.73
4463,riley,,,,,,none,1988,12.73
4464,krass,grof,,,Adjektiv,,direct,1986,12.72
4465,weiterer,wijd,,,Adjektiv,weit,lemma,1984,12.70
4466,group,,,,,,none,1983,12.70
4467,ricky,,,,,,none,1983,12.70
4468,diana,Diana,,,Substantiv,,direct,1982,12.69
4469,geräusche,lawaai,,,Substantiv,Geräusch,lemma,1981,12.68
4470,lichter,licht,,het,Substantiv,licht,lemma,1981,12.68
4471,starken,sterk,krachtig,,Adjektiv,stark,lemma,1980,12.68
4472,dexter,,,,,,none,1978,12.67
4473,staffel,seizoen,eenheid,,Substantiv,,direct,1977,12.66
4474,flaschen,fles,,,Substantiv,Flasche,lemma,1977,12.66
4475,putzen,opruimen,,,Verb,,direct,1977,12.66
4476,einbruch,inbraak,,,Substantiv,,direct,1976,12.65
4477,geheilt,helen,genezen,,Verb,heilen,lemma,1975,12.65
4478,beißen,bijten,,,Verb,,direct,1974,12.64
4479,nicole,Nicole,Nicolet,,Substantiv,,direct,1972,12.63
4480,stammen,afkomstig,,,Verb,,direct,1972,12.63
4481,wände,winden,,,Verb,winden,lemma,1972,12.63
4482,befürchte,schromen,,,Verb,befürchten,lemma,1971,12.62
4483,kostüm,kostuum,,,Substantiv,,direct,1971,12.62
4484,warren,,,,,,none,1971,12.62
4485,grüßen,begroeten,,,Verb,,direct,1971,12.62
4486,versagen,buizen,,,Verb,,direct,1970,12.61
4487,übernommen,,,,,,none,1969,12.61
4488,hoffte,hopen,,,Verb,hoffen,lemma,1968,12.60
4489,verschieben,verschuiven,,,Verb,,direct,1968,12.60
4490,verspätung,vertraging,,de,Substantiv,,direct,1968,12.60
4491,whiskey,,,,,,none,1967,12.60
4492,mars,Mars,mars,,Substantiv,,direct,1967,12.60
4493,media,media,,,Substantiv,,direct,1965,12.58
4494,entdecken,ontdekken,,,Verb,,direct,1965,12.58
4495,traue,trouwen,rekenen op; vertrouwen hebben; durven,,Verb,trauen,lemma,1964,12.58
4496,thron,troon,,de,Substantiv,,direct,1964,12.58
4497,riesigen,enorm,,,Adjektiv,riesig,lemma,1963,12.57
4498,zelt,tent,,,Substantiv,,direct,1962,12.56
4499,akzent,accent,,,Substantiv,,direct,1962,12.56
4500,truppe,ploeg,,,Substantiv,,direct,1960,12.55
4501,übertragen,overplaatsen,,,Verb,,direct,1960,12.55
4502,kompliment,compliment,,,Substantiv,,direct,1960,12.55
4503,flammen,,,,,,none,1960,12.55
4504,erkennst,herkennen,onderkennen,,Verb,erkennen,lemma,1960,12.55
4505,erschrecken,laten schrikken,,,Verb,,direct,1960,12.55
4506,gemälde,schilderij,,de,Substantiv,,direct,1960,12.55
4507,ari,,,,,,none,1959,12.54
4508,walt,,,,,,none,1959,12.54
4509,chip,chip,,,Substantiv,,direct,1959,12.54
4510,mannschaft,ploeg,elftal,,Substantiv,,direct,1958,12.54
4511,cindy,,,,,,none,1956,12.52
4512,loyalität,loyaliteit,,de,Substantiv,,direct,1956,12.52
4513,benjamin,Benjamin,,,Substantiv,,direct,1955,12.52
4514,dankeschön,bedankje,dankbetuiging; dankzegging,,Substantiv,,direct,1954,12.51
4515,vertreten,vertegenwoordigen,,,Verb,,direct,1953,12.51
4516,verhandlung,onderhandeling,,,Substantiv,,direct,1951,12.49
4517,lernst,leren,,,Verb,lernen,lemma,1951,12.49
4518,brüllt,brullen,,,Verb,brüllen,lemma,1951,12.49
4519,füllen,veulen,,het,Substantiv,,direct,1950,12.49
4520,letztendlich,uiteindelijk,,,Adverb,,direct,1950,12.49
4521,krise,crisis,,,Substantiv,,direct,1949,12.48
4522,verlierer,verliezer,,,Substantiv,,direct,1949,12.48
4523,spencer,,,,,,none,1949,12.48
4524,with,,,,,,none,1949,12.48
4525,kekse,koekje,biscuit; biscuitje,,Substantiv,Keks,lemma,1949,12.48
4526,ausschalten,uitschakelen,,,Verb,,direct,1949,12.48
4527,penis,penis,,,Substantiv,,direct,1949,12.48
4528,profi,deskundige,,,Substantiv,,direct,1948,12.47
4529,whisky,whisky,,de,Substantiv,,direct,1947,12.47
4530,erledige,uitvoeren,,,Verb,erledigen,lemma,1947,12.47
4531,gelächter,gelach,,,Substantiv,,direct,1947,12.47
4532,fängst,tikkertje,krijgertje; pakkertje,,Substantiv,fangen,lemma,1945,12.45
4533,erklär,uitleggen,uit de doeken doen,,Verb,erklären,lemma,1945,12.45
4534,einspruch,bezwaar,,,Substantiv,,direct,1945,12.45
4535,angeln,sportvissen,,,Substantiv,,direct,1945,12.45
4536,rausgehen,,,,,,none,1943,12.44
4537,monk,,,,,,none,1942,12.44
4538,kaution,borg,borgtocht; borgsom; cautie,,Substantiv,,direct,1941,12.43
4539,eures,jullie,,,Possessivpronomen,euer,lemma,1940,12.42
4540,gesessen,zitten,,,Verb,sitzen,lemma,1939,12.42
4541,verrate,verraden,,,Verb,verraten,lemma,1939,12.42
4542,kehrt,vegen,,,Verb,kehren,lemma,1938,12.41
4543,boy,,,,,,none,1937,12.40
4544,summe,som,,,Substantiv,,direct,1937,12.40
4545,lade,borstkas,,,Substantiv,,direct,1936,12.40
4546,billig,goedkoop,,,Adjektiv,,direct,1936,12.40
4547,curtis,,,,,,none,1936,12.40
4548,bernard,,,,,,none,1934,12.38
4549,juni,juni,zomermaand,de,Substantiv,,direct,1933,12.38
4550,gerissen,kundigheid,,,Adjektiv,,direct,1933,12.38
4551,festgenommen,arresteren,aanhouden; oppakken,,Verb,festnehmen,lemma,1932,12.37
4552,ralph,,,,,,none,1930,12.36
4553,befohlen,,,,,,none,1930,12.36
4554,überlege,nadenken,,,Verb,überlegen,lemma,1930,12.36
4555,koordinaten,coördinaat,,,Substantiv,Koordinate,lemma,1929,12.35
4556,flog,vliegen,,,Verb,fliegen,lemma,1928,12.35
4557,herzinfarkt,hartinfarct,,,Substantiv,,direct,1927,12.34
4558,hinlegen,zetten,,,Verb,,direct,1925,12.33
4559,nahrung,voedsel,,het,Substantiv,,direct,1925,12.33
4560,liege,ligstoel,,de,Substantiv,,direct,1925,12.33
4561,geflohen,,,,,,none,1924,12.32
4562,knall,knal,,,Substantiv,,direct,1922,12.31
4563,nebenbei,en passant,,,Adverb,,direct,1921,12.30
4564,mylord,,,,,,none,1921,12.30
4565,nachbar,buurman,buur,de,Substantiv,,direct,1921,12.30
4566,küss,kussen,zoenen,,Verb,küssen,lemma,1921,12.30
4567,lhrem,,,,,,none,1920,12.29
4568,geleistet,leest,,,Substantiv,leisten,lemma,1920,12.29
4569,nutzt,nut,baat,het,Substantiv,nutzen,lemma,1920,12.29
4570,fröhliche,vrolijk,,,Adjektiv,fröhlich,lemma,1920,12.29
4571,nebel,mist,nevel,,Substantiv,,direct,1920,12.29
4572,front,front,,,Substantiv,,direct,1920,12.29
4573,veränderung,verandering,,,Substantiv,,direct,1919,12.29
4574,affe,aap,apin,de,Substantiv,,direct,1919,12.29
4575,kontaktieren,contacteren,,,Verb,,direct,1918,12.28
4576,brand,brand,,de,Substantiv,,direct,1918,12.28
4577,fuhren,rijden,,,Verb,fahren,lemma,1918,12.28
4578,zwischenzeit,ad interim,,,Substantiv,,direct,1917,12.28
4579,eingesetzt,gaan,,,Verb,einsetzen,lemma,1916,12.27
4580,anton,Antoon,Anton,,Substantiv,,direct,1916,12.27
4581,philip,,,,,,none,1916,12.27
4582,megan,,,,,,none,1916,12.27
4583,schlimmeres,slecht,,,Adjektiv,schlimm,lemma,1916,12.27
4584,rennt,rennen,hollen,,Verb,rennen,lemma,1916,12.27
4585,anlegen,afmeren,,,Verb,,direct,1915,12.26
4586,nachzudenken,denken,,,Verb,nachdenken,lemma,1915,12.26
4587,schwör,zweren,een eed afleggen,,Verb,schwören,lemma,1915,12.26
4588,übliche,gebruikelijk,,,Adjektiv,üblich,lemma,1914,12.26
4589,kreatur,schepsel,,,Substantiv,,direct,1914,12.26
4590,verderben,verbruien,,,Verb,,direct,1914,12.26
4591,medizinische,medisch,geneeskundig,,Adjektiv,medizinisch,lemma,1912,12.24
4592,besetzt,,,,,,none,1912,12.24
4593,zugriff,toegang,,de,Substantiv,,direct,1912,12.24
4594,kanal,kanaal,riool,,Substantiv,,direct,1910,12.23
4595,blutdruck,bloeddruk,,,Substantiv,,direct,1909,12.22
4596,grüne,bomenknuffelaar,,,Substantiv,,direct,1909,12.22
4597,ausgeben,uitgeven,,,Verb,,direct,1908,12.22
4598,papi,papa,,,Substantiv,,direct,1908,12.22
4599,clown,clown,,,Substantiv,,direct,1908,12.22
4600,lhrer,,,,,,none,1908,12.22
4601,sonny,,,,,,none,1908,12.22
4602,schwören,zweren,een eed afleggen,,Verb,,direct,1908,12.22
4603,hühnchen,hen,,de,Substantiv,,direct,1907,12.21
4604,arten,,,,,,none,1906,12.20
4605,aufgebaut,,,,,,none,1906,12.20
4606,sydney,,,,,,none,1906,12.20
4607,betrügen,bedriegen,frauderen; bedotten; besjoemelen,,Verb,,direct,1906,12.20
4608,steele,,,,,,none,1905,12.20
4609,trank,drank,,,Substantiv,,direct,1904,12.19
4610,glatt,glad,,,Adjektiv,,direct,1904,12.19
4611,trainiert,,,,,,none,1903,12.19
4612,indien,India,Indië,,Substantiv,,direct,1903,12.19
4613,autor,auteur,,de,Substantiv,,direct,1903,12.19
4614,geweint,huilen,blèren; wenen,,Verb,weinen,lemma,1902,12.18
4615,blume,bloem,,de,Substantiv,,direct,1902,12.18
4616,verletzungen,schending,verwonding,,Substantiv,Verletzung,lemma,1902,12.18
4617,special,,,,,,none,1902,12.18
4618,zwillinge,Tweelingen,,,,,direct,1902,12.18
4619,mia,,,,,,none,1901,12.17
4620,reißt,doos,,,Substantiv,reißen,lemma,1901,12.17
4621,zeigst,tonen,wijzen,,Verb,zeigen,lemma,1900,12.17
4622,stirb,sterven,doodgaan,,Verb,sterben,lemma,1900,12.17
4623,justin,,,,,,none,1899,12.16
4624,diane,,,,,,none,1899,12.16
4625,gefickt,neuken,,,Verb,ficken,lemma,1898,12.15
4626,schlägst,verslaan,slaan; kloppen; vechten,,Verb,schlagen,lemma,1898,12.15
4627,moskau,Moskou,,,Substantiv,,direct,1898,12.15
4628,erwartest,verwachten,,,Verb,erwarten,lemma,1897,12.15
4629,gestoßen,duwen,,,Verb,stoßen,lemma,1896,12.14
4630,durchgehen,doorgaan,,,Verb,,direct,1895,12.13
4631,praxis,praktijk,,,Substantiv,,direct,1894,12.13
4632,gründlich,gedegen,grondig; degelijk,,Adjektiv,,direct,1894,12.13
4633,benny,,,,,,none,1894,12.13
4634,eingeschlossen,incluis,,,,,direct,1894,12.13
4635,tragödie,tragedie,,,Substantiv,,direct,1894,12.13
4636,vollständig,volledig,,,Adjektiv,,direct,1894,12.13
4637,psychiater,psychiater,,,Substantiv,,direct,1894,12.13
4638,rasse,ras,,,Substantiv,,direct,1893,12.12
4639,lance,,,,,,none,1891,12.11
4640,vertraust,vertrouwen,,,Substantiv,vertrauen,lemma,1891,12.11
4641,kummer,verdriet,,,Substantiv,,direct,1891,12.11
4642,eigener,apart,eigen,,Adjektiv,eigen,lemma,1890,12.10
4643,christine,Christine,,,Substantiv,,direct,1888,12.09
4644,partei,partij,,de,Substantiv,,direct,1888,12.09
4645,zentrum,centrum,,,Substantiv,,direct,1887,12.08
4646,testament,testament,,,Substantiv,,direct,1887,12.08
4647,entfernung,afstand,,de,Substantiv,,direct,1886,12.08
4648,private,privaat,besloten,,Adjektiv,privat,lemma,1886,12.08
4649,welten,wereld,,,Substantiv,Welt,lemma,1885,12.07
4650,verlegen,uitgeven,,,Verb,,direct,1884,12.06
4651,heroin,heroïne,,,Substantiv,,direct,1884,12.06
4652,erfuhr,ervaren,,,Adjektiv,erfahren,lemma,1884,12.06
4653,gelände,terrein,,,Substantiv,,direct,1884,12.06
4654,kutsche,koets,,de,Substantiv,,direct,1883,12.06
4655,dummer,dom,suf,,Adjektiv,dumm,lemma,1883,12.06
4656,homer,Homerus,,,Substantiv,,direct,1883,12.06
4657,stabil,stabiel,,,Adjektiv,,direct,1882,12.05
4658,ausgeschlossen,geen sprake van,,,Adjektiv,,direct,1882,12.05
4659,out,,,,,,none,1882,12.05
4660,draus,,,,,,none,1881,12.04
4661,aufgehoben,optillen,oplichten,,Verb,aufheben,lemma,1881,12.04
4662,single,vrijgezel,,,Substantiv,,direct,1880,12.04
4663,regisseur,regisseur,,de,Substantiv,,direct,1880,12.04
4664,vielmals,vaak,,,Adverb,,direct,1880,12.04
4665,dylan,,,,,,none,1880,12.04
4666,bestand,voorraad,bestand; bestaan,de,Substantiv,,direct,1879,12.03
4667,erbe,erfgenaam,erfgoed; erfenis; nalatenschap,de,Substantiv,,direct,1878,12.03
4668,weggelaufen,vluchten,,,Verb,weglaufen,lemma,1878,12.03
4669,noah,Noach,,,Substantiv,,direct,1877,12.02
4670,leichte,licht,gemakkelijk; makkelijk,,Adjektiv,leicht,lemma,1876,12.01
4671,zuständig,bevoegd,verantwoordelijk,,Adjektiv,,direct,1875,12.01
4672,losgehen,beginnen,,,Verb,,direct,1875,12.01
4673,long,,,,,,none,1875,12.01
4674,hustet,hoest,,,Substantiv,husten,lemma,1873,11.99
4675,brutal,bruut,,,Adjektiv,,direct,1873,11.99
4676,besprochen,,,,,,none,1872,11.99
4677,halbes,half,,,Adjektiv,halb,lemma,1871,11.98
4678,bargeld,contant geld,,,Substantiv,,direct,1870,11.97
4679,peggy,,,,,,none,1870,11.97
4680,action,actie,,de,Substantiv,,direct,1870,11.97
4681,zusammenarbeiten,samenwerken,,,Verb,,direct,1869,11.97
4682,beunruhigt,,,,,,none,1869,11.97
4683,achte,achtste,,,Adjektiv,,direct,1868,11.96
4684,innere,,,,,,none,1867,11.95
4685,kanone,kanon,,,Substantiv,,direct,1866,11.95
4686,eklig,akelig,,,Adjektiv,,direct,1865,11.94
4687,armes,arm,,de,Substantiv,arm,lemma,1865,11.94
4688,avenue,laan,,,Substantiv,,direct,1863,11.93
4689,öffentlich,openbaar,publiek,,Adjektiv,,direct,1863,11.93
4690,nützt,benutten,nutten; baten,,Verb,nützen,lemma,1862,11.92
4691,marine,marine,,,Substantiv,,direct,1862,11.92
4692,brillant,briljant,,,Substantiv,,direct,1861,11.92
4693,köder,aas,lokaas,de,Substantiv,,direct,1861,11.92
4694,gespräche,gesprek,,,Substantiv,Gespräch,lemma,1860,11.91
4695,nähert,naderen,,,Verb,nähern,lemma,1859,11.90
4696,vorgehen,aanpak,,de,Substantiv,,direct,1859,11.90
4697,kleinigkeit,bagatel,kleinigheid; futiliteit,,Substantiv,,direct,1858,11.90
4698,kissen,kussen,,,Substantiv,,direct,1858,11.90
4699,manny,,,,,,none,1857,11.89
4700,geisel,gijzelaar,,de,Substantiv,,direct,1857,11.89
4701,gerecht,rechtvaardig,,,Adjektiv,,direct,1856,11.88
4702,trost,troost,,,Substantiv,,direct,1855,11.88
4703,gehasst,haten,,,Verb,hassen,lemma,1855,11.88
4704,gesorgt,zorgen,verzorgen,,Verb,sorgen,lemma,1854,11.87
4705,archer,,,,,,none,1854,11.87
4706,spinner,gek,,,Substantiv,,direct,1854,11.87
4707,vergebung,vergiffenis,,,Substantiv,,direct,1853,11.87
4708,vieh,vee,,,Substantiv,,direct,1853,11.87
4709,schnelle,accelereren,,,Verb,schnellen,lemma,1852,11.86
4710,normales,normaal,gewone,,Adjektiv,normal,lemma,1852,11.86
4711,gefesselt,,,,,,none,1852,11.86
4712,lautes,luid,hard; luidruchtig; volgens,,Adjektiv,laut,lemma,1851,11.85
4713,kalte,koud,kil,,Adjektiv,kalt,lemma,1851,11.85
4714,leitet,leiden,runnen,,Verb,leiten,lemma,1850,11.85
4715,angehen,aanpakken,,,Verb,,direct,1849,11.84
4716,ekelhaft,akelig,weerzinwekkend,,Adjektiv,,direct,1848,11.83
4717,salat,salade,sla,,Substantiv,,direct,1848,11.83
4718,schicht,laag,,,Substantiv,,direct,1848,11.83
4719,intelligent,intelligent,,,Adjektiv,,direct,1847,11.83
4720,meg,,,,,,none,1847,11.83
4721,verhältnis,verhouding,,de,Substantiv,,direct,1847,11.83
4722,socken,sok,,,Substantiv,Socke,lemma,1846,11.82
4723,brieftasche,portefeuille,,,Substantiv,,direct,1846,11.82
4724,holly,,,,,,none,1846,11.82
4725,packt,inpakken,,,Verb,packen,lemma,1846,11.82
4726,eventuell,wellicht,,,Adjektiv,,direct,1845,11.81
4727,nirgendwohin,nergens heen,,,Adverb,,direct,1845,11.81
4728,methode,methode,,,Substantiv,,direct,1845,11.81
4729,gelangen,aankomen,,,Verb,,direct,1845,11.81
4730,gespannt,gespannen,,,Adjektiv,,direct,1843,11.80
4731,vernunft,rede,,,Substantiv,,direct,1842,11.79
4732,zurückgehen,teruggaan,,,Verb,,direct,1842,11.79
4733,regnet,regenen,,,Verb,regnen,lemma,1842,11.79
4734,drama,drama,,,Substantiv,,direct,1842,11.79
4735,entspannt,,,,,,none,1842,11.79
4736,wörter,woord,,de/het,Substantiv,Wort,lemma,1841,11.79
4737,klingeln,bellen,klinken,,Verb,,direct,1840,11.78
4738,ruhige,rustig,sereen,,Adjektiv,ruhig,lemma,1839,11.78
4739,sprung,sprong,,,Substantiv,,direct,1839,11.78
4740,anständig,fatsoenlijk,netjes,,Adjektiv,,direct,1839,11.78
4741,gangster,gangster,,,Substantiv,,direct,1839,11.78
4742,harten,stug,hard,,Adjektiv,hart,lemma,1838,11.77
4743,aufzeichnungen,opname,,,Substantiv,Aufzeichnung,lemma,1837,11.76
4744,ofen,oven,kachel,de,Substantiv,,direct,1836,11.76
4745,cowboy,cowboy,,,Substantiv,,direct,1836,11.76
4746,endgültig,definitief,,,Adjektiv,,direct,1836,11.76
4747,aufgaben,opgeven,,,Verb,aufgeben,lemma,1835,11.75
4748,ruh,rusten,,,Verb,ruhen,lemma,1834,11.74
4749,deutsch,Duits,Duitse taal,het,Substantiv,,direct,1834,11.74
4750,neil,,,,,,none,1833,11.74
4751,wodka,wodka,,,Substantiv,,direct,1833,11.74
4752,know,,,,,,none,1832,11.73
4753,air,,,,,,none,1832,11.73
4754,respektieren,respecteren,,,Verb,,direct,1832,11.73
4755,riskant,riskant,,,Adjektiv,,direct,1831,11.72
4756,lohn,loon,,,Substantiv,,direct,1829,11.71
4757,zuviel,teveel,,,,,direct,1829,11.71
4758,zustimmen,toestemmen,,,Verb,,direct,1828,11.71
4759,schnaps,borrel,,,Substantiv,,direct,1828,11.71
4760,troy,,,,,,none,1828,11.71
4761,stufe,trap,,de,Substantiv,,direct,1827,11.70
4762,erleichtert,,,,,,none,1826,11.69
4763,scheune,schuur,,,Substantiv,,direct,1826,11.69
4764,vanessa,,,,,,none,1826,11.69
4765,klink,,,,,,none,1825,11.69
4766,spaziergang,wandeling,,,Substantiv,,direct,1824,11.68
4767,katherine,,,,,,none,1824,11.68
4768,zettel,aantekening,,de,Substantiv,,direct,1822,11.67
4769,kotzen,kotsen,braken; overgeven; over de nek gaan,,Verb,,direct,1822,11.67
4770,blödmann,eikel,,de,Substantiv,,direct,1821,11.66
4771,hurra,hoera,,,Interjektion,,direct,1820,11.65
4772,lana,,,,,,none,1820,11.65
4773,symptome,symptoom,,,Substantiv,Symptom,lemma,1819,11.65
4774,vorfahren,,,,,,none,1818,11.64
4775,nutzlos,nutteloos,,,Adjektiv,,direct,1818,11.64
4776,shaw,,,,,,none,1818,11.64
4777,telefonnummer,telefoonnummer,,,Substantiv,,direct,1817,11.63
4778,nochmals,alsnog,,,Adverb,,direct,1817,11.63
4779,grey,,,,,,none,1816,11.63
4780,medien,media,,,Substantiv,Media,lemma,1816,11.63
4781,faul,lui,,,Adjektiv,,direct,1813,11.61
4782,dient,dienen,,,Verb,dienen,lemma,1811,11.60
4783,russell,,,,,,none,1811,11.60
4784,ereignisse,gebeurtenis,,,Substantiv,Ereignis,lemma,1810,11.59
4785,aussuchen,selecteren,,,Verb,,direct,1810,11.59
4786,verprügelt,,,,,,none,1809,11.58
4787,zweites,,,,,,none,1808,11.58
4788,sherlock,,,,,,none,1807,11.57
4789,fabelhaft,ontzagwekkend,,,Adjektiv,,direct,1807,11.57
4790,klinge,blad,lemmet,,Substantiv,,direct,1806,11.56
4791,leistung,prestatie,uitkering,de,Substantiv,,direct,1805,11.56
4792,beileid,condoleance,,,Substantiv,,direct,1805,11.56
4793,castle,,,,,,none,1804,11.55
4794,durchführen,bewerkstelligen,,,Verb,,direct,1804,11.55
4795,mitchell,,,,,,none,1804,11.55
4796,eröffnen,opendoen,,,Verb,,direct,1804,11.55
4797,unschuld,onschuld,,,Substantiv,,direct,1804,11.55
4798,seist,zijn,wezen,,Verb,sein,lemma,1803,11.55
4799,stoßen,duwen,,,Verb,,direct,1802,11.54
4800,palmer,,,,,,none,1802,11.54
4801,like,like,,,Substantiv,,direct,1801,11.53
4802,genügend,voldoende,,,Adjektiv,,direct,1800,11.53
4803,sofa,sofa,,,Substantiv,,direct,1800,11.53
4804,gestatten,toelaten,,,Verb,,direct,1799,11.52
4805,gekocht,koken,,,Verb,kochen,lemma,1799,11.52
4806,biest,biest,,,Substantiv,,direct,1799,11.52
4807,lydia,,,,,,none,1798,11.51
4808,bräuchte,nodig hebben,behoeven; gebruiken; hoeven,,Verb,brauchen,lemma,1797,11.51
4809,ausgelöst,activeren,,,Verb,auslösen,lemma,1795,11.49
4810,väter,vader,papa,de,Substantiv,Vater,lemma,1795,11.49
4811,verarscht,,,,,,none,1793,11.48
4812,butter,boter,,de,Substantiv,,direct,1793,11.48
4813,nachbarschaft,buurt,,,Substantiv,,direct,1792,11.47
4814,villa,villa,,,Substantiv,,direct,1792,11.47
4815,data,,,,,,none,1792,11.47
4816,goldene,gouden,,,Adjektiv,golden,lemma,1791,11.47
4817,schließe,sluiting,,de,Substantiv,,direct,1790,11.46
4818,saft,sap,,,Substantiv,,direct,1790,11.46
4819,begehen,begaan,,,Verb,,direct,1790,11.46
4820,hauptquartier,hoofdkwartier,,,Substantiv,,direct,1788,11.45
4821,geschworen,etteren,,,Verb,schwären,lemma,1787,11.44
4822,abgenommen,afnemen,verminderen,,Verb,abnehmen,lemma,1787,11.44
4823,werkstatt,werkplaats,garage,,Substantiv,,direct,1786,11.44
4824,überreden,overreden,,,Verb,,direct,1786,11.44
4825,nannten,noemen,aanwijzen,,Verb,nennen,lemma,1785,11.43
4826,gemüse,groente,gewas,de,Substantiv,,direct,1784,11.42
4827,schläger,racket,,,Substantiv,,direct,1784,11.42
4828,frisst,vreten,,,Substantiv,fressen,lemma,1783,11.42
4829,bewundere,bewonderen,,,Verb,bewundern,lemma,1783,11.42
4830,geschieden,gescheiden,,,Adjektiv,,direct,1783,11.42
4831,assistentin,assistente,,,Substantiv,,direct,1782,11.41
4832,wettbewerb,wedstrijd,concurrentie; mededinging,,Substantiv,,direct,1781,11.40
4833,lebten,leven,,,Substantiv,leben,lemma,1781,11.40
4834,sieger,winnaar,,,Substantiv,,direct,1781,11.40
4835,verfassung,constitutie,gesteldheid; grondwet,,Substantiv,,direct,1780,11.40
4836,küsst,kussen,zoenen,,Verb,küssen,lemma,1780,11.40
4837,fußball,voetbal,,het,Substantiv,,direct,1779,11.39
4838,geschnitten,snijden,,,Verb,schneiden,lemma,1778,11.39
4839,master,beheersen,,,Substantiv,,direct,1778,11.39
4840,quietschen,gillen,knersen,,Verb,,direct,1778,11.39
4841,füttern,voeden,,,Verb,,direct,1778,11.39
4842,gürtel,riem,gordel,de,Substantiv,,direct,1777,11.38
4843,unschuldigen,onschuldig,,,Adjektiv,unschuldig,lemma,1775,11.37
4844,menschlich,menselijk,,,Adjektiv,,direct,1775,11.37
4845,eigenartig,eigenaardig,apart,,Adjektiv,,direct,1775,11.37
4846,oje,o jee,,,Interjektion,,direct,1774,11.36
4847,hanna,,,,,,none,1774,11.36
4848,kabel,kabel,,de,Substantiv,,direct,1774,11.36
4849,duke,,,,,,none,1774,11.36
4850,franz,Franciscus,,,Substantiv,,direct,1773,11.35
4851,zahn,tand,,de,Substantiv,,direct,1773,11.35
4852,landet,landen,,,Verb,landen,lemma,1773,11.35
4853,kisten,kist,,,Substantiv,Kiste,lemma,1773,11.35
4854,liegst,liggen,,,Verb,liegen,lemma,1772,11.35
4855,mona,,,,,,none,1772,11.35
4856,krankenstation,verpleeginrichting,,,Substantiv,,direct,1772,11.35
4857,leine,hondenriem,,,Substantiv,,direct,1772,11.35
4858,beschreibung,beschrijving,,de,Substantiv,,direct,1771,11.34
4859,ausmacht,uitdoen,,,Verb,ausmachen,lemma,1770,11.33
4860,beschädigt,kapot,,,,,direct,1769,11.33
4861,grundstück,grondstuk,,,Substantiv,,direct,1768,11.32
4862,steckte,baar,,,Substantiv,stecken,lemma,1768,11.32
4863,bahn,baan,spoor; traject,,Substantiv,,direct,1768,11.32
4864,turm,toren,,de,Substantiv,,direct,1768,11.32
4865,mine,mijn,,,Substantiv,,direct,1768,11.32
4866,sauerstoff,zuurstof,,,Substantiv,,direct,1767,11.31
4867,nö,neu,,,Antwortpartikel,,direct,1766,11.31
4868,angesichts,gezien,,,Präposition,,direct,1766,11.31
4869,ll,,,,,,none,1765,11.30
4870,versager,kneus,mislukkeling,,Substantiv,,direct,1765,11.30
4871,deinetwegen,,,,,,none,1765,11.30
4872,vic,,,,,,none,1765,11.30
4873,angeklagt,aanklagen,,,Verb,anklagen,lemma,1765,11.30
4874,aufhört,stoppen,ophouden,,Verb,aufhören,lemma,1765,11.30
4875,baden,baden,,,Verb,,direct,1765,11.30
4876,knacken,reet,,,Verb,,direct,1764,11.30
4877,verbindungen,verbinding,,de,Substantiv,Verbindung,lemma,1763,11.29
4878,panzer,tank,pantser,de,Substantiv,,direct,1763,11.29
4879,marcel,,,,,,none,1762,11.28
4880,bach,beek,sloot,,Substantiv,,direct,1762,11.28
4881,leiser,stil,zacht; zachtjes; fijn,,Adjektiv,leise,lemma,1761,11.28
4882,stimmengewirr,geroezemoes,,,Substantiv,,direct,1761,11.28
4883,zerstörung,vernietiging,,,Substantiv,,direct,1761,11.28
4884,stirn,voorhoofd,,,Substantiv,,direct,1761,11.28
4885,finn,,,,,,none,1760,11.27
4886,sanft,stil,,,Adjektiv,,direct,1759,11.26
4887,kloster,klooster,,,Substantiv,,direct,1758,11.26
4888,charmant,charmant,,,Adjektiv,,direct,1758,11.26
4889,aufbauen,ophopen,opstapelen,,Verb,,direct,1758,11.26
4890,thanksgiving,,,,,,none,1758,11.26
4891,anlass,aanleiding,,de,Substantiv,,direct,1757,11.25
4892,zähle,tellen,,,Verb,zählen,lemma,1757,11.25
4893,verlieben,verliefd worden,,,Verb,,direct,1756,11.24
4894,atmosphäre,atmosfeer,dampkring,,Substantiv,,direct,1756,11.24
4895,ronnie,,,,,,none,1756,11.24
4896,samantha,,,,,,none,1752,11.22
4897,leber,lever,,,Substantiv,,direct,1751,11.21
4898,jener,dat,,,Demonstrativpronomen,,direct,1751,11.21
4899,begegnen,ontmoeten,,,Verb,,direct,1751,11.21
4900,dämlich,suf,,,Adjektiv,,direct,1749,11.20
4901,krawatte,stropdas,das,,Substantiv,,direct,1749,11.20
4902,juan,,,,,,none,1748,11.19
4903,tarnung,camouflage,,,Substantiv,,direct,1748,11.19
4904,kanada,Canada,,,Substantiv,,direct,1747,11.19
4905,alpha,alfa,,,Substantiv,,direct,1747,11.19
4906,baker,,,,,,none,1747,11.19
4907,tabletten,tablet,pil,,Substantiv,Tablette,lemma,1747,11.19
4908,faust,vuist,,de,Substantiv,,direct,1747,11.19
4909,auftreten,verschijnen,,,Verb,,direct,1747,11.19
4910,monroe,,,,,,none,1747,11.19
4911,blatt,blad,vel,,Substantiv,,direct,1746,11.18
4912,gelöscht,doven,uitdoen; blussen; uitmaken,,Verb,löschen,lemma,1746,11.18
4913,dschungel,jungle,oerwoud,,Substantiv,,direct,1746,11.18
4914,alison,,,,,,none,1745,11.17
4915,niedlich,schattig,,,Adjektiv,,direct,1744,11.17
4916,klage,klacht,,,Substantiv,,direct,1743,11.16
4917,wolltet,willen,,,Verb,wollen,lemma,1742,11.15
4918,jonas,Jonas,,,Substantiv,,direct,1742,11.15
4919,akt,akte,,,Substantiv,,direct,1740,11.14
4920,schießerei,schietpartij,,de,Substantiv,,direct,1739,11.14
4921,anwältin,advocate,,,Substantiv,,direct,1739,11.14
4922,überleg,nadenken,,,Verb,überlegen,lemma,1739,11.14
4923,frisur,kapsel,haardracht; frissuur,,Substantiv,,direct,1739,11.14
4924,spruch,dictum,spreuk,,Substantiv,,direct,1738,11.13
4925,jene,dat,,,Demonstrativpronomen,jener,lemma,1738,11.13
4926,moral,moraal,normbesef,,Substantiv,,direct,1737,11.12
4927,angelegenheiten,zaken,,,Substantiv,Angelegenheit,lemma,1737,11.12
4928,dokumente,document,,,Substantiv,Dokument,lemma,1737,11.12
4929,fröhlich,vrolijk,,,Adjektiv,,direct,1736,11.12
4930,spezies,soort,,,Substantiv,,direct,1735,11.11
4931,oktober,oktober,,de,Substantiv,,direct,1735,11.11
4932,schachtel,doos,,,Substantiv,,direct,1733,11.10
4933,opfers,offer,slachtoffer,,Substantiv,Opfer,lemma,1733,11.10
4934,noten,bladmuziek,,,,,direct,1733,11.10
4935,ellie,,,,,,none,1733,11.10
4936,irgendwohin,ergens heen,,,Adverb,,direct,1733,11.10
4937,nora,,,,,,none,1732,11.09
4938,brunnen,put,waterput,de,Substantiv,,direct,1732,11.09
4939,toby,,,,,,none,1732,11.09
4940,sandy,,,,,,none,1731,11.08
4941,lampe,lamp,,,Substantiv,,direct,1731,11.08
4942,craig,,,,,,none,1731,11.08
4943,jagt,jagen,,,Verb,jagen,lemma,1730,11.08
4944,eigentum,eigendom,,de,Substantiv,,direct,1730,11.08
4945,diebstahl,diefstal,,de,Substantiv,,direct,1730,11.08
4946,spenden,overhandigen,,,Verb,,direct,1729,11.07
4947,betrieb,vervoer,,,Substantiv,,direct,1729,11.07
4948,gemeinsame,gemeenschappelijk,gezamenlijk,,Adjektiv,gemeinsam,lemma,1728,11.06
4949,absurd,absurd,,,Adjektiv,,direct,1728,11.06
4950,gegensatz,tegenovergestelde,,,Substantiv,,direct,1728,11.06
4951,frühling,lente,voorjaar,de,Substantiv,,direct,1728,11.06
4952,dünn,dun,mager,,Adjektiv,,direct,1727,11.06
4953,ausland,buitenland,,het,Substantiv,,direct,1727,11.06
4954,schultern,aanbrengen,,,Verb,,direct,1727,11.06
4955,entwicklung,ontwikkeling,,,Substantiv,,direct,1726,11.05
4956,vergehen,voorbijgaan,,,Verb,,direct,1726,11.05
4957,ahnen,verdenken,,,Verb,,direct,1726,11.05
4958,verbessern,verbeteren,,,Verb,,direct,1725,11.05
4959,herzog,hertog,,de,Substantiv,,direct,1725,11.05
4960,diskussion,bespreking,discussie,de,Substantiv,,direct,1724,11.04
4961,gehalt,gehalte,,,Substantiv,,direct,1724,11.04
4962,lemon,,,,,,none,1723,11.03
4963,freak,engerd,,de,Substantiv,,direct,1723,11.03
4964,glocke,klok,bel,,Substantiv,,direct,1722,11.03
4965,forschung,onderzoek,research; navorsing,,Substantiv,,direct,1722,11.03
4966,geradeaus,rechtdoor,,,Adverb,,direct,1722,11.03
4967,fette,,,,,,none,1721,11.02
4968,iris,iris,,,Substantiv,,direct,1720,11.01
4969,rechnungen,rekening,nota,,Substantiv,Rechnung,lemma,1720,11.01
4970,kasse,kas,bank,,Substantiv,,direct,1720,11.01
4971,tödlich,dodelijk,,,Adjektiv,,direct,1720,11.01
4972,tieren,dier,beest,het,Substantiv,Tier,lemma,1719,11.01
4973,ian,,,,,,none,1719,11.01
4974,oberfläche,oppervlak,oppervlakte,het,Substantiv,,direct,1719,11.01
4975,gitarre,gitaar,,,Substantiv,,direct,1719,11.01
4976,bedienen,opereren,,,Verb,,direct,1719,11.01
4977,jan,Jan,,,Substantiv,,direct,1717,10.99
4978,zwang,dwang,,de,Substantiv,,direct,1717,10.99
4979,marsh,,,,,,none,1716,10.99
4980,politiker,politicus,,,Substantiv,,direct,1716,10.99
4981,bären,,,,,,none,1716,10.99
4982,vereint,verenigd,,,Adjektiv,,direct,1716,10.99
4983,irgendeiner,enkele,,,Indefinitpronomen,irgendein,lemma,1715,10.98
4984,ward,worden,zullen; gaan,,Verb,werden,lemma,1714,10.98
4985,besuche,bezoeken,opzoeken,,Verb,besuchen,lemma,1714,10.98
4986,schreckliches,verschrikkelijk,schrikkelig,,Adjektiv,schrecklich,lemma,1714,10.98
4987,schoss,,,,,,none,1714,10.98
4988,collins,,,,,,none,1713,10.97
4989,werkzeug,gereedschap,werktuig,,Substantiv,,direct,1712,10.96
4990,kranken,ziek,,,Adjektiv,krank,lemma,1711,10.96
4991,neffe,neef,oomzegger,de,Substantiv,,direct,1710,10.95
4992,sue,,,,,,none,1710,10.95
4993,dauerte,duren,,,Verb,dauern,lemma,1710,10.95
4994,brooklyn,,,,,,none,1710,10.95
4995,lebenden,levend,,,Adjektiv,lebend,lemma,1709,10.94
4996,bevölkerung,bevolking,zielental,,Substantiv,,direct,1709,10.94
4997,hergebracht,,,,,,none,1708,10.94
4998,just,billijk,,,Adverb,,direct,1707,10.93
4999,durchziehen,insteken,,,Verb,,direct,1707,10.93
5000,gepackt,inpakken,,,Verb,packen,lemma,1707,10.93
5001,service,servies,dienst,,Substantiv,,direct,1707,10.93
5002,furchtbare,verschrikkelijk,,,Adjektiv,furchtbar,lemma,1706,10.92
5003,liebster,lief,,,Adjektiv,lieb,lemma,1706,10.92
5004,flieger,vliegenier,,,Substantiv,,direct,1705,10.92
5005,vorschriften,regel,,de,Substantiv,Vorschrift,lemma,1704,10.91
5006,beherrschen,beheersen,,,Verb,,direct,1703,10.90
5007,guy,,,,,,none,1703,10.90
5008,detail,detail,,,Substantiv,,direct,1703,10.90
5009,ausgewählt,uitkiezen,,,Verb,auswählen,lemma,1703,10.90
5010,herunter,neer,benedenwaarts,,Lokaladverb,,direct,1703,10.90
5011,schriftsteller,schrijver,auteur,de,Substantiv,,direct,1702,10.90
5012,wärt,zijn,wezen,,Verb,sein,lemma,1702,10.90
5013,kümmer,,,,,,none,1701,10.89
5014,andererseits,anderzijds,,,Adverb,,direct,1700,10.89
5015,bay,,,,,,none,1700,10.89
5016,gene,gen,,,Substantiv,Gen,lemma,1699,10.88
5017,shuttle,pendelbus,,,Substantiv,,direct,1699,10.88
5018,üblich,gebruikelijk,,,Adjektiv,,direct,1699,10.88
5019,entführen,kapen,ontvoeren,,Verb,,direct,1699,10.88
5020,ike,,,,,,none,1698,10.87
5021,jury,jury,,,Substantiv,,direct,1697,10.87
5022,box,pit,,,Substantiv,,direct,1697,10.87
5023,ausgedacht,,,,,,none,1696,10.86
5024,freddy,,,,,,none,1696,10.86
5025,partys,fuif,feest,,Substantiv,Party,lemma,1695,10.85
5026,rausgefunden,,,,,,none,1695,10.85
5027,plant,planning,,,Substantiv,planen,lemma,1694,10.85
5028,feige,vijg,vijgeboom,,Substantiv,,direct,1694,10.85
5029,gesungen,zingen,,,Verb,singen,lemma,1693,10.84
5030,möbel,meubel,,,Substantiv,,direct,1693,10.84
5031,bewährung,proefverlof,,,Substantiv,,direct,1692,10.83
5032,schieße,schieten,,,Verb,schießen,lemma,1692,10.83
5033,umgeben,insluiten,,,Verb,,direct,1692,10.83
5034,berater,adviseur,,de,Substantiv,,direct,1692,10.83
5035,bailey,,,,,,none,1689,10.82
5036,zoo,dierentuin,zoo,,Substantiv,,direct,1689,10.82
5037,gedicht,gedicht,vers,,Substantiv,,direct,1688,10.81
5038,lorelai,,,,,,none,1688,10.81
5039,bellt,blaffen,,,Verb,bellen,lemma,1687,10.80
5040,vorschlagen,voorstellen,aandragen,,Verb,,direct,1686,10.80
5041,genießt,genieten,,,Verb,genießen,lemma,1686,10.80
5042,baseball,honkbal,,,Substantiv,,direct,1686,10.80
5043,locken,lokken,,,Verb,,direct,1686,10.80
5044,ooh,,,,,,none,1686,10.80
5045,trennung,scheiding,,de,Substantiv,,direct,1685,10.79
5046,lautsprecher,luidspreker,box,,Substantiv,,direct,1684,10.78
5047,ticket,ticket,,,Substantiv,,direct,1684,10.78
5048,umwerfend,impressionant,,,Adjektiv,,direct,1680,10.76
5049,kanzlei,kanselarij,,,Substantiv,,direct,1680,10.76
5050,wahres,waar,,,Adjektiv,wahr,lemma,1680,10.76
5051,zufolge,volgens,,,Präposition,,direct,1680,10.76
5052,come,,,,,,none,1680,10.76
5053,hebt,heffen,,,Verb,heben,lemma,1679,10.75
5054,anschlag,aanslag,,de,Substantiv,,direct,1678,10.74
5055,timing,timing,,,Substantiv,,direct,1678,10.74
5056,kid,,,,,,none,1677,10.74
5057,tucker,,,,,,none,1676,10.73
5058,befehlen,bevelen,gelasten,,Verb,,direct,1676,10.73
5059,etage,verdieping,,,Substantiv,,direct,1675,10.73
5060,dazwischen,tussenin,,,Adverb,,direct,1674,10.72
5061,jules,,,,,,none,1674,10.72
5062,heisst,,,,,,none,1674,10.72
5063,objekt,voorwerp,object,,Substantiv,,direct,1674,10.72
5064,bedaure,betreuren,,,Verb,bedauern,lemma,1673,10.71
5065,wobei,terwijl,,,Pronominaladverb,,direct,1673,10.71
5066,kokain,cocaïne,coke,het,Substantiv,,direct,1672,10.71
5067,strategie,strategie,,,Substantiv,,direct,1671,10.70
5068,freundes,vriend,,de,Substantiv,Freund,lemma,1670,10.69
5069,wolken,wolk,,de,Substantiv,Wolke,lemma,1670,10.69
5070,gräfin,gravin,,de,Substantiv,,direct,1670,10.69
5071,bruno,,,,,,none,1666,10.67
5072,getreten,trappen,schoppen,,Verb,treten,lemma,1666,10.67
5073,cal,,,,,,none,1666,10.67
5074,pardon,excuseer?,,,Substantiv,,direct,1666,10.67
5075,genosse,makker,genoot; lid,de,Substantiv,,direct,1665,10.66
5076,ungut,ambetant,,,,,direct,1664,10.66
5077,verteilen,verspreiden,,,Verb,,direct,1664,10.66
5078,fuchs,vos,schacht,de,Substantiv,,direct,1664,10.66
5079,day,,,,,,none,1664,10.66
5080,organisiert,,,,,,none,1663,10.65
5081,bla,,,,,,none,1663,10.65
5082,up,,,,,,none,1662,10.64
5083,world,,,,,,none,1661,10.64
5084,east,,,,,,none,1661,10.64
5085,löcher,,,,,,none,1661,10.64
5086,aktiv,actief,,,Adjektiv,,direct,1659,10.62
5087,hunter,,,,,,none,1659,10.62
5088,werfe,werpen,,,Verb,werfen,lemma,1659,10.62
5089,beantwortet,,,,,,none,1659,10.62
5090,meist,meest,,,Adjektiv,,direct,1658,10.62
5091,reis,rijst,,de,Substantiv,,direct,1658,10.62
5092,hierhin,,,,,,none,1657,10.61
5093,scotch,,,,,,none,1657,10.61
5094,überfahren,overrijden,,,Verb,,direct,1656,10.60
5095,logisch,logisch,,,Adjektiv,,direct,1656,10.60
5096,heather,,,,,,none,1656,10.60
5097,französische,Frans,Franse taal,de/het,Substantiv,französisch,lemma,1655,10.60
5098,bekannte,bekende,,,Substantiv,,direct,1655,10.60
5099,episode,episode,gebeuren,,Substantiv,,direct,1655,10.60
5100,engagiert,geëngageerd,,,Adjektiv,,direct,1654,10.59
5101,manipuliert,,,,,,none,1654,10.59
5102,zellen,cel,,,Substantiv,Zelle,lemma,1654,10.59
5103,are,,,,,,none,1653,10.58
5104,blake,flakkeren,flikkeren; walmen,,Verb,blaken,lemma,1652,10.58
5105,dienste,dienst,,de,Substantiv,Dienst,lemma,1652,10.58
5106,sodass,zodat,,,Subjunktion,,direct,1652,10.58
5107,volkes,volk,bevolking,,Substantiv,Volk,lemma,1651,10.57
5108,golf,golf,,,Substantiv,,direct,1651,10.57
5109,janet,,,,,,none,1651,10.57
5110,schmeißen,gooien,,,Verb,,direct,1651,10.57
5111,grand,,,,,,none,1650,10.57
5112,zurückgekehrt,terugkomen,,,Verb,zurückkehren,lemma,1650,10.57
5113,eröffnet,,,,,,none,1650,10.57
5114,summt,brommen,,,Verb,summen,lemma,1649,10.56
5115,unterrichten,leren,,,Verb,,direct,1649,10.56
5116,verschaffen,verstrekken,,,Verb,,direct,1648,10.55
5117,verlobte,verloofde,,,Substantiv,,direct,1648,10.55
5118,erfahrungen,ervaring,,de,Substantiv,Erfahrung,lemma,1648,10.55
5119,shit,geen reet,,,Substantiv,,direct,1647,10.55
5120,persönlichkeit,persoonlijkheid,,,Substantiv,,direct,1647,10.55
5121,gina,,,,,,none,1647,10.55
5122,streichen,aaien,,,Verb,,direct,1647,10.55
5123,offenen,open,,,Adjektiv,offen,lemma,1646,10.54
5124,weisheit,wijsheid,,,Substantiv,,direct,1645,10.53
5125,vergeht,voorbijgaan,,,Verb,vergehen,lemma,1645,10.53
5126,beruhig,kalmeren,,,Verb,beruhigen,lemma,1645,10.53
5127,zielen,richten,,,Verb,,direct,1645,10.53
5128,fans,supporter,,,Substantiv,Fan,lemma,1644,10.53
5129,wüsstest,weten,,,Verb,wissen,lemma,1644,10.53
5130,ashley,,,,,,none,1643,10.52
5131,schuldet,schulden,,,Substantiv,schulden,lemma,1643,10.52
5132,erhöhen,verheffen,,,Verb,,direct,1643,10.52
5133,schönsten,mooi,leuk,,Adjektiv,schön,lemma,1643,10.52
5134,momente,moment,tijdstip; ogenblik,,Substantiv,Moment,lemma,1643,10.52
5135,adrian,Adriaan,Adriaen,,Substantiv,,direct,1643,10.52
5136,kameraden,kameraad,,,Substantiv,Kamerad,lemma,1642,10.51
5137,eingebrochen,,,,,,none,1642,10.51
5138,amüsiert,,,,,,none,1640,10.50
5139,erwähnte,vermelden,noemen; citeren; opmerken,,Verb,erwähnen,lemma,1639,10.50
5140,mitch,,,,,,none,1639,10.50
5141,premierminister,eerste minister,,,Substantiv,,direct,1639,10.50
5142,geringste,klein,,,Adjektiv,gering,lemma,1639,10.50
5143,übernachten,overnachten,,,Verb,,direct,1638,10.49
5144,infiziert,,,,,,none,1638,10.49
5145,goa,Goa,,,Substantiv,,direct,1637,10.48
5146,dinner,avondeten,,het,Substantiv,,direct,1637,10.48
5147,rieche,ruiken,,,Verb,riechen,lemma,1637,10.48
5148,kredit,krediet,,,Substantiv,,direct,1637,10.48
5149,allison,,,,,,none,1636,10.48
5150,lake,brijnwater,,,Substantiv,,direct,1636,10.48
5151,legal,legaal,,,Adjektiv,,direct,1634,10.46
5152,merke,onthouden,bemerken; merken,,Verb,merken,lemma,1634,10.46
5153,jubel,gejuich,,,Substantiv,,direct,1634,10.46
5154,klänge,klinken,,,Verb,klingen,lemma,1634,10.46
5155,größeren,groot,volwassene,,Adjektiv,groß,lemma,1633,10.46
5156,bewacht,,,,,,none,1633,10.46
5157,vietnam,Vietnam,,,Substantiv,,direct,1633,10.46
5158,lehren,leren,aanleren,,Verb,,direct,1633,10.46
5159,chandler,,,,,,none,1632,10.45
5160,präsentieren,voorstellen,,,Verb,,direct,1632,10.45
5161,nacken,nek,,de,Substantiv,,direct,1631,10.44
5162,auflegen,aanmeten,,,Verb,,direct,1631,10.44
5163,vergangen,afgelopen,verleden,,Adjektiv,,direct,1631,10.44
5164,fangt,tikkertje,krijgertje; pakkertje,,Substantiv,fangen,lemma,1630,10.44
5165,hühner,kip,kippevlees; hoen,de,Substantiv,Huhn,lemma,1630,10.44
5166,hector,,,,,,none,1630,10.44
5167,teal,,,,,,none,1630,10.44
5168,sprengen,opblazen,,,Verb,,direct,1629,10.43
5169,einsperren,aanhouden,,,Verb,,direct,1629,10.43
5170,turner,gymnast,,,Substantiv,,direct,1629,10.43
5171,zusammenhang,samenhang,kader,,Substantiv,,direct,1629,10.43
5172,wahrer,waar,,,Adjektiv,wahr,lemma,1627,10.42
5173,joan,,,,,,none,1627,10.42
5174,marco,Evangelie naar Marcus,,,Substantiv,,direct,1627,10.42
5175,breit,breed,beschonken; dronken,,Adjektiv,,direct,1626,10.41
5176,pfeife,pijp,,,Substantiv,,direct,1626,10.41
5177,treibst,stuwen,,,Verb,treiben,lemma,1626,10.41
5178,rannte,rennen,hollen,,Verb,rennen,lemma,1625,10.41
5179,beschuldigt,,,,,,none,1625,10.41
5180,set,set,,de,Substantiv,,direct,1624,10.40
5181,verlegt,,,,,,none,1624,10.40
5182,überraschungen,verrassing,verbazing,de,Substantiv,Überraschung,lemma,1624,10.40
5183,orleans,koesoewé,,,Substantiv,Orlean,lemma,1624,10.40
5184,douglas,,,,,,none,1624,10.40
5185,tauchen,duiken,,,Verb,,direct,1623,10.39
5186,verdanken,dienen,,,Verb,,direct,1623,10.39
5187,nadel,naald,,,Substantiv,,direct,1622,10.39
5188,psst,,,,,,none,1621,10.38
5189,gelacht,lachen,dubbel liggen,,Verb,lachen,lemma,1621,10.38
5190,apfel,appel,,de,Substantiv,,direct,1621,10.38
5191,behilflich,,,,,,none,1620,10.37
5192,dreckskerl,katijf,,,,,direct,1620,10.37
5193,mitgefühl,medelijden,medegevoel; medeleven,,Substantiv,,direct,1620,10.37
5194,wichtigsten,belangrijk,,,Adjektiv,wichtig,lemma,1620,10.37
5195,krieges,oorlog,krijg,de,Substantiv,Krieg,lemma,1620,10.37
5196,wehe,wee,,,Substantiv,,direct,1619,10.37
5197,hope,,,,,,none,1618,10.36
5198,heirat,huwelijk,,,Substantiv,,direct,1617,10.35
5199,exakt,exact,,,Adjektiv,,direct,1617,10.35
5200,widerstehen,weerstaan,,,Verb,,direct,1617,10.35
5201,höchst,allemachtig,,,Adverb,,direct,1616,10.35
5202,zurückgelassen,achterlaten,,,Verb,zurücklassen,lemma,1614,10.33
5203,gespürt,aanvoelen,,,Verb,spüren,lemma,1614,10.33
5204,methoden,methode,,,Substantiv,Methode,lemma,1614,10.33
5205,interessantes,interessant,belangwekkend; boeiend,,Adjektiv,interessant,lemma,1614,10.33
5206,sau,zeug,wilde zeug,,Substantiv,,direct,1613,10.33
5207,notaufnahme,spoedeisende hulp,,,Substantiv,,direct,1613,10.33
5208,verwandten,verwant,,,Adjektiv,verwandt,lemma,1613,10.33
5209,jeffrey,,,,,,none,1612,10.32
5210,trinkgeld,fooi,drinkgeld,,Substantiv,,direct,1612,10.32
5211,ermitteln,aantreffen,,,Verb,,direct,1612,10.32
5212,riechst,ruiken,,,Verb,riechen,lemma,1612,10.32
5213,beach,,,,,,none,1612,10.32
5214,sorte,soort,,,Substantiv,,direct,1611,10.32
5215,kartoffeln,aardappel,patat; pieper,de,Substantiv,Kartoffel,lemma,1611,10.32
5216,bo,,,,,,none,1610,10.31
5217,elefanten,olifant,,de,Substantiv,Elefant,lemma,1610,10.31
5218,sichere,veilig,zeker,,Adjektiv,sicher,lemma,1610,10.31
5219,sämtliche,,,,,,none,1610,10.31
5220,gekündigt,kondigen,,,Verb,kündigen,lemma,1609,10.30
5221,vereinbarung,overeenkomst,,de,Substantiv,,direct,1608,10.30
5222,harmlos,onschuldig,,,Adjektiv,,direct,1608,10.30
5223,weiber,wijf,,,Substantiv,Weib,lemma,1608,10.30
5224,this,,,,,,none,1608,10.30
5225,dicken,verbreden,,,Verb,,direct,1607,10.29
5226,rauskommt,,,,,,none,1606,10.28
5227,old,,,,,,none,1606,10.28
5228,angestellten,bediende,,,Adjektiv,angestellt,lemma,1605,10.28
5229,datum,datum,,de,Substantiv,,direct,1605,10.28
5230,bezug,bedekking,relatie; verwijzing; aanbod,,Substantiv,,direct,1605,10.28
5231,kerzen,kaars,bougie,de,Substantiv,Kerze,lemma,1605,10.28
5232,lawrence,,,,,,none,1604,10.27
5233,marsch,mars,,,Substantiv,,direct,1604,10.27
5234,benötigt,benodigd,,,Adjektiv,,direct,1603,10.26
5235,ermittlung,onderzoek,,,Substantiv,,direct,1603,10.26
5236,lagen,liggen,,,Verb,liegen,lemma,1603,10.26
5237,unbekannt,onbekend,,,Adjektiv,,direct,1603,10.26
5238,gefressen,,,,,,none,1603,10.26
5239,brett,plank,,,Substantiv,,direct,1603,10.26
5240,manieren,manier,,,Substantiv,Manier,lemma,1602,10.26
5241,han,,,,,,none,1602,10.26
5242,enthält,bevatten,inhouden,,Verb,enthalten,lemma,1601,10.25
5243,anfing,beginnen,,,Verb,anfangen,lemma,1601,10.25
5244,kümmerst,behartigen,,,Verb,kümmern,lemma,1601,10.25
5245,berühmte,beroemd,,,Adjektiv,berühmt,lemma,1600,10.25
5246,schwieriger,moeilijk,,,Adjektiv,schwierig,lemma,1599,10.24
5247,piloten,piloot,vliegenier; loods; vlieger,de,Substantiv,Pilot,lemma,1598,10.23
5248,scherze,gekscheren,,,Verb,scherzen,lemma,1598,10.23
5249,anfängt,beginnen,,,Verb,anfangen,lemma,1597,10.23
5250,läufst,rennen,lopen; hollen; werken,,Verb,laufen,lemma,1597,10.23
5251,bekannten,beroemd,,,Adjektiv,bekannt,lemma,1597,10.23
5252,rasen,gazon,grasveld,,Substantiv,,direct,1596,10.22
5253,empfehlen,aanbevelen,aanraden; adviseren; aanprijzen,,Verb,,direct,1596,10.22
5254,härter,stug,hard,,Adjektiv,hart,lemma,1596,10.22
5255,geweckt,wekken,,,Verb,wecken,lemma,1595,10.21
5256,befördert,,,,,,none,1595,10.21
5257,reiter,ruiter,rijder,de,Substantiv,,direct,1595,10.21
5258,empfinden,voelen,,,Verb,,direct,1595,10.21
5259,bereite,klaar,,,Adjektiv,bereit,lemma,1595,10.21
5260,täte,doen,,,Verb,tun,lemma,1594,10.21
5261,benutzte,gebruiken,,,Verb,benutzen,lemma,1594,10.21
5262,halloween,Halloween,,,Substantiv,,direct,1594,10.21
5263,abgesagt,afzeggen,,,Verb,absagen,lemma,1594,10.21
5264,down,verdrietig,,,Adjektiv,,direct,1594,10.21
5265,quasi,in feite,praktisch; vrijwel,,Adverb,,direct,1593,10.20
5266,kocht,koken,,,Verb,kochen,lemma,1593,10.20
5267,reingekommen,,,,,,none,1593,10.20
5268,hupen,toeteren,claxonneren,,Verb,,direct,1592,10.19
5269,hinunter,beneden,,,Lokaladverb,,direct,1592,10.19
5270,vorüber,voorbij,,,Lokaladverb,,direct,1591,10.19
5271,ausdrücken,uitdrukken,,,Verb,,direct,1590,10.18
5272,reese,,,,,,none,1589,10.17
5273,elliot,,,,,,none,1589,10.17
5274,perfekten,perfect,,,Adjektiv,perfekt,lemma,1588,10.17
5275,folgte,volgen,,,Verb,folgen,lemma,1588,10.17
5276,rebellen,rebel,,,Substantiv,Rebell,lemma,1588,10.17
5277,di,,,,,,none,1588,10.17
5278,hauptsächlich,hoofdzakelijk,,,Adjektiv,,direct,1587,10.16
5279,schuppen,loods,schuur; hok; keet,de,Substantiv,,direct,1587,10.16
5280,braver,braaf,,,Adjektiv,brav,lemma,1587,10.16
5281,neill,,,,,,none,1587,10.16
5282,zwanzig,twintig,,,Numerale,,direct,1587,10.16
5283,berichtet,,,,,,none,1586,10.16
5284,einrichtung,instelling,inrichting; installatie,de,Substantiv,,direct,1586,10.16
5285,november,november,slachtmaand,de,Substantiv,,direct,1586,10.16
5286,sensoren,sensor,,,,Sensor,lemma,1585,10.15
5287,korrigiert,,,,,,none,1585,10.15
5288,houston,,,,,,none,1584,10.14
5289,richie,,,,,,none,1583,10.14
5290,verdächtig,verdacht,,,Adjektiv,,direct,1583,10.14
5291,legst,leggen,plaatsen,,Verb,legen,lemma,1583,10.14
5292,aufgebracht,ballistisch,,,Adjektiv,,direct,1582,10.13
5293,alternative,alternatief,,,Substantiv,,direct,1582,10.13
5294,experte,expert,deskundige,,Substantiv,,direct,1582,10.13
5295,ferne,verte,,,Substantiv,,direct,1581,10.12
5296,prinzip,principe,beginsel,het,Substantiv,,direct,1581,10.12
5297,holte,halen,,,Verb,holen,lemma,1581,10.12
5298,richte,richten,,,Verb,richten,lemma,1579,10.11
5299,donald,,,,,,none,1579,10.11
5300,weisen,wijzen,,,Verb,,direct,1579,10.11
5301,ozean,oceaan,,,Substantiv,,direct,1578,10.10
5302,gelungen,gelukt,,,Adjektiv,,direct,1578,10.10
5303,natalie,,,,,,none,1578,10.10
5304,esther,Esther,,,Substantiv,,direct,1577,10.10
5305,abschaum,tuig,,,Substantiv,,direct,1577,10.10
5306,stevie,,,,,,none,1577,10.10
5307,überwacht,,,,,,none,1576,10.09
5308,schwierige,moeilijk,,,Adjektiv,schwierig,lemma,1576,10.09
5309,ausgedrückt,,,,,,none,1576,10.09
5310,hastings,,,,,,none,1576,10.09
5311,notruf,,,,,,none,1575,10.09
5312,riss,scheur,,,Substantiv,,direct,1575,10.09
5313,bremsen,remmen,,,Verb,,direct,1575,10.09
5314,häufig,vaak,veelvuldig; dikwijls; talrijk,,Adjektiv,,direct,1574,10.08
5315,aktivieren,activeren,,,Verb,,direct,1574,10.08
5316,lloyd,,,,,,none,1574,10.08
5317,anstrengend,hard,,,Adjektiv,,direct,1573,10.07
5318,antwortet,antwoorden,beantwoorden,,Verb,antworten,lemma,1573,10.07
5319,ais,aïs,,,Substantiv,,direct,1573,10.07
5320,verschwörung,samenzwering,,de,Substantiv,,direct,1573,10.07
5321,kellner,kelner,ober; bottelier; keldermeester,,Substantiv,,direct,1572,10.07
5322,startet,starten,,,Verb,starten,lemma,1572,10.07
5323,franklin,,,,,,none,1572,10.07
5324,andermal,,,,,,none,1571,10.06
5325,humphrey,,,,,,none,1570,10.05
5326,evan,,,,,,none,1570,10.05
5327,lkw,vrachtauto,,,,,direct,1570,10.05
5328,erhält,ontvangen,bewaren; verplegen; verzorgen,,Verb,erhalten,lemma,1569,10.05
5329,schmeißt,gooien,,,Verb,schmeißen,lemma,1569,10.05
5330,fürst,Vorst,prins,de,Substantiv,,direct,1569,10.05
5331,carson,,,,,,none,1568,10.04
5332,perry,,,,,,none,1567,10.03
5333,küsse,kussen,zoenen,,Verb,küssen,lemma,1566,10.03
5334,gebet,gebed,,,Substantiv,,direct,1566,10.03
5335,miranda,,,,,,none,1565,10.02
5336,melancholische,,,,,,none,1565,10.02
5337,räume,helemaal,,,Verb,räumen,lemma,1565,10.02
5338,riskiert,,,,,,none,1565,10.02
5339,verhindert,,,,,,none,1564,10.01
5340,ausrede,pretext,,,Substantiv,,direct,1564,10.01
5341,darling,affectie,,,Substantiv,,direct,1563,10.01
5342,tüte,zak,kornet,de,Substantiv,,direct,1563,10.01
5343,manhattan,,,,,,none,1563,10.01
5344,operiert,,,,,,none,1562,10.00
5345,unfassbar,onvatbaar,,,Adjektiv,,direct,1562,10.00
5346,herrin,mevrouw,,de,Substantiv,,direct,1561,10.00
5347,hergestellt,maken,,,Verb,herstellen,lemma,1561,10.00
5348,lila,lila,paars,,Adjektiv,,direct,1560,9.99
5349,gerichtet,richten,,,Verb,richten,lemma,1560,9.99
5350,fordern,eisen,,,Verb,,direct,1559,9.98
5351,fischen,vissen,,,Verb,,direct,1559,9.98
5352,kriminelle,crimineel,,de,Substantiv,,direct,1558,9.98
5353,jenem,dat,,,Demonstrativpronomen,jener,lemma,1558,9.98
5354,verschafft,,,,,,none,1558,9.98
5355,dezember,december,,de,Substantiv,,direct,1558,9.98
5356,anspruch,aanspraak,eis,de,Substantiv,,direct,1558,9.98
5357,räuspert,kuchen,schrapen,,Verb,räuspern,lemma,1558,9.98
5358,sid,,,,,,none,1557,9.97
5359,unsichtbar,onzichtbaar,,,Adjektiv,,direct,1557,9.97
5360,keith,,,,,,none,1557,9.97
5361,seth,Seth,,,Substantiv,,direct,1557,9.97
5362,ersetzt,,,,,,none,1557,9.97
5363,ruby,,,,,,none,1557,9.97
5364,handtuch,handdoek,,de,Substantiv,,direct,1556,9.96
5365,yang,yang,,,Substantiv,,direct,1556,9.96
5366,dale,,,,,,none,1556,9.96
5367,blödes,stom,stompzinnig,,Adjektiv,blöd,lemma,1555,9.96
5368,doof,stom,,,Adjektiv,,direct,1555,9.96
5369,wertvoll,waardevol,,,Adjektiv,,direct,1555,9.96
5370,kardinal,kardinaal,kardinaalsmantel,,Substantiv,,direct,1555,9.96
5371,jefferson,,,,,,none,1555,9.96
5372,kommunikation,communicatie,,,Substantiv,,direct,1554,9.95
5373,operieren,opereren,,,Verb,,direct,1554,9.95
5374,problemen,probleem,,het,Substantiv,Problem,lemma,1554,9.95
5375,aliens,alien,,,Substantiv,Alien,lemma,1554,9.95
5376,cameron,,,,,,none,1554,9.95
5377,erik,,,,,,none,1554,9.95
5378,erkannte,herkennen,onderkennen,,Verb,erkennen,lemma,1554,9.95
5379,river,,,,,,none,1553,9.94
5380,loszuwerden,afkomen van,,,Verb,loswerden,lemma,1552,9.94
5381,unnötig,onnodig,overbodig,,Adjektiv,,direct,1552,9.94
5382,begleite,begeleiden,,,Verb,begleiten,lemma,1552,9.94
5383,analyse,analyse,ontleding,,Substantiv,,direct,1551,9.93
5384,hochzeitstag,bruiloftsdag,,,Substantiv,,direct,1550,9.93
5385,melodie,melodie,,,Substantiv,,direct,1550,9.93
5386,wehren,degen,,,Verb,,direct,1550,9.93
5387,pablo,,,,,,none,1549,9.92
5388,romantische,romantisch,,,Adjektiv,romantisch,lemma,1549,9.92
5389,zurückrufen,terugroepen,,,Verb,,direct,1549,9.92
5390,rente,pensioen,,,Substantiv,,direct,1548,9.91
5391,zeremonie,ceremonie,,de,Substantiv,,direct,1548,9.91
5392,platte,plaat,schijf,,Substantiv,,direct,1548,9.91
5393,now,,,,,,none,1547,9.91
5394,ersatz,surrogaat,vervanging,,Substantiv,,direct,1547,9.91
5395,mütze,muts,pet,de,Substantiv,,direct,1547,9.91
5396,veränderungen,verandering,,,Substantiv,Veränderung,lemma,1547,9.91
5397,zeugin,getuige,,,Substantiv,,direct,1546,9.90
5398,rührt,ontroeren,roeren; bewegen; zich verroeren,,Verb,rühren,lemma,1546,9.90
5399,versichert,verzekerd,,,,,direct,1545,9.89
5400,teilt,delen,verdelen,,Verb,teilen,lemma,1545,9.89
5401,russisch,Russisch,,,Substantiv,,direct,1544,9.89
5402,wundervolle,geweldig,,,Adjektiv,wundervoll,lemma,1544,9.89
5403,willy,,,,,,none,1544,9.89
5404,wiederhören,,,,,,none,1544,9.89
5405,passagiere,passagier,,,Substantiv,Passagier,lemma,1543,9.88
5406,diebe,dief,dievegge,de,Substantiv,Dieb,lemma,1542,9.87
5407,guckst,kijken,,,Verb,gucken,lemma,1542,9.87
5408,fließt,vloeien,stromen,,Verb,fließen,lemma,1541,9.87
5409,elend,ellende,,,Substantiv,,direct,1540,9.86
5410,andauernd,continu,,,Adjektiv,,direct,1540,9.86
5411,nicky,,,,,,none,1540,9.86
5412,ungeheuer,monster,,,Substantiv,,direct,1540,9.86
5413,fit,fit,,,Adjektiv,,direct,1540,9.86
5414,zeitverschwendung,tijdverspilling,,,Substantiv,,direct,1539,9.85
5415,ansicht,visie,,de,Substantiv,,direct,1539,9.85
5416,gefährliche,gevaarlijk,gevaarlijke,,Adjektiv,gefährlich,lemma,1539,9.85
5417,bell,blaffen,,,Verb,bellen,lemma,1539,9.85
5418,vierte,vierde,,,Adjektiv,,direct,1539,9.85
5419,verbrachte,doorbrengen,slijten; verbrengen; verslijten,,Verb,verbringen,lemma,1538,9.85
5420,zentimeter,centimeter,,de,Substantiv,,direct,1538,9.85
5421,trete,trappen,schoppen,,Verb,treten,lemma,1537,9.84
5422,politische,politiek,,,Adjektiv,politisch,lemma,1537,9.84
5423,interessen,interesse,belang,,Substantiv,Interesse,lemma,1537,9.84
5424,anlage,belegging,opzet,de,Substantiv,,direct,1537,9.84
5425,anderson,,,,,,none,1536,9.84
5426,autounfall,auto-ongeval,,,Substantiv,,direct,1536,9.84
5427,gefangener,gevangene,,,Substantiv,,direct,1536,9.84
5428,aufstand,opstand,rel,de,Substantiv,,direct,1535,9.83
5429,schafe,schaap,,het,Substantiv,Schaf,lemma,1535,9.83
5430,absolute,,,,,,none,1535,9.83
5431,kontakte,,,,,,none,1534,9.82
5432,trip,misstap,,,Substantiv,,direct,1533,9.82
5433,notizen,aantekening,notitie; bericht; notering,de,Substantiv,Notiz,lemma,1533,9.82
5434,ausgegeben,,,,,,none,1533,9.82
5435,versorgt,,,,,,none,1531,9.80
5436,gnaden,,,,,,none,1531,9.80
5437,piraten,piraat,,de,Substantiv,Pirat,lemma,1529,9.79
5438,eli,,,,,,none,1529,9.79
5439,stuart,,,,,,none,1529,9.79
5440,sowohl,zowel,,,Konjunktion,,direct,1529,9.79
5441,muskeln,spier,,,Substantiv,Muskel,lemma,1529,9.79
5442,unwahrscheinlich,onwaarschijnlijk,,,Adjektiv,,direct,1528,9.78
5443,steak,biefstuk,steak,de,Substantiv,,direct,1528,9.78
5444,japaner,Japanner,Japanees,,Substantiv,,direct,1526,9.77
5445,spritze,injectiespuit,,,Substantiv,,direct,1526,9.77
5446,there,,,,,,none,1526,9.77
5447,fesseln,boeien,,,Verb,,direct,1526,9.77
5448,umarmen,omhelzen,omarmen,,Verb,,direct,1525,9.77
5449,loser,gemeen,,,Substantiv,,direct,1525,9.77
5450,begleitet,,,,,,none,1524,9.76
5451,früheren,vroeg,pril,,Adjektiv,früh,lemma,1523,9.75
5452,ally,,,,,,none,1523,9.75
5453,wacht,toezien,,,Verb,wachen,lemma,1523,9.75
5454,morden,moorden,,,Verb,,direct,1523,9.75
5455,eingefallen,,,,,,none,1523,9.75
5456,fox,,,,,,none,1523,9.75
5457,schneide,galigaan,,,Substantiv,,direct,1522,9.75
5458,weiten,uitstrekken,,,Verb,,direct,1522,9.75
5459,times,,,,,,none,1521,9.74
5460,musiker,musicus,muzikant,de,Substantiv,,direct,1521,9.74
5461,reichweite,reikwijdte,,,Substantiv,,direct,1520,9.73
5462,hood,,,,,,none,1520,9.73
5463,maya,Maya,,,Substantiv,,direct,1520,9.73
5464,handys,mobieltje,mobiel,,Substantiv,Handy,lemma,1519,9.73
5465,öffentlichen,openbaar,publiek,,Adjektiv,öffentlich,lemma,1519,9.73
5466,beleidigen,beledigen,,,Verb,,direct,1518,9.72
5467,russischen,Russisch,,,Substantiv,russisch,lemma,1518,9.72
5468,gabriel,Gabriël,,,Substantiv,,direct,1518,9.72
5469,glenn,,,,,,none,1518,9.72
5470,erschien,verschijnen,,,Verb,erscheinen,lemma,1518,9.72
5471,romeo,,,,,,none,1517,9.71
5472,wünsch,wensen,,,Verb,wünschen,lemma,1517,9.71
5473,schach,schaakspel,schaak; schaken,,Substantiv,,direct,1516,9.71
5474,explodieren,exploderen,,,Verb,,direct,1516,9.71
5475,kater,kater,,de,Substantiv,,direct,1515,9.70
5476,wundern,verwonderen,zich verbazen; zich verwonderen,,Verb,,direct,1515,9.70
5477,französischen,Frans,Franse taal,de/het,Substantiv,französisch,lemma,1515,9.70
5478,thompson,,,,,,none,1515,9.70
5479,habs,,,,,,none,1514,9.69
5480,beeinflussen,beïnvloeden,,,Verb,,direct,1514,9.69
5481,heult,huilen,blèren,,Verb,heulen,lemma,1514,9.69
5482,hinfahren,doodgaan,,,Verb,,direct,1514,9.69
5483,bedingung,voorwaarde,omstandigheid,,Substantiv,,direct,1514,9.69
5484,empfinde,voelen,,,Verb,empfinden,lemma,1514,9.69
5485,top,topje,,,Substantiv,,direct,1513,9.69
5486,gemocht,mogen,,,Verb,mögen,lemma,1513,9.69
5487,heran,dicht,,,Lokaladverb,,direct,1513,9.69
5488,stella,,,,,,none,1513,9.69
5489,ärgern,ergeren,,,Verb,,direct,1513,9.69
5490,klingst,klinken,,,Verb,klingen,lemma,1512,9.68
5491,konkurrenz,concurrentie,,de,Substantiv,,direct,1512,9.68
5492,erfordert,,,,,,none,1512,9.68
5493,mädchens,meisje,meid,het,Substantiv,Mädchen,lemma,1511,9.68
5494,unsicher,onveilig,,,Adjektiv,,direct,1511,9.68
5495,festung,vesting,,,Substantiv,,direct,1511,9.68
5496,runden,afronden,,,Verb,,direct,1510,9.67
5497,detektiv,detective,,,Substantiv,,direct,1509,9.66
5498,pastor,pastoor,,,Substantiv,,direct,1509,9.66
5499,kratzer,schram,krabber; schrammetje,,Substantiv,,direct,1509,9.66
5500,junges,jeugdig,,,Substantiv,,direct,1507,9.65
5501,melissa,,,,,,none,1507,9.65
5502,gruselig,natuurramp,,,Adjektiv,,direct,1507,9.65
5503,flugzeuge,vliegtuig,,het,Substantiv,Flugzeug,lemma,1507,9.65
5504,durchgeführt,,,,,,none,1507,9.65
5505,intelligenz,intelligentie,,,Substantiv,,direct,1506,9.64
5506,stieg,stijgen,,,Verb,steigen,lemma,1506,9.64
5507,zugestimmt,toestemmen,,,Verb,zustimmen,lemma,1506,9.64
5508,mutti,mammie,,,Substantiv,,direct,1506,9.64
5509,genieße,genieten,,,Verb,genießen,lemma,1506,9.64
5510,schützt,beschermen,,,Verb,schützen,lemma,1506,9.64
5511,rückzug,aftocht,,,Substantiv,,direct,1506,9.64
5512,konzentriert,,,,,,none,1506,9.64
5513,schäme,schamen,,,Verb,schämen,lemma,1505,9.64
5514,reserviert,,,,,,none,1504,9.63
5515,goldenen,gouden,,,Adjektiv,golden,lemma,1504,9.63
5516,bude,keet,,,Substantiv,,direct,1504,9.63
5517,metall,metaal,,,Substantiv,,direct,1504,9.63
5518,kane,,,,,,none,1502,9.62
5519,jacques,,,,,,none,1502,9.62
5520,nüchtern,nuchter,,,Adjektiv,,direct,1502,9.62
5521,absichten,opzet,voornemen,de,Substantiv,Absicht,lemma,1501,9.61
5522,south,,,,,,none,1501,9.61
5523,handschuhe,handschoen,,de,Substantiv,Handschuh,lemma,1500,9.60
5524,erschießt,doodschieten,neerschieten,,Verb,erschießen,lemma,1500,9.60
5525,arrangiert,,,,,,none,1500,9.60
5526,verwundet,gewond,,,Adjektiv,,direct,1499,9.60
5527,debbie,,,,,,none,1498,9.59
5528,bates,,,,,,none,1498,9.59
5529,anfühlt,aanboren,,,Verb,anfühlen,lemma,1498,9.59
5530,drückt,duwen,,,Verb,drücken,lemma,1498,9.59
5531,absagen,afzeggen,,,Verb,,direct,1498,9.59
5532,behalt,houden,,,Verb,behalten,lemma,1498,9.59
5533,einiger,enigen,,,Indefinitpronomen,einige,lemma,1497,9.59
5534,russische,Russisch,,,Substantiv,russisch,lemma,1497,9.59
5535,beeindrucken,imponeren,,,Verb,,direct,1497,9.59
5536,düstere,duister,,,Adjektiv,düster,lemma,1496,9.58
5537,geschäftlich,commercieel,,,Adjektiv,,direct,1496,9.58
5538,egoistisch,egoïstisch,,,Adjektiv,,direct,1496,9.58
5539,mario,,,,,,none,1496,9.58
5540,rocky,,,,,,none,1496,9.58
5541,ranch,landgoed,,,Substantiv,,direct,1495,9.57
5542,pat,,,,,,none,1495,9.57
5543,gerücht,gerucht,,,Substantiv,,direct,1494,9.57
5544,jen,,,,,,none,1494,9.57
5545,temperatur,temperatuur,,de,Substantiv,,direct,1494,9.57
5546,weggenommen,wegnemen,,,Verb,wegnehmen,lemma,1493,9.56
5547,tickets,ticket,,,Substantiv,Ticket,lemma,1492,9.55
5548,li,,,,,,none,1492,9.55
5549,ablenken,afleiden,,,Verb,,direct,1492,9.55
5550,verletzung,schending,verwonding,,Substantiv,,direct,1492,9.55
5551,anwesend,aanwezig,,,Adjektiv,,direct,1492,9.55
5552,umlegen,achteroverslaan,,,Verb,,direct,1492,9.55
5553,einfachen,eenvoudig,enkel; gewoonweg,,Adjektiv,einfach,lemma,1491,9.55
5554,gehorchen,gehoorzamen,,,Verb,,direct,1490,9.54
5555,gemalt,schilderen,tekenen; trekken,,Verb,malen,lemma,1490,9.54
5556,duncan,,,,,,none,1489,9.53
5557,räuber,rover,,de,Substantiv,,direct,1489,9.53
5558,adler,arend,Arend; adelaar,de,Substantiv,,direct,1488,9.53
5559,süßigkeiten,snoep,snoepgoed; zoetigheid,de,Substantiv,Süßigkeit,lemma,1488,9.53
5560,lunge,long,,de,Substantiv,,direct,1487,9.52
5561,zurückziehen,terugtrekken,,,Verb,,direct,1487,9.52
5562,wyatt,,,,,,none,1486,9.52
5563,sonnenuntergang,zonsondergang,,de,Substantiv,,direct,1486,9.52
5564,oper,opera,,,Substantiv,,direct,1485,9.51
5565,agentur,agentschap,,,Substantiv,,direct,1484,9.50
5566,kühe,koe,,de,Substantiv,Kuh,lemma,1484,9.50
5567,aufräumen,opruimen,,,Verb,,direct,1484,9.50
5568,krach,ruzie,,de,Substantiv,,direct,1484,9.50
5569,sharon,,,,,,none,1484,9.50
5570,ablehnen,afwijzen,weigeren; verwerpen,,Verb,,direct,1483,9.50
5571,graham,,,,,,none,1483,9.50
5572,pfeil,pijl,,de,Substantiv,,direct,1483,9.50
5573,unbekannte,onbekend,,,Substantiv,,direct,1483,9.50
5574,aussprechen,uitspreken,,,Verb,,direct,1483,9.50
5575,route,route,,,Substantiv,,direct,1482,9.49
5576,emotional,emotioneel,,,Adjektiv,,direct,1482,9.49
5577,belästigen,lastigvallen,,,Verb,,direct,1482,9.49
5578,kälte,kou,koude,,Substantiv,,direct,1482,9.49
5579,sektor,sector,,,Substantiv,,direct,1482,9.49
5580,blockiert,,,,,,none,1481,9.48
5581,öffentliche,openbaar,publiek,,Adjektiv,öffentlich,lemma,1481,9.48
5582,schweden,Zweden,,het,Substantiv,,direct,1481,9.48
5583,gates,,,,,,none,1481,9.48
5584,häuptling,opperhoofd,,,Substantiv,,direct,1480,9.48
5585,märz,maart,buienmaand; dorremaand; guldenmaand,de,Substantiv,,direct,1480,9.48
5586,nummern,nummer,,,Substantiv,Nummer,lemma,1480,9.48
5587,dar,,,,,,none,1479,9.47
5588,irrst,vergissen,,,Verb,irren,lemma,1479,9.47
5589,leite,leiden,runnen,,Verb,leiten,lemma,1479,9.47
5590,frosch,kikker,kikvors; vors; puit,de,Substantiv,,direct,1478,9.46
5591,vorübergehend,voorbijgaand,tijdelijk; vooralsnog,,Adjektiv,,direct,1478,9.46
5592,büchern,boek,,het,Substantiv,Buch,lemma,1478,9.46
5593,mick,,,,,,none,1477,9.46
5594,miese,tekort,,,Substantiv,,direct,1477,9.46
5595,anfangs,aanvankelijk,,,Adverb,,direct,1476,9.45
5596,verwandt,verwant,,,Adjektiv,,direct,1476,9.45
5597,gefährdet,,,,,,none,1475,9.44
5598,cola,cola,,,Substantiv,,direct,1475,9.44
5599,falscher,vals,verkeerd; fout; nep,,Adjektiv,falsch,lemma,1475,9.44
5600,kara,,,,,,none,1475,9.44
5601,verängstigt,bangelijk,,,Adjektiv,,direct,1474,9.44
5602,quellen,kwellen,,,Verb,,direct,1474,9.44
5603,republik,republiek,,,Substantiv,,direct,1474,9.44
5604,us,,,,,,none,1474,9.44
5605,silber,zilver,,,Substantiv,,direct,1474,9.44
5606,aß,eten,schaften,,Verb,essen,lemma,1474,9.44
5607,umschlag,envelop,ommekeer,,Substantiv,,direct,1473,9.43
5608,freust,verheugen,,,Verb,freuen,lemma,1472,9.43
5609,hinsicht,opzicht,,,Substantiv,,direct,1472,9.43
5610,ereignis,gebeurtenis,,,Substantiv,,direct,1472,9.43
5611,beschissene,schijt,,,Adjektiv,beschissen,lemma,1472,9.43
5612,vergraben,begraven,,,Verb,,direct,1471,9.42
5613,gebunden,gehouden,,,,,direct,1471,9.42
5614,marion,,,,,,none,1471,9.42
5615,ente,eend,woerd,,Substantiv,,direct,1471,9.42
5616,gläser,glas,drinkglas,,Substantiv,Glas,lemma,1470,9.41
5617,kommentar,commentaar,,,Substantiv,,direct,1470,9.41
5618,doppelte,alleenstaand,,,Verb,doppeln,lemma,1470,9.41
5619,boris,,,,,,none,1469,9.41
5620,sanfte,stil,,,Adjektiv,sanft,lemma,1469,9.41
5621,gibbs,,,,,,none,1469,9.41
5622,lola,,,,,,none,1469,9.41
5623,buck,,,,,,none,1469,9.41
5624,zivilisation,beschaving,,de,Substantiv,,direct,1469,9.41
5625,tiefen,diep,,,Adjektiv,tief,lemma,1469,9.41
5626,reicher,,,,,,none,1468,9.40
5627,verhaftung,aanhouding,,,Substantiv,,direct,1468,9.40
5628,meldung,melding,,de,Substantiv,,direct,1468,9.40
5629,bohnen,boon,,,Substantiv,Bohne,lemma,1468,9.40
5630,pfeifen,fluiten,maling hebben aan,,Verb,,direct,1465,9.38
5631,hall,echo,,,Substantiv,,direct,1465,9.38
5632,leon,Leeuw,,de,Substantiv,,direct,1465,9.38
5633,raketen,raket,vuurpijl,,Substantiv,Rakete,lemma,1465,9.38
5634,gutem,goed,,,Adjektiv,gut,lemma,1464,9.37
5635,versetzen,verplaatsen,,,Verb,,direct,1464,9.37
5636,ziege,geit,,,Substantiv,,direct,1464,9.37
5637,löwe,leeuw,Leeuw; Leo,de,Substantiv,,direct,1463,9.37
5638,cat,CAT,,,,,direct,1463,9.37
5639,central,,,,,,none,1463,9.37
5640,tötest,doden,,,Verb,töten,lemma,1463,9.37
5641,pierce,,,,,,none,1463,9.37
5642,privatsphäre,afzondering,,,Substantiv,,direct,1463,9.37
5643,büßen,boeten,goedmaken,,Verb,,direct,1463,9.37
5644,kalten,koud,kil,,Adjektiv,kalt,lemma,1462,9.36
5645,eid,eed,,de,Substantiv,,direct,1461,9.36
5646,burschen,jongen,knaap; joch; jochie,de,Substantiv,Bursche,lemma,1461,9.36
5647,zweit,,,,,,none,1461,9.36
5648,unterscheiden,onderscheiden,verschillen; onderkennen; schillen,,Verb,,direct,1461,9.36
5649,gerechnet,rekenen,,,Verb,rechnen,lemma,1461,9.36
5650,telegramm,telegram,,,Substantiv,,direct,1460,9.35
5651,sprecht,spreken,praten,,Verb,sprechen,lemma,1460,9.35
5652,babysitter,baby-sitter,babysitter,,Substantiv,,direct,1460,9.35
5653,pfad,pad,,de,Substantiv,,direct,1460,9.35
5654,getanzt,dansen,,,Verb,tanzen,lemma,1459,9.34
5655,mafia,maffia,,,Substantiv,,direct,1459,9.34
5656,verteidigt,,,,,,none,1458,9.34
5657,abschalten,uitdoen,,,Verb,,direct,1458,9.34
5658,wellen,Wellen,,,Substantiv,,direct,1458,9.34
5659,besoffen,bezopen,,,Adjektiv,,direct,1458,9.34
5660,diensten,dienst,,de,Substantiv,Dienst,lemma,1458,9.34
5661,abschließen,op slot doen,,,Verb,,direct,1457,9.33
5662,angehalten,stoppen,,,Verb,anhalten,lemma,1456,9.32
5663,doyle,,,,,,none,1455,9.32
5664,assistent,assistent,,de,Substantiv,,direct,1454,9.31
5665,ketten,aaneenrijging,,,Verb,,direct,1454,9.31
5666,reist,reizen,,,Verb,reisen,lemma,1454,9.31
5667,merkst,onthouden,bemerken; merken,,Verb,merken,lemma,1453,9.30
5668,bot,bot,,de,Substantiv,,direct,1453,9.30
5669,gwen,,,,,,none,1453,9.30
5670,inwiefern,als,,,Adverb,,direct,1452,9.30
5671,pille,pil,,,Substantiv,,direct,1452,9.30
5672,bock,bok,goesting; zin,,Substantiv,,direct,1452,9.30
5673,korb,mand,korf,de,Substantiv,,direct,1452,9.30
5674,herrschaften,heerlijkheid,,,Substantiv,Herrschaft,lemma,1452,9.30
5675,en,,,,,,none,1451,9.29
5676,bedauern,betreuren,,,Verb,,direct,1451,9.29
5677,angefasst,,,,,,none,1451,9.29
5678,heißer,heet,,,Adjektiv,heiß,lemma,1451,9.29
5679,aufrichtig,oprecht,,,Adjektiv,,direct,1450,9.28
5680,conrad,,,,,,none,1450,9.28
5681,versorgen,verzorgen,zorgen,,Verb,,direct,1450,9.28
5682,sperren,schorsen,,,Verb,,direct,1450,9.28
5683,naiv,naïef,,,Adjektiv,,direct,1449,9.28
5684,mauern,metselen,,,,,direct,1449,9.28
5685,hugo,Hugo,,,Substantiv,,direct,1448,9.27
5686,erweisen,betonen,,,Verb,,direct,1448,9.27
5687,zurücklassen,achterlaten,,,Verb,,direct,1448,9.27
5688,samurai,samoerai,,de,Substantiv,,direct,1447,9.27
5689,hoffnungen,hoop,,de,Substantiv,Hoffnung,lemma,1447,9.27
5690,feststellen,vaststellen,,,Verb,,direct,1447,9.27
5691,finch,,,,,,none,1446,9.26
5692,mandanten,cliënt,,de,Substantiv,Mandant,lemma,1446,9.26
5693,quartier,accommodatie,,de,Substantiv,,direct,1446,9.26
5694,philippe,,,,,,none,1445,9.25
5695,neidisch,afgunstig,nijdig,,Adjektiv,,direct,1445,9.25
5696,alicia,,,,,,none,1445,9.25
5697,chips,chips,,,,,direct,1445,9.25
5698,zugelassen,toelaten,,,Verb,zulassen,lemma,1444,9.25
5699,weibliche,vrouwelijk,,,Adjektiv,weiblich,lemma,1443,9.24
5700,schlauer,sluw,gewiekst; snugger,,Adjektiv,schlau,lemma,1443,9.24
5701,vorwürfe,verwijt,,,Substantiv,Vorwurf,lemma,1443,9.24
5702,aushalten,voortduren,,,Verb,,direct,1443,9.24
5703,einschlafen,in slaap vallen,,,Verb,,direct,1443,9.24
5704,transport,transport,,,Substantiv,,direct,1442,9.23
5705,laptop,portátil,,,Substantiv,,direct,1442,9.23
5706,arrangieren,ordenen,,,Verb,,direct,1442,9.23
5707,städte,stad,,de,Substantiv,Stadt,lemma,1441,9.23
5708,vorzustellen,introduceren,voorstellen,,Verb,vorstellen,lemma,1441,9.23
5709,unterm,,,,,,none,1440,9.22
5710,flash,,,,,,none,1440,9.22
5711,status,status,,de,Substantiv,,direct,1440,9.22
5712,bond,,,,,,none,1440,9.22
5713,stephanie,,,,,,none,1440,9.22
5714,zweifellos,ongetwijfeld,zonder twijfel,,Adverb,,direct,1440,9.22
5715,rückwärts,terug,,,Lokaladverb,,direct,1439,9.21
5716,skandal,schandaal,,,Substantiv,,direct,1439,9.21
5717,angebracht,gepast,,,Adjektiv,,direct,1439,9.21
5718,pressen,persen,,,Verb,,direct,1439,9.21
5719,tschuldigung,,,,,,none,1438,9.21
5720,papierkram,paperassen,papieren romp,,Substantiv,,direct,1438,9.21
5721,trat,trappen,schoppen,,Verb,treten,lemma,1438,9.21
5722,gemeinschaft,gemeenschap,,de,Substantiv,,direct,1438,9.21
5723,instinkt,instinct,,,Substantiv,,direct,1438,9.21
5724,flitterwochen,huwelijksreis,wittebroodsweken,,Substantiv,,direct,1437,9.20
5725,narbe,litteken,,,Substantiv,,direct,1437,9.20
5726,kombination,combinatie,,,Substantiv,,direct,1437,9.20
5727,vorgesetzten,,,,,,none,1437,9.20
5728,ausprobieren,uitproberen,,,Verb,,direct,1437,9.20
5729,solcher,zodanig,zulk,,Demonstrativpronomen,solch,lemma,1436,9.20
5730,sexuelle,seksueel,seksuele,,Adjektiv,sexuell,lemma,1436,9.20
5731,geliebter,minnaar,,de,Substantiv,,direct,1436,9.20
5732,julien,,,,,,none,1436,9.20
5733,lauren,,,,,,none,1436,9.20
5734,ignoriert,,,,,,none,1436,9.20
5735,leslie,,,,,,none,1436,9.20
5736,zogen,trekken,,,Verb,ziehen,lemma,1435,9.19
5737,zahnarzt,tandarts,,de,Substantiv,,direct,1435,9.19
5738,gelitten,lijden,,,Verb,leiden,lemma,1435,9.19
5739,zutritt,toegang,,de,Substantiv,,direct,1434,9.18
5740,vergewaltigung,verkrachten,verkrachting,,Substantiv,,direct,1434,9.18
5741,drehe,omgeving,,de,Substantiv,,direct,1434,9.18
5742,ertrage,dragen,,,Verb,ertragen,lemma,1433,9.18
5743,andern,ander,,,,ander,lemma,1432,9.17
5744,streich,grap,,,Substantiv,,direct,1432,9.17
5745,kichert,grinniken,giechelen,,Verb,kichern,lemma,1432,9.17
5746,sternenflotte,,,,,,none,1431,9.16
5747,kreaturen,schepsel,,,Substantiv,Kreatur,lemma,1431,9.16
5748,reif,rijp,,,Adjektiv,,direct,1430,9.16
5749,übermorgen,overmorgen,,,Adverb,,direct,1430,9.16
5750,dicker,dikzak,,,Substantiv,,direct,1429,9.15
5751,got,,,,,,none,1429,9.15
5752,nest,nest,,,Substantiv,,direct,1429,9.15
5753,but,,,,,,none,1429,9.15
5754,angerichtet,aanrichten,,,Verb,anrichten,lemma,1429,9.15
5755,verklagen,aanklagen,,,Verb,,direct,1429,9.15
5756,helm,helm,,de,Substantiv,,direct,1428,9.14
5757,bingo,bingo,,,Substantiv,,direct,1428,9.14
5758,vergleichen,vergelijken,,,Verb,,direct,1428,9.14
5759,schweiz,Zwitserland,,het,Substantiv,,direct,1428,9.14
5760,bemerken,constateren,,,Verb,,direct,1428,9.14
5761,herbst,herfst,najaar,de,Substantiv,,direct,1427,9.14
5762,meredith,,,,,,none,1427,9.14
5763,zurückholen,,,,,,none,1427,9.14
5764,nazis,nazi,,,,Nazi,lemma,1427,9.14
5765,stamm,stam,,de,Substantiv,,direct,1427,9.14
5766,auswahl,keus,,,Substantiv,,direct,1427,9.14
5767,braves,braaf,,,Adjektiv,brav,lemma,1427,9.14
5768,sichergehen,,,,,,none,1426,9.13
5769,antreten,uitdagen,,,Verb,,direct,1426,9.13
5770,lester,,,,,,none,1426,9.13
5771,vorstand,raad van bestuur,,,Substantiv,,direct,1426,9.13
5772,sdi,,,,,,none,1425,9.12
5773,robbie,,,,,,none,1425,9.12
5774,organisieren,organiseren,,,Verb,,direct,1425,9.12
5775,tank,tank,,de,Substantiv,,direct,1424,9.12
5776,let,,,,,,none,1424,9.12
5777,besprechung,bespreking,,de,Substantiv,,direct,1424,9.12
5778,studium,studie,,,Substantiv,,direct,1423,9.11
5779,gossip,achterklap,,,Substantiv,,direct,1423,9.11
5780,kreditkarte,creditcard,kredietkaart,de,Substantiv,,direct,1423,9.11
5781,schwuchtel,nicht,,de,Substantiv,,direct,1423,9.11
5782,profil,profiel,,,Substantiv,,direct,1423,9.11
5783,donner,donder,,de,Substantiv,,direct,1423,9.11
5784,drake,,,,,,none,1422,9.11
5785,schrecken,gruwel,,,Substantiv,,direct,1422,9.11
5786,stall,stal,hok,de,Substantiv,,direct,1422,9.11
5787,saßen,,,,,,none,1422,9.11
5788,quitt,quitte,,,Adjektiv,,direct,1422,9.11
5789,hotels,hotel,,,Substantiv,Hotel,lemma,1421,9.10
5790,respektiere,respecteren,,,Verb,respektieren,lemma,1420,9.09
5791,kandidaten,kandidaat,,de,Substantiv,Kandidat,lemma,1420,9.09
5792,schulen,scholen,,,Verb,,direct,1419,9.09
5793,crane,,,,,,none,1419,9.09
5794,geschäftsmann,zakenman,,de,Substantiv,,direct,1418,9.08
5795,arnold,Arnold,,,Substantiv,,direct,1417,9.07
5796,läutet,luiden,,,Verb,läuten,lemma,1417,9.07
5797,lachst,lachen,dubbel liggen,,Verb,lachen,lemma,1417,9.07
5798,champion,eerste klasse,,,Substantiv,,direct,1417,9.07
5799,unverständlich,onbegrijpelijk,onverstaanbaar,,Adjektiv,,direct,1416,9.07
5800,ermorden,moorden,,,Verb,,direct,1416,9.07
5801,betracht,beschouwen,,,Verb,betrachten,lemma,1415,9.06
5802,schadet,schade,letsel; strop; letselschade,de,Substantiv,schaden,lemma,1415,9.06
5803,fester,feest,,,Substantiv,fest,lemma,1415,9.06
5804,aah,,,,,,none,1414,9.05
5805,rühren,ontroeren,roeren; bewegen; zich verroeren,,Verb,,direct,1414,9.05
5806,geregelt,regelen,,,Verb,regeln,lemma,1413,9.05
5807,unterbrochen,kapot,,,,,direct,1413,9.05
5808,angesicht,aangezicht,,,Substantiv,,direct,1413,9.05
5809,kriminellen,crimineel,misdadig,,Adjektiv,kriminell,lemma,1413,9.05
5810,when,,,,,,none,1413,9.05
5811,helena,Eliene,,,Substantiv,,direct,1413,9.05
5812,einzelheiten,detail,,,Substantiv,Einzelheit,lemma,1412,9.04
5813,anlügen,liegen,,,Verb,,direct,1412,9.04
5814,beschütze,beschermen,,,Verb,beschützen,lemma,1412,9.04
5815,stattfinden,plaatsvinden,,,Verb,,direct,1412,9.04
5816,dads,,,,,,none,1412,9.04
5817,fortschritt,vooruitgang,voortgang,de,Substantiv,,direct,1412,9.04
5818,gelingt,lukken,slagen,,Verb,gelingen,lemma,1411,9.04
5819,feierabend,,,,,,none,1411,9.04
5820,feste,vesting,,,Substantiv,,direct,1411,9.04
5821,burger,,,,,,none,1410,9.03
5822,spannend,boeiend,fascinerend; interessant,,Adjektiv,,direct,1410,9.03
5823,deputy,vertegenwoordiger,,de,Substantiv,,direct,1409,9.02
5824,einnehmen,gebruiken,,,Verb,,direct,1409,9.02
5825,schalte,andere kleren,,,Verb,schalten,lemma,1409,9.02
5826,passwort,wachtwoord,paswoord,het,Substantiv,,direct,1408,9.02
5827,würstchen,worst,,de,Substantiv,,direct,1408,9.02
5828,mittlerweile,intussen,,,Adverb,,direct,1407,9.01
5829,aufzugeben,opgeven,,,Verb,aufgeben,lemma,1407,9.01
5830,führst,leiden,,,Verb,führen,lemma,1406,9.00
5831,harper,,,,,,none,1406,9.00
5832,zivilisten,burger,,de,Substantiv,Zivilist,lemma,1406,9.00
5833,ewige,eeuwig,,,Adjektiv,ewig,lemma,1406,9.00
5834,emotionen,emotie,,,Substantiv,Emotion,lemma,1406,9.00
5835,beurteilen,beoordelen,,,Verb,,direct,1405,9.00
5836,käufer,koper,,de,Substantiv,,direct,1405,9.00
5837,stars,spreeuw,vedette; ster,,Substantiv,Star,lemma,1404,8.99
5838,erwachsenen,volwassen,,,Adjektiv,erwachsen,lemma,1404,8.99
5839,division,divisie,,,Substantiv,,direct,1404,8.99
5840,aufzunehmen,opnemen,,,Verb,aufnehmen,lemma,1404,8.99
5841,booth,,,,,,none,1404,8.99
5842,werft,werf,scheepswerf,,Substantiv,,direct,1403,8.98
5843,ältere,oud,,,Adjektiv,alt,lemma,1403,8.98
5844,banken,bank,bankgebouw; toonbank,,Substantiv,Bank,lemma,1403,8.98
5845,kätzchen,katje,poesje,,Substantiv,,direct,1403,8.98
5846,option,keuze,,de,Substantiv,,direct,1402,8.98
5847,heiratest,huwen,trouwen,,Verb,heiraten,lemma,1402,8.98
5848,rettete,redden,,,Verb,retten,lemma,1402,8.98
5849,aufstellen,opbouwen,,,Verb,,direct,1402,8.98
5850,husten,hoest,,,Substantiv,,direct,1402,8.98
5851,schublade,lade,la,,Substantiv,,direct,1401,8.97
5852,gestürzt,vallen,,,Verb,stürzen,lemma,1401,8.97
5853,seattle,Seattle,,,Substantiv,,direct,1401,8.97
5854,ankommt,aankomen,,,Verb,ankommen,lemma,1400,8.96
5855,befragt,,,,,,none,1400,8.96
5856,buchstaben,letter,karakter,,Substantiv,Buchstabe,lemma,1400,8.96
5857,spielten,spelen,meespelen,,Verb,spielen,lemma,1399,8.96
5858,gestiegen,stijgen,,,Verb,steigen,lemma,1399,8.96
5859,abgefahren,slick,,,Adjektiv,,direct,1399,8.96
5860,gewaschen,wassen,,,Verb,waschen,lemma,1399,8.96
5861,anzunehmen,aanvaarden,veronderstellen; accepteren,,Verb,annehmen,lemma,1399,8.96
5862,rob,,,,,,none,1398,8.95
5863,anzahl,aantal,,,Substantiv,,direct,1398,8.95
5864,zombies,zombie,,,Substantiv,Zombie,lemma,1397,8.95
5865,have,,,,,,none,1397,8.95
5866,anhänger,aanhangwagen,aanhanger,de,Substantiv,,direct,1397,8.95
5867,gewisser,natuurlijk,uiteraard; vanzelfsprekend,,Adjektiv,gewiss,lemma,1396,8.94
5868,vorkommen,voorkomen,,,Verb,,direct,1396,8.94
5869,festnehmen,arresteren,aanhouden; oppakken,,Verb,,direct,1396,8.94
5870,willow,,,,,,none,1396,8.94
5871,medizinischen,medisch,geneeskundig,,Adjektiv,medizinisch,lemma,1395,8.93
5872,kern,kern,pit; steen,,Substantiv,,direct,1394,8.93
5873,offene,open,,,Adjektiv,offen,lemma,1393,8.92
5874,gefeiert,gevierd,,,Adjektiv,,direct,1393,8.92
5875,anschließen,aansluiten,,,Verb,,direct,1393,8.92
5876,rico,,,,,,none,1393,8.92
5877,clarke,,,,,,none,1392,8.91
5878,erfindung,uitvinding,,,Substantiv,,direct,1392,8.91
5879,besserer,goed,,,Adjektiv,gut,lemma,1392,8.91
5880,autopsie,autopsie,,,Substantiv,,direct,1392,8.91
5881,rucksack,rugzak,,,Substantiv,,direct,1391,8.91
5882,zwingt,dwingen,afdwingen,,Verb,zwingen,lemma,1391,8.91
5883,gnädige,barmhartig,,,Adjektiv,gnädig,lemma,1391,8.91
5884,einsamkeit,eenzaamheid,,de,Substantiv,,direct,1391,8.91
5885,gesprungen,springen,,,Verb,springen,lemma,1391,8.91
5886,geopfert,offeren,,,Verb,opfern,lemma,1390,8.90
5887,lena,,,,,,none,1390,8.90
5888,beiseite,opzij,,,,,direct,1390,8.90
5889,umgekehrt,andersom,,,Adjektiv,,direct,1389,8.89
5890,geschworenen,,,,,,none,1389,8.89
5891,draussen,buiten,,,Adverb,draußen,lemma,1389,8.89
5892,ausgesprochen,echt,,,Adjektiv,,direct,1389,8.89
5893,beseitigen,verwijderen,opruimen; uit de weg ruimen; uitschakelen,,Verb,,direct,1388,8.89
5894,burg,burcht,kasteel,,Substantiv,,direct,1387,8.88
5895,ausführen,uitvoeren,uitnodigen,,Verb,,direct,1387,8.88
5896,gesperrt,gehandicapten-,,,Adjektiv,,direct,1387,8.88
5897,carla,,,,,,none,1387,8.88
5898,irrer,dol,,de,Substantiv,,direct,1387,8.88
5899,drehte,draaien,,,Verb,drehen,lemma,1387,8.88
5900,ersparen,sparen,,,Verb,,direct,1387,8.88
5901,force,,,,,,none,1386,8.87
5902,frech,brutaal,,,Adjektiv,,direct,1386,8.87
5903,einziehen,intrekken,,,Verb,,direct,1385,8.87
5904,kira,,,,,,none,1385,8.87
5905,hot,,,,,,none,1385,8.87
5906,genehmigung,vergunning,,de,Substantiv,,direct,1385,8.87
5907,tankstelle,tankstation,benzinestation,,Substantiv,,direct,1385,8.87
5908,versteckte,verstoppen,versteken,,Verb,verstecken,lemma,1385,8.87
5909,interessanter,interessant,belangwekkend; boeiend,,Adjektiv,interessant,lemma,1385,8.87
5910,schneider,kleermaker,alver,de,Substantiv,,direct,1385,8.87
5911,gelb,geel,,,Adjektiv,,direct,1385,8.87
5912,et,,,,,,none,1383,8.86
5913,gefährden,in gevaar brengen,bedreigen,,Verb,,direct,1383,8.86
5914,handtasche,handtas,,,Substantiv,,direct,1383,8.86
5915,urteilen,oordelen,,,Verb,,direct,1383,8.86
5916,erhöht,,,,,,none,1382,8.85
5917,preise,loven,prijzen,,Verb,preisen,lemma,1382,8.85
5918,bumm,,,,,,none,1382,8.85
5919,unbekannten,onbekend,,,Adjektiv,unbekannt,lemma,1382,8.85
5920,gelten,gelden,,,Verb,,direct,1381,8.84
5921,life,,,,,,none,1381,8.84
5922,butler,butler,,,Substantiv,,direct,1380,8.84
5923,möglichst,zo … mogelijk,,,Adverb,,direct,1380,8.84
5924,münze,munt,geldstuk,,Substantiv,,direct,1380,8.84
5925,singe,zingen,,,Verb,singen,lemma,1379,8.83
5926,saison,seizoen,,,Substantiv,,direct,1379,8.83
5927,andrea,,,,,,none,1379,8.83
5928,partnerin,compagnon,,,Substantiv,,direct,1379,8.83
5929,haltung,houding,,,Substantiv,,direct,1379,8.83
5930,vollidiot,klojo,,,Substantiv,,direct,1379,8.83
5931,fasst,grijpen,,,Verb,fassen,lemma,1379,8.83
5932,winston,,,,,,none,1379,8.83
5933,minus,min,,,Konjunktion,,direct,1379,8.83
5934,pflichten,,,,,,none,1379,8.83
5935,spar,sparen,besparen,,Verb,sparen,lemma,1378,8.82
5936,demselben,hetzelfde,dezelfde,,Demonstrativpronomen,derselbe,lemma,1378,8.82
5937,ruhestand,pensioen,,,Substantiv,,direct,1378,8.82
5938,versteckst,verstoppen,versteken,,Verb,verstecken,lemma,1377,8.82
5939,kai,kaai,kade,,Substantiv,,direct,1377,8.82
5940,bewachen,bewaken,,,Verb,,direct,1375,8.80
5941,oz,,,,,,none,1375,8.80
5942,vera,,,,,,none,1375,8.80
5943,anhörung,auditie,,,Substantiv,,direct,1375,8.80
5944,lieder,lied,,het,Substantiv,Lied,lemma,1374,8.80
5945,miguel,,,,,,none,1374,8.80
5946,dreckig,smerig,,,Adjektiv,,direct,1374,8.80
5947,verbreiten,uitbrijden,uitdragen; verbrijden,,Verb,,direct,1374,8.80
5948,wei,,,,,,none,1374,8.80
5949,sch,,,,,,none,1374,8.80
5950,carmen,,,,,,none,1373,8.79
5951,first,hoogtepunt,,,Substantiv,,direct,1373,8.79
5952,schenke,advocatuur,,,Substantiv,,direct,1373,8.79
5953,wölfe,wolf,vleesmolen,de,Substantiv,Wolf,lemma,1373,8.79
5954,erholen,beter worden,,,Verb,,direct,1373,8.79
5955,bedenkt,overwegen,bedenken; beachten; herinneren,,Verb,bedenken,lemma,1372,8.79
5956,blutet,bloeden,,,Verb,bluten,lemma,1372,8.79
5957,freddie,,,,,,none,1371,8.78
5958,beschweren,kankeren,,,Verb,,direct,1371,8.78
5959,schmeiß,gooien,,,Verb,schmeißen,lemma,1371,8.78
5960,gauner,bedrieger,,,Substantiv,,direct,1371,8.78
5961,verursachen,veroorzaken,,,Verb,,direct,1371,8.78
5962,elvis,,,,,,none,1370,8.77
5963,produkt,product,,,Substantiv,,direct,1370,8.77
5964,cathy,,,,,,none,1370,8.77
5965,tafel,schoolbord,bord; reep; tafel,,Substantiv,,direct,1369,8.77
5966,kacke,stront,,de,Substantiv,,direct,1369,8.77
5967,versammelt,,,,,,none,1369,8.77
5968,sandra,,,,,,none,1368,8.76
5969,regelmäßig,regelmatig,geregeld; steevast,,Adjektiv,,direct,1368,8.76
5970,geschrei,geblaat,,,Substantiv,,direct,1368,8.76
5971,ruder,roeiriem,roer; riem,de,Substantiv,,direct,1367,8.75
5972,allah,Allah,,,Substantiv,,direct,1367,8.75
5973,vollen,vol,,,Adjektiv,voll,lemma,1367,8.75
5974,aktivitäten,activiteit,,de,Substantiv,Aktivität,lemma,1367,8.75
5975,wohnte,wonen,,,Verb,wohnen,lemma,1367,8.75
5976,kaninchen,konijn,,,Substantiv,,direct,1367,8.75
5977,systeme,systeem,stelsel; structuur,,Substantiv,System,lemma,1367,8.75
5978,orange,oranje,brandgeel,,Adjektiv,,direct,1367,8.75
5979,platten,plat,vlak,,Adjektiv,platt,lemma,1367,8.75
5980,rex,,,,,,none,1366,8.75
5981,geliehen,lenen,,,Verb,leihen,lemma,1365,8.74
5982,befolgen,gehoorzamen,,,Verb,,direct,1365,8.74
5983,belästigt,,,,,,none,1365,8.74
5984,hongkong,Hongkong,,,Substantiv,,direct,1365,8.74
5985,zombie,zombie,,,Substantiv,,direct,1364,8.73
5986,vorgeht,aanpak,,de,Substantiv,vorgehen,lemma,1364,8.73
5987,heißes,heet,,,Adjektiv,heiß,lemma,1364,8.73
5988,überprüfe,overhoren,,,Verb,überprüfen,lemma,1364,8.73
5989,veröffentlicht,,,,,,none,1363,8.73
5990,erschieß,doodschieten,neerschieten,,Verb,erschießen,lemma,1362,8.72
5991,mahlzeit,maaltijd,eet smakelijk; maal,de,Substantiv,,direct,1362,8.72
5992,offizielle,officieel,,,Adjektiv,offiziell,lemma,1362,8.72
5993,yorker,,,,,,none,1362,8.72
5994,angie,,,,,,none,1362,8.72
5995,aufbrechen,vertrekken,opbreken; opstappen; zich op weg begeven,,Verb,,direct,1361,8.71
5996,überlasse,overlaten,,,Verb,überlassen,lemma,1361,8.71
5997,get,,,,,,none,1361,8.71
5998,kenntnis,kennis,,de,Substantiv,,direct,1361,8.71
5999,beschissenen,schijt,,,Adjektiv,beschissen,lemma,1361,8.71
6000,trevor,,,,,,none,1361,8.71
6001,verbindet,verbinden,,,Verb,verbinden,lemma,1360,8.71
6002,sanitäter,,,,,,none,1360,8.71
6003,überraschend,verrassend,verbazend,,Adjektiv,,direct,1360,8.71
6004,geantwortet,,,,,,none,1359,8.70
6005,droht,bedreigen,,,Verb,drohen,lemma,1359,8.70
6006,italienisch,Italiaans,italiaans,het,Substantiv,,direct,1358,8.70
6007,verhör,ondervraging,verhoor,de,Substantiv,,direct,1358,8.70
6008,größeres,groot,volwassene,,Adjektiv,groß,lemma,1357,8.69
6009,klagen,klagen,,,Verb,,direct,1357,8.69
6010,dichter,dichter,,de,Substantiv,,direct,1357,8.69
6011,großartiger,geweldig,,,Adjektiv,großartig,lemma,1357,8.69
6012,gratis,gratis,kosteloos; voor niks,,Adjektiv,,direct,1356,8.68
6013,fürchtet,vrezen,duchten; bang zijn; opzien,,Verb,fürchten,lemma,1356,8.68
6014,abzuholen,ophalen,,,Verb,abholen,lemma,1356,8.68
6015,gefühlen,gevoel,,,Substantiv,Gefühl,lemma,1355,8.68
6016,beschäftigen,tewerkstellen,,,Verb,,direct,1355,8.68
6017,unglaubliche,ongelofelijk,,,Adjektiv,unglaublich,lemma,1355,8.68
6018,selbe,dezelfde,,,Demonstrativpronomen,,direct,1355,8.68
6019,barnes,,,,,,none,1354,8.67
6020,spürt,aanvoelen,,,Verb,spüren,lemma,1354,8.67
6021,funkgerät,radio,,de,Substantiv,,direct,1354,8.67
6022,abgegeben,,,,,,none,1353,8.66
6023,laurel,,,,,,none,1353,8.66
6024,angemessen,passend,adequaat; redelijk,,Adjektiv,,direct,1353,8.66
6025,ohnehin,sowieso,hoe dan ook,,Adverb,,direct,1352,8.66
6026,chinesisch,Chinees,,,Substantiv,,direct,1352,8.66
6027,orden,orde,lintje; onderscheiding,,Substantiv,,direct,1351,8.65
6028,angeheuert,werk aannemen,,,Verb,anheuern,lemma,1351,8.65
6029,wählt,kiezen,verkiezen,,Verb,wählen,lemma,1351,8.65
6030,lustige,grappig,,,Adjektiv,lustig,lemma,1350,8.64
6031,abhängen,afhangen,,,Verb,,direct,1350,8.64
6032,vierten,,,,,,none,1350,8.64
6033,tanner,,,,,,none,1350,8.64
6034,schläge,slag,hok,de,Substantiv,Schlag,lemma,1349,8.64
6035,zögern,aarzelen,talmen,,Verb,,direct,1349,8.64
6036,bezeichnen,aanduiden,,,Verb,,direct,1349,8.64
6037,seltsames,vreemd,,,Adjektiv,seltsam,lemma,1349,8.64
6038,beruflich,beroepsmatig,,,Adjektiv,,direct,1348,8.63
6039,un,VN,,,Abkürzung,,direct,1348,8.63
6040,bedeckt,betrokken,,,Adjektiv,,direct,1348,8.63
6041,anzufangen,beginnen,,,Verb,anfangen,lemma,1348,8.63
6042,geraucht,roken,smoren,,Verb,rauchen,lemma,1347,8.63
6043,töteten,doden,,,Verb,töten,lemma,1347,8.63
6044,begeben,zich manifesteren,,,Verb,,direct,1346,8.62
6045,verständlich,begrijpelijk,,,Adjektiv,,direct,1345,8.61
6046,pop,dichtgaan,,,Substantiv,,direct,1345,8.61
6047,merkte,onthouden,bemerken; merken,,Verb,merken,lemma,1345,8.61
6048,infektion,infectie,,,Substantiv,,direct,1345,8.61
6049,kitty,,,,,,none,1345,8.61
6050,entspricht,ontspreken,stroken; voldoen,,Verb,entsprechen,lemma,1344,8.61
6051,winkel,hoek,schrijfhaak,de,Substantiv,,direct,1344,8.61
6052,experten,expert,deskundige,,Substantiv,Experte,lemma,1344,8.61
6053,betten,gaan liggen,,,Verb,,direct,1344,8.61
6054,boxen,boksen,,,Substantiv,,direct,1344,8.61
6055,torte,taart,,,Substantiv,,direct,1343,8.60
6056,austausch,uitwisseling,ruil; verfanging,,Substantiv,,direct,1343,8.60
6057,aufregen,overstuur maken,,,Verb,,direct,1343,8.60
6058,vermuten,vermoeden,,,Verb,,direct,1343,8.60
6059,geheimdienst,geheime dienst,veiligheidsdienst,,Substantiv,,direct,1343,8.60
6060,schlangen,strikken,,,Verb,schlingen,lemma,1342,8.59
6061,erholt,,,,,,none,1342,8.59
6062,zach,hard,,,Adjektiv,,direct,1342,8.59
6063,überzeugend,overtuigend,,,Adjektiv,,direct,1341,8.59
6064,prue,,,,,,none,1341,8.59
6065,genick,nek,hals,de,Substantiv,,direct,1340,8.58
6066,wuchs,groeivorm,,,Substantiv,,direct,1340,8.58
6067,autorität,autoriteit,gezag,de,Substantiv,,direct,1340,8.58
6068,schinken,ham,hesp,,Substantiv,,direct,1340,8.58
6069,wien,Wenen,,,Substantiv,,direct,1340,8.58
6070,langes,lang,,,Adjektiv,lang,lemma,1339,8.57
6071,sookie,,,,,,none,1339,8.57
6072,zoey,,,,,,none,1339,8.57
6073,fetten,vet,smeer,,Substantiv,fett,lemma,1339,8.57
6074,hai,haai,,de,Substantiv,,direct,1338,8.57
6075,binden,strikken,,,Verb,,direct,1338,8.57
6076,erpressung,afpersing,chantage,de,Substantiv,,direct,1338,8.57
6077,derzeit,hedendaags,,,Temporaladverb,,direct,1338,8.57
6078,getäuscht,bedriegen,misleiden,,Verb,täuschen,lemma,1338,8.57
6079,buddy,,,,,,none,1338,8.57
6080,keines,geen,,,Indefinitpronomen,kein,lemma,1337,8.56
6081,sammlung,collectie,,,Substantiv,,direct,1337,8.56
6082,anruft,opbellen,bellen; aanroepen; inroepen,,Verb,anrufen,lemma,1337,8.56
6083,tauchte,duiken,,,Verb,tauchen,lemma,1337,8.56
6084,weist,wijzen,,,Verb,weisen,lemma,1337,8.56
6085,ergreifen,vastpakken,oppakken; in zijn greep krijgen; vat krijgen op,,Verb,,direct,1337,8.56
6086,frohes,blij,,,Adjektiv,froh,lemma,1337,8.56
6087,hänge,hangen,ophangen,,Verb,hängen,lemma,1337,8.56
6088,bewohner,bewoner,,de,Substantiv,,direct,1337,8.56
6089,entschied,besluiten,kiezen,,Verb,entscheiden,lemma,1336,8.55
6090,supermarkt,supermarkt,,,Substantiv,,direct,1336,8.55
6091,offiziere,officier,,,Substantiv,Offizier,lemma,1336,8.55
6092,verwandte,familielid,,,Substantiv,,direct,1336,8.55
6093,schwachkopf,debiel,,,Substantiv,,direct,1335,8.55
6094,antoine,,,,,,none,1334,8.54
6095,irak,Irak,,,Substantiv,,direct,1334,8.54
6096,rangehen,,,,,,none,1334,8.54
6097,naomi,Naomi,,,Substantiv,,direct,1333,8.54
6098,kündigen,kondigen,,,Verb,,direct,1333,8.54
6099,geldes,geld,poen,,Substantiv,Geld,lemma,1333,8.54
6100,dealer,dealer,,,Substantiv,,direct,1333,8.54
6101,könige,Koningen,,,,,direct,1333,8.54
6102,army,,,,,,none,1332,8.53
6103,januar,januari,louwmaand; hardmaand; ijsmaand,de,Substantiv,,direct,1332,8.53
6104,agnes,Agnes,,,Substantiv,,direct,1332,8.53
6105,priorität,voorrang,,de,Substantiv,,direct,1332,8.53
6106,beförderung,promotie,,,Substantiv,,direct,1332,8.53
6107,kranke,ziek,,,Substantiv,,direct,1332,8.53
6108,eifersucht,jaloezie,,de,Substantiv,,direct,1332,8.53
6109,way,,,,,,none,1332,8.53
6110,heutige,huidig,,,Adjektiv,heutig,lemma,1331,8.52
6111,sprang,springen,,,Verb,springen,lemma,1331,8.52
6112,kürze,straks,,,Substantiv,,direct,1331,8.52
6113,polen,Polen,,,Substantiv,,direct,1330,8.52
6114,erbärmlich,erbarmelijk,,,Adjektiv,,direct,1330,8.52
6115,erfasst,,,,,,none,1330,8.52
6116,besonderer,bijzonder,,,,,direct,1330,8.52
6117,good,,,,,,none,1330,8.52
6118,geräte,werktuig,,,Substantiv,Gerät,lemma,1330,8.52
6119,tanze,dansen,,,Verb,tanzen,lemma,1330,8.52
6120,königliche,koninklijk,,,Adjektiv,königlich,lemma,1330,8.52
6121,durchmachen,ondergaan,,,Verb,,direct,1329,8.51
6122,dallas,,,,,,none,1328,8.50
6123,verschwendet,,,,,,none,1328,8.50
6124,kennedy,,,,,,none,1328,8.50
6125,uld,,,,,,none,1327,8.50
6126,alec,,,,,,none,1326,8.49
6127,akzeptiere,aanvaarden,aksepteren,,Verb,akzeptieren,lemma,1326,8.49
6128,ausgeschaltet,uitschakelen,,,Verb,ausschalten,lemma,1326,8.49
6129,ufer,oever,,,Substantiv,,direct,1326,8.49
6130,risiken,risico,,de,Substantiv,Risiko,lemma,1326,8.49
6131,schrie,schreeuwen,roepen,,Verb,schreien,lemma,1326,8.49
6132,beeinflusst,,,,,,none,1325,8.48
6133,hal,,,,,,none,1325,8.48
6134,aussiehst,,,,,,none,1325,8.48
6135,ausgebildet,,,,,,none,1324,8.48
6136,bezirk,district,rayon; wijk,,Substantiv,,direct,1324,8.48
6137,herrje,,,,,,none,1324,8.48
6138,beauftragt,,,,,,none,1324,8.48
6139,geschützt,beschermen,,,Verb,schützen,lemma,1324,8.48
6140,abgeschnitten,blokkeren,,,Verb,abschneiden,lemma,1324,8.48
6141,qualität,kwaliteit,,de,Substantiv,,direct,1323,8.47
6142,henker,beul,,de,Substantiv,,direct,1323,8.47
6143,ausgezogen,uitkleden,uittrekken; vertrekken,,Verb,ausziehen,lemma,1323,8.47
6144,versichern,verzekeren,,,Verb,,direct,1323,8.47
6145,gewinnst,winnen,,,Verb,gewinnen,lemma,1322,8.47
6146,navy,,,,,,none,1322,8.47
6147,schmidt,Smid,De Smet; Desmit; Smeets,,Substantiv,,direct,1322,8.47
6148,beschloss,besluiten,,,Verb,beschließen,lemma,1322,8.47
6149,batman,Batman,,,Substantiv,,direct,1321,8.46
6150,sun,,,,,,none,1321,8.46
6151,kapierst,begrijpen,,,Verb,kapieren,lemma,1321,8.46
6152,scheibe,schijf,plak,,Substantiv,,direct,1321,8.46
6153,veronica,,,,,,none,1321,8.46
6154,rosie,,,,,,none,1320,8.45
6155,pedro,,,,,,none,1320,8.45
6156,konferenz,conferentie,,,Substantiv,,direct,1320,8.45
6157,länder,land,grond,het,Substantiv,Land,lemma,1320,8.45
6158,flecken,gebrek,,,Substantiv,,direct,1319,8.45
6159,fur,,,,,,none,1319,8.45
6160,neal,,,,,,none,1319,8.45
6161,sonnenaufgang,zonsopgang,zonsopkomst,de,Substantiv,,direct,1319,8.45
6162,reed,,,,,,none,1319,8.45
6163,braun,bruin,,,Adjektiv,,direct,1317,8.43
6164,diagnose,diagnose,,,Substantiv,,direct,1317,8.43
6165,paranoid,para,,,Adjektiv,,direct,1317,8.43
6166,weltraum,ruimte,,de,Substantiv,,direct,1317,8.43
6167,adams,,,,,,none,1316,8.43
6168,vorbild,rolmodel,voorbeeld,,Substantiv,,direct,1316,8.43
6169,halle,hal,,,Substantiv,,direct,1315,8.42
6170,wandern,lopen,trekken; dwalen; werken,,Verb,,direct,1314,8.41
6171,fisher,,,,,,none,1314,8.41
6172,frost,vorst,,de,Substantiv,,direct,1314,8.41
6173,gehandelt,handelen,onderhandelen; betreffen,,Verb,handeln,lemma,1314,8.41
6174,hawaii,Hawaï,Hawaii,,Substantiv,,direct,1314,8.41
6175,kabine,kajuit,,,Substantiv,,direct,1313,8.41
6176,chefin,baas,,de,Substantiv,,direct,1313,8.41
6177,porter,portier,,,Substantiv,,direct,1313,8.41
6178,römer,Romein,,,Substantiv,,direct,1313,8.41
6179,weinst,huilen,blèren; wenen,,Verb,weinen,lemma,1312,8.40
6180,bäumen,steigeren,,,Verb,,direct,1312,8.40
6181,simpson,,,,,,none,1311,8.39
6182,datenbank,databank,,,Substantiv,,direct,1310,8.39
6183,suchten,zoeken,,,Verb,suchen,lemma,1310,8.39
6184,gesegnet,zegenen,,,Verb,segnen,lemma,1310,8.39
6185,teilnehmen,bijwonen,,,Verb,,direct,1308,8.38
6186,umbringt,doden,,,Verb,umbringen,lemma,1308,8.38
6187,claude,,,,,,none,1308,8.38
6188,blonde,blondine,blonde,de,Substantiv,,direct,1307,8.37
6189,bunker,bunker,,,Substantiv,,direct,1307,8.37
6190,mieser,knuddig,,,Adjektiv,mies,lemma,1307,8.37
6191,löffel,lepel,,,Substantiv,,direct,1307,8.37
6192,geteilt,delen,verdelen,,Verb,teilen,lemma,1307,8.37
6193,klaren,sereen,helder,,Adjektiv,klar,lemma,1307,8.37
6194,bree,,,,,,none,1306,8.36
6195,abhängig,afhankelijk,,,Adjektiv,,direct,1305,8.36
6196,überlebenden,,,,,,none,1305,8.36
6197,worf,,,,,,none,1305,8.36
6198,geeignet,geschikt,,,Adjektiv,,direct,1305,8.36
6199,hindern,belemmeren,,,Verb,,direct,1305,8.36
6200,fahrstuhl,lift,,de,Substantiv,,direct,1305,8.36
6201,ausgeht,uitgaan,,,Verb,ausgehen,lemma,1304,8.35
6202,mylady,,,,,,none,1304,8.35
6203,flagge,vlag,vaandel,,Substantiv,,direct,1304,8.35
6204,komplette,volledig,compleet; allesomvattend,,Adjektiv,komplett,lemma,1304,8.35
6205,hing,hangen,ophangen,,Verb,hängen,lemma,1304,8.35
6206,italiener,Italiaan,,,Substantiv,,direct,1304,8.35
6207,disziplin,discipline,,,Substantiv,,direct,1304,8.35
6208,erzogen,,,,,,none,1304,8.35
6209,harvard,,,,,,none,1303,8.34
6210,kongress,congres,,,Substantiv,,direct,1303,8.34
6211,eingezogen,intrekken,,,Verb,einziehen,lemma,1303,8.34
6212,kurzer,schutter,,,Substantiv,,direct,1303,8.34
6213,schirm,zaal,,,Substantiv,,direct,1303,8.34
6214,merlin,smelleken,merlijn,,Substantiv,,direct,1302,8.34
6215,charme,charme,,de,Substantiv,,direct,1302,8.34
6216,vorlesen,voorlezen,,,Verb,,direct,1301,8.33
6217,gefährlicher,gevaarlijk,gevaarlijke,,Adjektiv,gefährlich,lemma,1301,8.33
6218,mitfahren,meegaan,,,Verb,,direct,1299,8.32
6219,maurice,,,,,,none,1299,8.32
6220,anzeigen,aanduiden,,,Verb,,direct,1299,8.32
6221,schieb,duwen,,,Verb,schieben,lemma,1297,8.31
6222,empfindlich,netelig,,,Adjektiv,,direct,1297,8.31
6223,parken,parkeren,stationeren,,Verb,,direct,1297,8.31
6224,koche,koken,,,Verb,kochen,lemma,1296,8.30
6225,gestrichen,aaien,,,Verb,streichen,lemma,1296,8.30
6226,berühmten,beroemd,,,Adjektiv,berühmt,lemma,1296,8.30
6227,manchen,,,,,,none,1296,8.30
6228,klopf,kloppen,tikken,,Verb,klopfen,lemma,1294,8.29
6229,zorro,,,,,,none,1294,8.29
6230,reichlich,overvloedig,,,Adjektiv,,direct,1294,8.29
6231,lügnerin,leugenaar,,,Substantiv,,direct,1293,8.28
6232,mode,mode,,,Substantiv,,direct,1293,8.28
6233,songs,lied,,het,Substantiv,Song,lemma,1293,8.28
6234,breche,breken,braken; overgeven; verbreken,,Verb,brechen,lemma,1293,8.28
6235,ausgeraubt,afstropen,,,Verb,ausrauben,lemma,1292,8.27
6236,hahn,haan,kraan; tap; Haan,,Substantiv,,direct,1292,8.27
6237,wußte,,,,,,none,1292,8.27
6238,krachen,kraken,,,Verb,,direct,1292,8.27
6239,spürte,aanvoelen,,,Verb,spüren,lemma,1292,8.27
6240,versammlung,vergadering,,de,Substantiv,,direct,1292,8.27
6241,folter,marteling,foltering,de,Substantiv,,direct,1292,8.27
6242,speck,spek,,,Substantiv,,direct,1292,8.27
6243,bedrohliche,gevaarlijk,,,Adjektiv,bedrohlich,lemma,1291,8.27
6244,piept,piepen,,,Verb,piepen,lemma,1291,8.27
6245,verbreitet,geliefd,,,Adjektiv,,direct,1290,8.26
6246,nolan,,,,,,none,1290,8.26
6247,tore,doel,poort; doelpunt,,Substantiv,Tor,lemma,1290,8.26
6248,vorräte,reserve,,,Substantiv,Vorrat,lemma,1289,8.25
6249,saal,zaal,,,Substantiv,,direct,1289,8.25
6250,wirtschaft,economie,,de,Substantiv,,direct,1289,8.25
6251,fremd,vreemd,andermans,,Adjektiv,,direct,1289,8.25
6252,mehrmals,meermaals,,,Adverb,,direct,1288,8.25
6253,generationen,generatie,,,Substantiv,Generation,lemma,1288,8.25
6254,coole,gaaf,,,Adjektiv,cool,lemma,1288,8.25
6255,kaufst,kopen,aanschaffen,,Verb,kaufen,lemma,1287,8.24
6256,abbrechen,afbreken,,,Verb,,direct,1286,8.23
6257,seife,zeep,,de,Substantiv,,direct,1286,8.23
6258,herde,kudde,,,Substantiv,,direct,1286,8.23
6259,zwerg,dwerg,dwergster,,Substantiv,,direct,1286,8.23
6260,brandon,,,,,,none,1285,8.23
6261,neffen,neef,oomzegger,de,Substantiv,Neffe,lemma,1284,8.22
6262,festgehalten,vasthouden,vaststellen; arresteren; bijhouden,,Verb,festhalten,lemma,1284,8.22
6263,ablenkung,afleidingsmanoeuvre,,de,Substantiv,,direct,1284,8.22
6264,totale,totaal,,,Adjektiv,total,lemma,1284,8.22
6265,herrscher,heerser,,de,Substantiv,,direct,1284,8.22
6266,überstehen,overleven,,,Verb,,direct,1284,8.22
6267,sprengstoff,springstof,,,Substantiv,,direct,1283,8.22
6268,mikey,,,,,,none,1283,8.22
6269,erdbeben,aardbeving,aardschok,de,Substantiv,,direct,1283,8.22
6270,level,niveau,,,Substantiv,,direct,1283,8.22
6271,australien,Australië,,het,Substantiv,,direct,1283,8.22
6272,figuren,figuur,,,Substantiv,Figur,lemma,1282,8.21
6273,älteren,oud,,,Adjektiv,alt,lemma,1282,8.21
6274,lynn,Lynn,,,Substantiv,,direct,1282,8.21
6275,po,achterwerk,,,Substantiv,,direct,1281,8.20
6276,theo,,,,,,none,1281,8.20
6277,spinnt,spinnen,,,Verb,spinnen,lemma,1281,8.20
6278,gleichgewicht,evenwicht,,,Substantiv,,direct,1280,8.20
6279,schalter,schakelaar,,de,Substantiv,,direct,1280,8.20
6280,kumpels,maat,,,Substantiv,Kumpel,lemma,1280,8.20
6281,zuneigung,genegenheid,,,Substantiv,,direct,1279,8.19
6282,rollstuhl,rolstoel,,de,Substantiv,,direct,1279,8.19
6283,bienen,bij,honingbij,de,Substantiv,Biene,lemma,1279,8.19
6284,mischen,mengen,mixen; vermengen,,Verb,,direct,1279,8.19
6285,hauptstadt,hoofdstad,,de,Substantiv,,direct,1279,8.19
6286,koks,cokes,poen,,Substantiv,,direct,1279,8.19
6287,piepen,piepen,,,Verb,,direct,1278,8.18
6288,langem,lang,,,Adjektiv,lang,lemma,1278,8.18
6289,umsehen,doorbladeren,,,Verb,,direct,1278,8.18
6290,gelegen,gemakkelijk,,,Adjektiv,,direct,1278,8.18
6291,em,EK,,,,,direct,1277,8.18
6292,banditen,bandiet,,,Substantiv,Bandit,lemma,1277,8.18
6293,hasste,haten,,,Verb,hassen,lemma,1277,8.18
6294,getestet,testen,,,Verb,testen,lemma,1277,8.18
6295,camille,,,,,,none,1277,8.18
6296,brody,,,,,,none,1277,8.18
6297,dosis,dosering,dosis,,Substantiv,,direct,1277,8.18
6298,glaubten,geloven,,,Verb,glauben,lemma,1277,8.18
6299,somit,mitsdien,,,Adverb,,direct,1276,8.17
6300,ernähren,onderhouden,,,Verb,,direct,1276,8.17
6301,hacken,schoffelen,,,Verb,,direct,1276,8.17
6302,kammer,kamer,,,Substantiv,,direct,1276,8.17
6303,lenny,,,,,,none,1275,8.16
6304,roll,rollen,,,Verb,rollen,lemma,1275,8.16
6305,bezaubernd,betoverend,,,Adjektiv,,direct,1275,8.16
6306,wiederholt,herhaaldelijk,,,,,direct,1274,8.16
6307,zueinander,gelijktijdig,,,Adverb,,direct,1274,8.16
6308,tattoo,tatoeage,,,Substantiv,,direct,1274,8.16
6309,melanie,,,,,,none,1274,8.16
6310,einschließlich,inclusief,,,Präposition,,direct,1273,8.15
6311,randall,,,,,,none,1273,8.15
6312,finsternis,duisternis,,,Substantiv,,direct,1273,8.15
6313,wallace,,,,,,none,1272,8.14
6314,betrachte,beschouwen,,,Verb,betrachten,lemma,1272,8.14
6315,schmerzt,pijn doen,,,Verb,schmerzen,lemma,1272,8.14
6316,gelehrt,geleerd,,,Adjektiv,,direct,1271,8.14
6317,gewechselt,vervangen,,,Verb,wechseln,lemma,1271,8.14
6318,menschliches,mens,,de,Substantiv,,direct,1271,8.14
6319,redete,spreken,praten,,Verb,reden,lemma,1271,8.14
6320,frühen,vroeg,pril,,Adjektiv,früh,lemma,1271,8.14
6321,voyager,,,,,,none,1271,8.14
6322,caleb,,,,,,none,1271,8.14
6323,entdeckte,ontdekken,,,Verb,entdecken,lemma,1271,8.14
6324,wirkte,werken,,,Verb,wirken,lemma,1271,8.14
6325,versprichst,belofte,,de,Substantiv,versprechen,lemma,1271,8.14
6326,scheine,schijnen,,,Verb,scheinen,lemma,1270,8.13
6327,transporter,pendelbus,,,Substantiv,,direct,1270,8.13
6328,moderne,Vroegmoderne Tijd,,,Substantiv,,direct,1269,8.13
6329,elijah,,,,,,none,1269,8.13
6330,wilder,stropen,,,Verb,wildern,lemma,1269,8.13
6331,abgelenkt,afleiden,,,Verb,ablenken,lemma,1269,8.13
6332,abzug,trekker,,de,Substantiv,,direct,1269,8.13
6333,north,,,,,,none,1268,8.12
6334,becher,beker,Beker,de,Substantiv,,direct,1268,8.12
6335,sicherstellen,waarborgen,garanderen,,Verb,,direct,1267,8.11
6336,anweisung,aanwijzing,instructie; toewijzing; handleiding,de,Substantiv,,direct,1266,8.11
6337,klettern,klimmen,,,Verb,,direct,1266,8.11
6338,fingern,vingeren,,,Verb,,direct,1266,8.11
6339,geste,geste,gebaar,,Substantiv,,direct,1266,8.11
6340,spürst,aanvoelen,,,Verb,spüren,lemma,1266,8.11
6341,privatleben,privéleven,,,Substantiv,,direct,1266,8.11
6342,zusammenarbeit,samenwerking,,de,Substantiv,,direct,1265,8.10
6343,hinauf,omhoog,,,Lokaladverb,,direct,1265,8.10
6344,si,si,,,,,direct,1265,8.10
6345,tokio,Tokio,Tokyo,,Substantiv,,direct,1264,8.09
6346,sicherheitsdienst,Geheime dienst,,,Substantiv,,direct,1264,8.09
6347,kaugummi,kauwgom,,de,Substantiv,,direct,1263,8.09
6348,weltkrieg,wereldoorlog,,de,Substantiv,,direct,1263,8.09
6349,huren,copuleren,,,Verb,,direct,1263,8.09
6350,foster,,,,,,none,1263,8.09
6351,gemeinsamen,gemeenschappelijk,gezamenlijk,,Adjektiv,gemeinsam,lemma,1262,8.08
6352,garantieren,waarborgen,,,Verb,,direct,1262,8.08
6353,wells,,,,,,none,1262,8.08
6354,ln,,,,,,none,1262,8.08
6355,antonio,,,,,,none,1262,8.08
6356,kommunizieren,communiceren,,,Verb,,direct,1261,8.07
6357,cm,,,,,,none,1261,8.07
6358,marc,,,,,,none,1261,8.07
6359,blieben,blijven,,,Verb,bleiben,lemma,1261,8.07
6360,technisch,technisch,,,Adjektiv,,direct,1260,8.07
6361,frühstücken,ontbijten,,,Verb,,direct,1259,8.06
6362,ve,,,,,,none,1259,8.06
6363,khan,kan,,,,,direct,1259,8.06
6364,billiger,goedkoop,,,Adjektiv,billig,lemma,1258,8.06
6365,elaine,,,,,,none,1258,8.06
6366,standort,standplaats,,,Substantiv,,direct,1258,8.06
6367,wagt,wagen,,de,Substantiv,wagen,lemma,1258,8.06
6368,leugnen,ontkennen,,,Verb,,direct,1258,8.06
6369,beißt,bijten,,,Verb,beißen,lemma,1258,8.06
6370,landung,landing,,,Substantiv,,direct,1258,8.06
6371,ernste,ernstig,serieus,,Adjektiv,ernst,lemma,1257,8.05
6372,schockiert,,,,,,none,1257,8.05
6373,esst,eten,schaften,,Verb,essen,lemma,1257,8.05
6374,begleitung,begeleiding,accompagnement,de,Substantiv,,direct,1256,8.04
6375,allianz,alliantie,,,Substantiv,,direct,1256,8.04
6376,vermutet,,,,,,none,1255,8.04
6377,echo,echo,,,Substantiv,,direct,1255,8.04
6378,herstellen,maken,,,Verb,,direct,1255,8.04
6379,lars,Laurens,,,Substantiv,,direct,1254,8.03
6380,lokal,lokaal,,,Adjektiv,,direct,1254,8.03
6381,sklave,slaaf,,de,Substantiv,,direct,1254,8.03
6382,honig,honing,honig,de,Substantiv,,direct,1254,8.03
6383,videos,video,videofilm,,Substantiv,Video,lemma,1253,8.02
6384,verkehrt,verkeerd,,,Adjektiv,,direct,1253,8.02
6385,göttin,godin,,,Substantiv,,direct,1253,8.02
6386,segeln,zeilen,zweven,,Verb,,direct,1252,8.02
6387,bewahrt,,,,,,none,1252,8.02
6388,cass,,,,,,none,1251,8.01
6389,hinterließ,nalaten,achterlaten,,Verb,hinterlassen,lemma,1250,8.00
6390,ganzer,heel,geheel; compleet; gaaf,,Adjektiv,ganz,lemma,1250,8.00
6391,cody,,,,,,none,1250,8.00
6392,doris,,,,,,none,1250,8.00
6393,verurteilen,veroordelen,,,Verb,,direct,1250,8.00
6394,höchsten,hoog,omhoog,,Adjektiv,hoch,lemma,1250,8.00
6395,februar,februari,regenmaand; sprokkelmaand; kortemaand,de,Substantiv,,direct,1250,8.00
6396,privaten,privaat,besloten,,Adjektiv,privat,lemma,1249,8.00
6397,burke,,,,,,none,1249,8.00
6398,begegnung,bijeenkomst,,,Substantiv,,direct,1249,8.00
6399,steige,stijgen,,,Verb,steigen,lemma,1249,8.00
6400,feuerwehr,brandweer,,,Substantiv,,direct,1249,8.00
6401,apollo,Apollo,,,Substantiv,,direct,1248,7.99
6402,beginne,beginnen,ingaan; van start gaan,,Verb,beginnen,lemma,1248,7.99
6403,ähnliches,gelijkend,soortgelijk,,Adjektiv,ähnlich,lemma,1248,7.99
6404,stevens,,,,,,none,1247,7.98
6405,grauen,dagen,,,Verb,,direct,1247,7.98
6406,wärter,bewaarder,,de,Substantiv,,direct,1247,7.98
6407,gewann,winnen,,,Verb,gewinnen,lemma,1247,7.98
6408,vertreter,vertegenwoordiger,,de,Substantiv,,direct,1247,7.98
6409,starker,sterk,krachtig,,Adjektiv,stark,lemma,1246,7.98
6410,liebend,liefhebbend,,,Adjektiv,,direct,1246,7.98
6411,marge,marge,,,Substantiv,,direct,1245,7.97
6412,schoß,schoot,pand,de,Substantiv,,direct,1245,7.97
6413,serviert,,,,,,none,1245,7.97
6414,heilig,gewijd,,,Adjektiv,,direct,1245,7.97
6415,bißchen,,,,,,none,1245,7.97
6416,security,,,,,,none,1244,7.97
6417,genaue,exact,,,Antwortpartikel,genau,lemma,1244,7.97
6418,wally,,,,,,none,1243,7.96
6419,gewaltig,immens,,,Adjektiv,,direct,1243,7.96
6420,knoten,knoop,knooppunt; snijpunt,de,Substantiv,,direct,1243,7.96
6421,begriffen,,,,,,none,1242,7.95
6422,klarstellen,klaren,,,Verb,,direct,1242,7.95
6423,chwhite,,,,,,none,1242,7.95
6424,hinrichtung,terechtstelling,executie,,Substantiv,,direct,1242,7.95
6425,überwinden,overwinnen,overkomen,,Verb,,direct,1242,7.95
6426,ablegen,archiveren,afleggen; afvaren,,Verb,,direct,1241,7.95
6427,einfällt,invallen,,,Verb,einfallen,lemma,1241,7.95
6428,wundert,verwonderen,zich verbazen; zich verwonderen,,Verb,wundern,lemma,1241,7.95
6429,stimmte,stemmen,kloppen,,Verb,stimmen,lemma,1241,7.95
6430,drohen,bedreigen,,,Verb,,direct,1240,7.94
6431,madison,,,,,,none,1240,7.94
6432,entgehen,ontduiken,,,Verb,,direct,1240,7.94
6433,stundenlang,,,,,,none,1240,7.94
6434,hausmeister,conciërge,huismeester,,Substantiv,,direct,1239,7.93
6435,helikopter,hefschroefvliegtuig,,,,,direct,1239,7.93
6436,beverly,,,,,,none,1239,7.93
6437,puppen,pop,,,Substantiv,Puppe,lemma,1239,7.93
6438,aussah,,,,,,none,1239,7.93
6439,night,,,,,,none,1238,7.93
6440,beobachte,waarnemen,bekijken; toezien,,Verb,beobachten,lemma,1238,7.93
6441,check,controle,,,Substantiv,,direct,1238,7.93
6442,juwelen,juweel,,,Substantiv,Juwel,lemma,1238,7.93
6443,bogen,boog,strijkstok; vel,,Substantiv,,direct,1237,7.92
6444,duft,geur,,,Substantiv,,direct,1237,7.92
6445,ankam,aankomen,,,Verb,ankommen,lemma,1237,7.92
6446,respektiert,beroemd,,,Adjektiv,,direct,1237,7.92
6447,non,none,,,Substantiv,,direct,1237,7.92
6448,schein,schijn,,de,Substantiv,,direct,1237,7.92
6449,gewehre,geweer,,,Substantiv,Gewehr,lemma,1236,7.91
6450,kellnerin,serveerster,,de,Substantiv,,direct,1236,7.91
6451,vertraulich,confidentieel,vertrouwelijk,,Adjektiv,,direct,1236,7.91
6452,insgesamt,over het algemeen,,,Adverb,,direct,1236,7.91
6453,ächzen,kreunen,,,Verb,,direct,1236,7.91
6454,untersuchungen,onderzoek,,,Substantiv,Untersuchung,lemma,1235,7.91
6455,fliegst,vliegen,,,Verb,fliegen,lemma,1235,7.91
6456,platt,plat,vlak,,Adjektiv,,direct,1235,7.91
6457,aufrecht,achter elkaar,,,Adjektiv,,direct,1234,7.90
6458,geprüft,keuren,toetsen,,Verb,prüfen,lemma,1234,7.90
6459,hammond,,,,,,none,1234,7.90
6460,bedient,,,,,,none,1234,7.90
6461,mangel,gebrek,gemis; defect,,Substantiv,,direct,1234,7.90
6462,hoher,hoog,omhoog,,Adjektiv,hoch,lemma,1233,7.90
6463,knien,knielen,,,Verb,,direct,1232,7.89
6464,hobby,hobby,,de,Substantiv,,direct,1232,7.89
6465,ling,,,,,,none,1232,7.89
6466,ivan,,,,,,none,1231,7.88
6467,nachtisch,dessert,toetje; nagerecht,,Substantiv,,direct,1231,7.88
6468,kollegin,collega,,de,Substantiv,,direct,1231,7.88
6469,edwards,,,,,,none,1231,7.88
6470,alptraum,,,,,,none,1230,7.88
6471,regina,,,,,,none,1230,7.88
6472,ausgesehen,,,,,,none,1229,7.87
6473,reichtum,rijkdom,,de,Substantiv,,direct,1229,7.87
6474,überaus,meer,,,Adverb,,direct,1229,7.87
6475,eisen,ijzer,,het,Substantiv,,direct,1229,7.87
6476,beamen,balk,,,Verb,,direct,1229,7.87
6477,haftbefehl,aanhoudingsbevel,arrestatiebevel,,Substantiv,,direct,1228,7.86
6478,verletzte,slachtoffer,,,Substantiv,,direct,1228,7.86
6479,buchstäblich,letterlijk,,,Adjektiv,,direct,1228,7.86
6480,größter,groot,volwassene,,Adjektiv,groß,lemma,1228,7.86
6481,sylvia,,,,,,none,1228,7.86
6482,flieg,vliegen,,,Verb,fliegen,lemma,1228,7.86
6483,dreckige,smerig,,,Adjektiv,dreckig,lemma,1227,7.86
6484,erfinden,uitvinden,uitdenken,,Verb,,direct,1227,7.86
6485,ernte,oogst,,de,Substantiv,,direct,1227,7.86
6486,kamin,open haard,schoorsteen; rotsspleet,de,Substantiv,,direct,1227,7.86
6487,scotty,,,,,,none,1227,7.86
6488,weste,vest,,,Substantiv,,direct,1227,7.86
6489,sahst,zien,aanschouwen,,Verb,sehen,lemma,1226,7.85
6490,kennzeichen,kenteken,kenmerk,,Substantiv,,direct,1226,7.85
6491,grayson,,,,,,none,1225,7.84
6492,kronen,kroon,,,Substantiv,Krone,lemma,1225,7.84
6493,wage,wagen,,de,Substantiv,wagen,lemma,1225,7.84
6494,siegen,overwinnen,,,Verb,,direct,1225,7.84
6495,verlobten,verloven,,,Verb,verloben,lemma,1225,7.84
6496,edgar,,,,,,none,1225,7.84
6497,afghanistan,Afghanistan,,,Substantiv,,direct,1225,7.84
6498,würdig,waardig,,,Adjektiv,,direct,1224,7.84
6499,aufwacht,ontwaken,,,Verb,aufwachen,lemma,1224,7.84
6500,gratulieren,feliciteren,,,Verb,,direct,1224,7.84
6501,schwager,zwager,schoonbroer,de,Substantiv,,direct,1224,7.84
6502,violet,,,,,,none,1223,7.83
6503,infos,info,,,Substantiv,Info,lemma,1223,7.83
6504,föderation,federatie,,,Substantiv,,direct,1223,7.83
6505,dose,blik,doos,de,Substantiv,,direct,1223,7.83
6506,wärme,warmte,,de,Substantiv,,direct,1222,7.82
6507,erschienen,,,,,,none,1222,7.82
6508,magazin,magazijn,magazine,,Substantiv,,direct,1222,7.82
6509,klemme,knoei,,,Substantiv,,direct,1222,7.82
6510,schenkt,schenken,geven,,Verb,schenken,lemma,1222,7.82
6511,min,gelaatsuitdrukking,,,Substantiv,,direct,1222,7.82
6512,wars,,,,,,none,1222,7.82
6513,verstoßen,een inbreuk plegen op,,,Verb,,direct,1222,7.82
6514,nicholas,,,,,,none,1221,7.82
6515,georgia,Georgia,,,Substantiv,,direct,1221,7.82
6516,kräftig,krachtvol,ferm,,Adjektiv,,direct,1220,7.81
6517,herzens,elkaar omarmen,,,Verb,Herzen,lemma,1220,7.81
6518,mel,,,,,,none,1220,7.81
6519,nachbarin,buurvrouw,,,Substantiv,,direct,1220,7.81
6520,igitt,bah,,,Interjektion,,direct,1220,7.81
6521,formel,formule,,de,Substantiv,,direct,1219,7.81
6522,bro,,,,,,none,1219,7.81
6523,hervor,tevoorschijn,,,Lokaladverb,,direct,1219,7.81
6524,wohnwagen,caravan,,de,Substantiv,,direct,1219,7.81
6525,wegwerfen,gooien,,,Verb,,direct,1219,7.81
6526,spinne,spin,,de,Substantiv,,direct,1219,7.81
6527,tumor,gezwel,,,Substantiv,,direct,1218,7.80
6528,bezahlung,betaling,,de,Substantiv,,direct,1218,7.80
6529,päckchen,pakket,,,Substantiv,,direct,1218,7.80
6530,grob,grof,,,Adjektiv,,direct,1218,7.80
6531,nagel,nagel,spijker,,Substantiv,,direct,1218,7.80
6532,donovan,,,,,,none,1218,7.80
6533,starren,staren,turen,,Verb,,direct,1217,7.79
6534,vertreiben,verdrijven,,,Verb,,direct,1217,7.79
6535,wirkst,werken,,,Verb,wirken,lemma,1217,7.79
6536,traust,trouwen,rekenen op; vertrouwen hebben; durven,,Verb,trauen,lemma,1217,7.79
6537,heiratete,huwen,trouwen,,Verb,heiraten,lemma,1216,7.79
6538,take,,,,,,none,1216,7.79
6539,neuesten,nieuw,,,Adjektiv,neu,lemma,1216,7.79
6540,gitter,rooster,,de,Substantiv,,direct,1215,7.78
6541,blocks,blok,,,Substantiv,Block,lemma,1215,7.78
6542,erobern,veroveren,,,Verb,,direct,1214,7.77
6543,gin,gin,,,Substantiv,,direct,1214,7.77
6544,spinnen,spinnen,,,Verb,,direct,1214,7.77
6545,gestalt,personage,,,Substantiv,,direct,1214,7.77
6546,liter,liter,,,Substantiv,,direct,1214,7.77
6547,patty,,,,,,none,1213,7.77
6548,drew,,,,,,none,1213,7.77
6549,illusion,illusie,,de,Substantiv,,direct,1213,7.77
6550,plaudern,kletsen,babbelen; keuvelen; bomen,,Verb,,direct,1212,7.76
6551,schneidet,snijden,,,Verb,schneiden,lemma,1212,7.76
6552,welle,golf,,,Substantiv,,direct,1212,7.76
6553,samuel,Samuel,,,Substantiv,,direct,1212,7.76
6554,haft,grijpen,,,Substantiv,,direct,1212,7.76
6555,seltsamen,vreemd,,,Adjektiv,seltsam,lemma,1211,7.75
6556,spannung,spanning,,de,Substantiv,,direct,1211,7.75
6557,knallt,knallen,,,Verb,knallen,lemma,1211,7.75
6558,zurückzukehren,terugkomen,,,Verb,zurückkehren,lemma,1210,7.75
6559,bestimmung,bestemming,,de,Substantiv,,direct,1210,7.75
6560,tresor,brandkast,,,Substantiv,,direct,1210,7.75
6561,amber,Amber,,,Substantiv,,direct,1210,7.75
6562,verfluchten,vervloeken,,,Verb,verfluchen,lemma,1209,7.74
6563,fischer,visser,,de,Substantiv,,direct,1209,7.74
6564,verluste,verlies,,,Substantiv,Verlust,lemma,1208,7.74
6565,lehre,leer,,,Substantiv,,direct,1208,7.74
6566,jenna,,,,,,none,1208,7.74
6567,revolver,revolver,,,Substantiv,,direct,1208,7.74
6568,schrott,schroot,,,Substantiv,,direct,1208,7.74
6569,verbringt,doorbrengen,slijten; verbrengen; verslijten,,Verb,verbringen,lemma,1208,7.74
6570,state,,,,,,none,1207,7.73
6571,wähle,kiezen,verkiezen,,Verb,wählen,lemma,1207,7.73
6572,films,film,,de,Substantiv,Film,lemma,1207,7.73
6573,vorhang,gordijn,voorhang,,Substantiv,,direct,1207,7.73
6574,mitspielen,spelbeweging,,,Verb,,direct,1207,7.73
6575,erregt,,,,,,none,1206,7.72
6576,arbeiteten,werken,arbeiden,,Verb,arbeiten,lemma,1206,7.72
6577,aufgelöst,ontbinden,oplossen,,Verb,auflösen,lemma,1206,7.72
6578,überlass,overlaten,,,Verb,überlassen,lemma,1206,7.72
6579,trag,dragen,,,Verb,tragen,lemma,1206,7.72
6580,überein,,,,,,none,1205,7.72
6581,unterrichtet,,,,,,none,1205,7.72
6582,ungewöhnliches,ongewoon,,,Adjektiv,ungewöhnlich,lemma,1204,7.71
6583,eve,,,,,,none,1204,7.71
6584,lagerhaus,entrepot,,,Substantiv,,direct,1204,7.71
6585,raub,roof,,,Substantiv,,direct,1204,7.71
6586,visionen,visie,visioen,de,Substantiv,Vision,lemma,1204,7.71
6587,firmen,beamen,,,Verb,,direct,1204,7.71
6588,liv,,,,,,none,1203,7.70
6589,verhandlungen,onderhandeling,,,Substantiv,Verhandlung,lemma,1203,7.70
6590,fickt,neuken,,,Verb,ficken,lemma,1202,7.70
6591,verdorben,bedorven,,,Adjektiv,,direct,1202,7.70
6592,produktion,aanmaak,productie,de,Substantiv,,direct,1201,7.69
6593,füreinander,elkaar,,,Adverb,,direct,1201,7.69
6594,krankheiten,ziekte,aandoening,,Substantiv,Krankheit,lemma,1201,7.69
6595,reggie,,,,,,none,1200,7.68
6596,jeanne,,,,,,none,1200,7.68
6597,schräg,scheef,schuin; dwars; schuins,,Adjektiv,,direct,1200,7.68
6598,belle,blaffen,,,Verb,bellen,lemma,1200,7.68
6599,bluten,bloeden,,,Verb,,direct,1200,7.68
6600,meinten,denken,menen,,Verb,meinen,lemma,1200,7.68
6601,beamten,,,,,,none,1200,7.68
6602,bereden,bediscussiëren,,,Verb,,direct,1199,7.68
6603,claudia,Claudia,,,Substantiv,,direct,1199,7.68
6604,einmischen,bemoeien,,,Verb,,direct,1199,7.68
6605,ärsche,kont,gat; achterwerk; klootzak,,Substantiv,Arsch,lemma,1198,7.67
6606,futter,voer,voeder,het,Substantiv,,direct,1197,7.66
6607,verknallt,smoorverliefd,,,,,direct,1197,7.66
6608,muschi,kut,,,Substantiv,,direct,1197,7.66
6609,beschuldigen,beschuldigen,,,Verb,,direct,1196,7.66
6610,aktien,aandeel,actie,,Substantiv,Aktie,lemma,1196,7.66
6611,harrison,,,,,,none,1196,7.66
6612,scheißer,watje,,,Substantiv,,direct,1196,7.66
6613,sexuell,seksueel,seksuele,,Adjektiv,,direct,1195,7.65
6614,kinderspiel,eitje,,,Substantiv,,direct,1195,7.65
6615,torres,,,,,,none,1195,7.65
6616,magische,magisch,,,Adjektiv,magisch,lemma,1194,7.65
6617,dummheit,domheid,,,Substantiv,,direct,1194,7.65
6618,gezahlt,betalen,,,Verb,zahlen,lemma,1194,7.65
6619,bewegungen,beweging,,de,Substantiv,Bewegung,lemma,1194,7.65
6620,karre,kar,,,Substantiv,,direct,1193,7.64
6621,abziehen,aftrekken,,,Verb,,direct,1193,7.64
6622,bedarf,behoefte,,de,Substantiv,,direct,1192,7.63
6623,üblichen,gebruikelijk,,,Adjektiv,üblich,lemma,1192,7.63
6624,umgelegt,achteroverslaan,,,Verb,umlegen,lemma,1192,7.63
6625,inhalt,inhoud,,de,Substantiv,,direct,1191,7.63
6626,dankbarkeit,dankbaarheid,,de,Substantiv,,direct,1191,7.63
6627,peng,explosie,,,Interjektion,,direct,1191,7.63
6628,herkommt,klaarkomen,,,Verb,herkommen,lemma,1191,7.63
6629,geehrt,beste,,,Adjektiv,,direct,1190,7.62
6630,träumte,dromen,,,Verb,träumen,lemma,1190,7.62
6631,verhört,,,,,,none,1190,7.62
6632,messe,mis,,,Substantiv,,direct,1190,7.62
6633,anwesen,bezit,,,Substantiv,,direct,1190,7.62
6634,deutscher,Duitser,,de,Substantiv,,direct,1189,7.61
6635,saubere,schoon,zindelijk; zuiver; netjes,,Adjektiv,sauber,lemma,1189,7.61
6636,gebete,gebed,,,Substantiv,Gebet,lemma,1189,7.61
6637,pommes,frites,,,,,direct,1188,7.61
6638,toni,Ton,,,Substantiv,,direct,1188,7.61
6639,lande,landen,,,Verb,landen,lemma,1188,7.61
6640,ruht,rusten,,,Verb,ruhen,lemma,1188,7.61
6641,anerkennung,erkenning,,,Substantiv,,direct,1188,7.61
6642,wunderbaren,heerlijk,,,Adjektiv,wunderbar,lemma,1188,7.61
6643,galaxie,sterrenstelsel,melkwegstelsel,,Substantiv,,direct,1187,7.60
6644,vermutung,vermoeden,,,Substantiv,,direct,1187,7.60
6645,inklusive,inbegrepen,incluis; inklusief,,Adverb,,direct,1187,7.60
6646,überwachung,toezicht,,,Substantiv,,direct,1186,7.59
6647,unabhängig,onafhankelijk,,,Adjektiv,,direct,1186,7.59
6648,brien,,,,,,none,1185,7.59
6649,fernhalten,afweren,,,Verb,,direct,1185,7.59
6650,statue,standbeeld,,,Substantiv,,direct,1185,7.59
6651,bestätigung,bevestiging,,de,Substantiv,,direct,1185,7.59
6652,dawn,,,,,,none,1185,7.59
6653,finale,finale,,de,Substantiv,,direct,1185,7.59
6654,verzweiflung,wanhoop,,,Substantiv,,direct,1184,7.58
6655,gewährt,duren,,,Verb,währen,lemma,1184,7.58
6656,deprimiert,somber,,,Adjektiv,,direct,1184,7.58
6657,erteilen,geven,,,Verb,,direct,1183,7.58
6658,colin,,,,,,none,1183,7.58
6659,rahmen,kader,,,Substantiv,,direct,1183,7.58
6660,durchgedreht,,,,,,none,1183,7.58
6661,erteilt,,,,,,none,1183,7.58
6662,fotze,kut,,,Substantiv,,direct,1182,7.57
6663,fehlte,ontbreken,mankeren; schorten,,Verb,fehlen,lemma,1182,7.57
6664,verlorene,verloren,,,,verloren,lemma,1182,7.57
6665,kanonen,kanon,,,Substantiv,Kanone,lemma,1182,7.57
6666,kansas,Kansas,,,Substantiv,,direct,1181,7.56
6667,klub,club,sociëteit,,Substantiv,,direct,1181,7.56
6668,britischen,Brits,,,Adjektiv,britisch,lemma,1181,7.56
6669,aufzubauen,ophopen,opstapelen,,Verb,aufbauen,lemma,1181,7.56
6670,jubeln,jubelen,juichen,,Verb,,direct,1181,7.56
6671,ausgelöscht,vernietigen,,,Verb,auslöschen,lemma,1180,7.56
6672,marianne,,,,,,none,1180,7.56
6673,stu,,,,,,none,1180,7.56
6674,servieren,serveren,,,Verb,,direct,1179,7.55
6675,weltweit,wereldwijd,mondiaal,,Adjektiv,,direct,1179,7.55
6676,fotografieren,fotograferen,,,Verb,,direct,1179,7.55
6677,niederlage,nederlaag,,,Substantiv,,direct,1179,7.55
6678,zehen,teen,knoflookteen,de,Substantiv,Zehe,lemma,1179,7.55
6679,schwächen,verzwakken,,,Verb,,direct,1178,7.54
6680,sternen,ster,sterretje; asterisk,de,Substantiv,Stern,lemma,1178,7.54
6681,sheila,,,,,,none,1178,7.54
6682,bemühen,inspannen,,,Verb,,direct,1178,7.54
6683,logik,logica,,de,Substantiv,,direct,1178,7.54
6684,stillen,zogen,,,Verb,,direct,1178,7.54
6685,bellows,,,,,,none,1177,7.54
6686,todesursache,doodsoorzaak,,,Substantiv,,direct,1177,7.54
6687,beschaffen,verkrijgen,,,Verb,,direct,1176,7.53
6688,abgezogen,aftrekken,,,Verb,abziehen,lemma,1176,7.53
6689,klassische,klassiek,,,Adjektiv,klassisch,lemma,1176,7.53
6690,außergewöhnlich,uitzonderlijk,buitengewoon; ongebruikelijk; schitterend,,Adjektiv,,direct,1176,7.53
6691,gruppen,groep,,,Substantiv,Gruppe,lemma,1176,7.53
6692,schwarzes,zwart,,,Adjektiv,schwarz,lemma,1176,7.53
6693,durchhalten,doorhalen,,,Verb,,direct,1175,7.52
6694,lm,,,,,,none,1175,7.52
6695,weitergeht,aandrijven,,,Verb,weitergehen,lemma,1175,7.52
6696,kooperieren,samenwerken,,,Verb,,direct,1175,7.52
6697,mächtigen,machtig,,,Adjektiv,mächtig,lemma,1175,7.52
6698,greif,griffioen,,de,Substantiv,,direct,1175,7.52
6699,mehreren,meerdere,,,Indefinitpronomen,mehrere,lemma,1175,7.52
6700,verschwindest,verdwijnen,opsodemieteren,,Verb,verschwinden,lemma,1175,7.52
6701,forderungen,eis,,de,Substantiv,Forderung,lemma,1175,7.52
6702,anfall,aanval,,,Substantiv,,direct,1174,7.52
6703,klare,,,,,,none,1174,7.52
6704,teresa,,,,,,none,1174,7.52
6705,wunderschönen,wonderbaarlijk,,,Adjektiv,wunderschön,lemma,1174,7.52
6706,bestehe,bestaan,bestaan uit,,Verb,bestehen,lemma,1173,7.51
6707,verkaufte,verkopen,,,Verb,verkaufen,lemma,1173,7.51
6708,aufeinander,,,,,,none,1173,7.51
6709,garcia,,,,,,none,1172,7.50
6710,hässliche,lelijk,,,Adjektiv,hässlich,lemma,1172,7.50
6711,großem,groot,volwassene,,Adjektiv,groß,lemma,1172,7.50
6712,mitbekommen,grijpen,,,Verb,,direct,1172,7.50
6713,gate,,,,,,none,1171,7.50
6714,saul,,,,,,none,1171,7.50
6715,ingenieur,ingenieur,,de,Substantiv,,direct,1171,7.50
6716,campbell,,,,,,none,1171,7.50
6717,andenken,aandenken,,,Substantiv,,direct,1171,7.50
6718,eintreten,binnengaan,,,Verb,,direct,1170,7.49
6719,kämpfte,strijden,,,Verb,kämpfen,lemma,1170,7.49
6720,zustimmung,goedkeuring,,de,Substantiv,,direct,1170,7.49
6721,besagt,,,,,,none,1170,7.49
6722,roter,rood,ros,,Adjektiv,rot,lemma,1170,7.49
6723,flamme,vlam,laai,,Substantiv,,direct,1170,7.49
6724,aufzuhören,stoppen,ophouden,,Verb,aufhören,lemma,1169,7.49
6725,dokument,document,,,Substantiv,,direct,1169,7.49
6726,bishop,,,,,,none,1169,7.49
6727,schuhen,schoen,,de,Substantiv,Schuh,lemma,1168,7.48
6728,timmy,,,,,,none,1166,7.47
6729,simone,,,,,,none,1166,7.47
6730,federn,pluim,,,Verb,,direct,1166,7.47
6731,paps,papa,,,Substantiv,,direct,1166,7.47
6732,auswendig,uit het hoofd,van buiten,,Adverb,,direct,1165,7.46
6733,bundy,,,,,,none,1165,7.46
6734,spezielle,speciaal,eigenaardig,,Adjektiv,speziell,lemma,1165,7.46
6735,experimente,experiment,,,Substantiv,Experiment,lemma,1165,7.46
6736,szenen,scène,,,Substantiv,Szene,lemma,1164,7.45
6737,gezählt,tellen,,,Verb,zählen,lemma,1164,7.45
6738,pfannkuchen,pannenkoek,pannekoek,de,Substantiv,,direct,1164,7.45
6739,hase,haas,konijn,de,Substantiv,,direct,1163,7.45
6740,highway,autoroute,,,Substantiv,,direct,1163,7.45
6741,aufenthalt,oponthoud,,,Substantiv,,direct,1163,7.45
6742,bennett,,,,,,none,1163,7.45
6743,devon,Devoon,,,Substantiv,,direct,1163,7.45
6744,polly,,,,,,none,1163,7.45
6745,verstecke,verstoppen,versteken,,Verb,verstecken,lemma,1163,7.45
6746,summen,brommen,,,Verb,,direct,1163,7.45
6747,blutung,bloeding,,,Substantiv,,direct,1163,7.45
6748,more,,,,,,none,1162,7.44
6749,heidi,,,,,,none,1162,7.44
6750,hilflos,hulpeloos,,,Adjektiv,,direct,1162,7.44
6751,staatsanwaltschaft,Openbaar Ministerie,,,Substantiv,,direct,1162,7.44
6752,ehrlichkeit,eerlijkheid,,,Substantiv,,direct,1161,7.43
6753,messen,meten,,,Verb,,direct,1161,7.43
6754,mächtige,machtig,,,Adjektiv,mächtig,lemma,1161,7.43
6755,stur,koppig,halsstarrig,,Adjektiv,,direct,1161,7.43
6756,ringe,worstelen,kampen; vechten; nastreven,,Verb,ringen,lemma,1161,7.43
6757,weiterleben,,,,,,none,1160,7.43
6758,aufspüren,opsporen,achterhalen,,Verb,,direct,1160,7.43
6759,keks,koekje,biscuit; biscuitje,,Substantiv,,direct,1160,7.43
6760,rückgängig,dalend,teruggaand,,Adjektiv,,direct,1160,7.43
6761,fünfte,vijfde,,,Adjektiv,,direct,1159,7.42
6762,netflix,,,,,,none,1159,7.42
6763,mieten,huren,,,Verb,,direct,1159,7.42
6764,speziell,speciaal,eigenaardig,,Adjektiv,,direct,1159,7.42
6765,neugier,nieuwsgierigheid,,,Substantiv,,direct,1158,7.42
6766,nägel,nagel,spijker,,Substantiv,Nagel,lemma,1158,7.42
6767,ausgefallen,,,,,,none,1158,7.42
6768,glen,,,,,,none,1158,7.42
6769,yes,,,,,,none,1156,7.40
6770,verstorbenen,overleden,,,Adjektiv,verstorben,lemma,1156,7.40
6771,verkleidet,bekleed,,,Adjektiv,,direct,1156,7.40
6772,entdeckung,ontdekking,,de,Substantiv,,direct,1155,7.40
6773,rauche,roken,smoren,,Verb,rauchen,lemma,1155,7.40
6774,betteln,bedelen,,,Verb,,direct,1155,7.40
6775,blond,blond,,,Adjektiv,,direct,1154,7.39
6776,cam,,,,,,none,1154,7.39
6777,gilbert,,,,,,none,1154,7.39
6778,burt,,,,,,none,1154,7.39
6779,weggegangen,weggaan,,,Verb,weggehen,lemma,1153,7.38
6780,nutze,nut,baat,het,Substantiv,nutzen,lemma,1153,7.38
6781,gütiger,goedhartig,,,Adjektiv,gütig,lemma,1152,7.38
6782,abgebrochen,,,,,,none,1152,7.38
6783,herkunft,herkomst,oorsprong,de,Substantiv,,direct,1152,7.38
6784,annahme,veronderstelling,assumptie,,Substantiv,,direct,1152,7.38
6785,wirfst,werpen,,,Verb,werfen,lemma,1152,7.38
6786,gestank,stank,,,Substantiv,,direct,1152,7.38
6787,hintertür,achterdeur,,de,Substantiv,,direct,1151,7.37
6788,truthahn,kalkoen,,,Substantiv,,direct,1150,7.36
6789,gefüllt,gevuld,,,Adjektiv,,direct,1150,7.36
6790,bereithalten,bevatten,,,Verb,,direct,1150,7.36
6791,vorhat,bedoeling,,de,Substantiv,vorhaben,lemma,1150,7.36
6792,eleanor,,,,,,none,1150,7.36
6793,touristen,toerist,,de,Substantiv,Tourist,lemma,1150,7.36
6794,fordere,eisen,,,Verb,fordern,lemma,1149,7.36
6795,tagsüber,overdag,,,Adverb,,direct,1149,7.36
6796,feucht,vochtig,klam,,Adjektiv,,direct,1149,7.36
6797,jeans,spijkerbroek,,,Substantiv,,direct,1149,7.36
6798,befragung,peiling,,,Substantiv,,direct,1149,7.36
6799,abgelaufen,aflopen,,,Verb,ablaufen,lemma,1149,7.36
6800,picard,,,,,,none,1148,7.35
6801,fu,,,,,,none,1148,7.35
6802,wunderbarer,heerlijk,,,Adjektiv,wunderbar,lemma,1148,7.35
6803,depp,mogool,,,Substantiv,,direct,1148,7.35
6804,hüte,bewaken,,,Verb,hüten,lemma,1148,7.35
6805,israel,Israël,,,Substantiv,,direct,1148,7.35
6806,ausschau,onderzoek,,,Substantiv,,direct,1148,7.35
6807,kreischt,krijsen,,,Verb,kreischen,lemma,1147,7.34
6808,bellen,blaffen,,,Verb,,direct,1147,7.34
6809,manipulieren,manipuleren,,,Verb,,direct,1147,7.34
6810,studie,atelier,,,Substantiv,,direct,1147,7.34
6811,heinrich,Hendrik,,de,Substantiv,,direct,1147,7.34
6812,knurren,grommen,,,Verb,,direct,1147,7.34
6813,busch,struik,bos,,Substantiv,,direct,1146,7.34
6814,abwesenheit,afwezigheid,,de,Substantiv,,direct,1146,7.34
6815,reitet,rijden,paardrijden,,Verb,reiten,lemma,1145,7.33
6816,komplizierter,ingewikkeld,,,Adjektiv,kompliziert,lemma,1145,7.33
6817,traut,gezellig,,,Adjektiv,,direct,1145,7.33
6818,bestellung,bestelling,,de,Substantiv,,direct,1145,7.33
6819,tatsachen,feit,,,Substantiv,Tatsache,lemma,1145,7.33
6820,heiligkeit,heiligheid,,,Substantiv,,direct,1145,7.33
6821,back,steunen,,,Adverb,,direct,1144,7.33
6822,jahrhunderts,eeuw,,,Substantiv,Jahrhundert,lemma,1144,7.33
6823,verglichen,,,,,,none,1144,7.33
6824,sehnsucht,verlangen,begeren; drang,,Substantiv,,direct,1143,7.32
6825,überredet,,,,,,none,1143,7.32
6826,demokratie,democratie,,de,Substantiv,,direct,1143,7.32
6827,ranger,,,,,,none,1143,7.32
6828,empfehle,aanbevelen,aanraden; adviseren; aanprijzen,,Verb,empfehlen,lemma,1143,7.32
6829,schalt,,,,,,none,1142,7.31
6830,gevögelt,batsen,,,Verb,vögeln,lemma,1142,7.31
6831,young,,,,,,none,1142,7.31
6832,ra,,,,,,none,1142,7.31
6833,silver,,,,,,none,1141,7.31
6834,kräften,kracht,,de,Substantiv,Kraft,lemma,1140,7.30
6835,rauszukommen,,,,,,none,1140,7.30
6836,schäden,schade,letsel; strop; letselschade,de,Substantiv,Schaden,lemma,1140,7.30
6837,aggressiv,agressief,,,Adjektiv,,direct,1139,7.29
6838,ausleihen,lenen,,,Verb,,direct,1139,7.29
6839,bella,,,,,,none,1139,7.29
6840,schlucken,slikken,inslikken,,Verb,,direct,1139,7.29
6841,wesentlich,belangrijk,aanzienlijk; wezenlijk,,Adjektiv,,direct,1139,7.29
6842,satan,satan,,,Substantiv,,direct,1138,7.29
6843,erben,erven,,,Verb,,direct,1137,7.28
6844,police,polis,,,Substantiv,,direct,1137,7.28
6845,horn,hoorn,,de,Substantiv,,direct,1137,7.28
6846,lebende,levend,,,Adjektiv,lebend,lemma,1137,7.28
6847,schmutzige,vuil,smerig,,Adjektiv,schmutzig,lemma,1137,7.28
6848,eiskalt,ijskoud,,,Adjektiv,,direct,1137,7.28
6849,sirene,sirene,zeemeermin,de,Substantiv,,direct,1137,7.28
6850,birthday,,,,,,none,1136,7.27
6851,ritual,rituaal,ritueel,,Substantiv,,direct,1136,7.27
6852,ira,,,,,,none,1135,7.27
6853,pflanze,plant,,de,Substantiv,,direct,1135,7.27
6854,stürzt,vallen,,,Verb,stürzen,lemma,1135,7.27
6855,reynolds,,,,,,none,1135,7.27
6856,investiert,,,,,,none,1135,7.27
6857,bernie,,,,,,none,1134,7.26
6858,marilyn,,,,,,none,1134,7.26
6859,formen,vormen,,,Verb,,direct,1134,7.26
6860,freundchen,,,,,,none,1134,7.26
6861,politischen,politiek,,,Adjektiv,politisch,lemma,1134,7.26
6862,freigelassen,frankeren,,,Verb,freilassen,lemma,1134,7.26
6863,lionel,,,,,,none,1134,7.26
6864,rausgeworfen,,,,,,none,1133,7.25
6865,verprügeln,aframmelen,,,Verb,,direct,1133,7.25
6866,bescheiden,bescheiden,eenvoudig,,Adjektiv,,direct,1133,7.25
6867,garderobe,garderobe,,,Substantiv,,direct,1133,7.25
6868,streifen,streep,,,Substantiv,,direct,1133,7.25
6869,rausgekommen,,,,,,none,1133,7.25
6870,jodi,,,,,,none,1133,7.25
6871,voneinander,,,,,,none,1132,7.25
6872,wirt,waard,gastheer,de,Substantiv,,direct,1132,7.25
6873,kasten,kist,krat; bak; kader,,Substantiv,,direct,1132,7.25
6874,zeichnen,tekenen,merken; kenmerken; markeren,,Verb,,direct,1132,7.25
6875,backen,bakken,,,Verb,,direct,1132,7.25
6876,scheitern,falen,mislukken,,Verb,,direct,1131,7.24
6877,francs,Belgisch,,,Substantiv,Franc,lemma,1131,7.24
6878,jon,,,,,,none,1131,7.24
6879,salon,zaal,,,Substantiv,,direct,1131,7.24
6880,medikament,medicatie,,de,Substantiv,,direct,1131,7.24
6881,demnächst,binnenkort,,,Adverb,,direct,1131,7.24
6882,geboten,,,,,,none,1130,7.24
6883,spike,,,,,,none,1130,7.24
6884,auslösen,activeren,,,Verb,,direct,1130,7.24
6885,pferden,paard,,de,Substantiv,Pferd,lemma,1130,7.24
6886,lebensmittel,levensmiddel,voedsel,,Substantiv,,direct,1130,7.24
6887,ruhiger,rustig,sereen,,Adjektiv,ruhig,lemma,1129,7.23
6888,durchsuchungsbefehl,huiszoekingsbevel,,,Substantiv,,direct,1129,7.23
6889,allmählich,langzamerhand,geleidelijk,,Adjektiv,,direct,1129,7.23
6890,benommen,bewusteloos,,,Adjektiv,,direct,1129,7.23
6891,adieu,dag,,,Grußformel,,direct,1129,7.23
6892,fragten,vragen,,,Verb,fragen,lemma,1129,7.23
6893,vortrag,lezing,spreekbeurt,de,Substantiv,,direct,1128,7.22
6894,amerikas,Amerika,,het,Substantiv,Amerika,lemma,1128,7.22
6895,sherry,sherry,,,Substantiv,,direct,1128,7.22
6896,och,,,,,,none,1128,7.22
6897,oui,,,,,,none,1128,7.22
6898,erpressen,chanteren,,,Verb,,direct,1128,7.22
6899,flittchen,del,,,Substantiv,,direct,1128,7.22
6900,zähnen,inspringen,,,Verb,,direct,1128,7.22
6901,daniels,Daniël,Daneel,,Substantiv,Daniel,lemma,1128,7.22
6902,endete,beëindigen,,,Verb,enden,lemma,1128,7.22
6903,ängstlich,bevreesd,,,Adjektiv,,direct,1128,7.22
6904,she,,,,,,none,1127,7.22
6905,as,as,,de,Substantiv,,direct,1127,7.22
6906,durchbruch,doorbraak,,de,Substantiv,,direct,1126,7.21
6907,dorothy,,,,,,none,1125,7.20
6908,wiederhaben,steunen,,,Verb,,direct,1125,7.20
6909,schrecklicher,verschrikkelijk,schrikkelig,,Adjektiv,schrecklich,lemma,1125,7.20
6910,model,model,,,Substantiv,,direct,1125,7.20
6911,besitze,bezitten,,,Verb,besitzen,lemma,1125,7.20
6912,sorg,zorgen,verzorgen,,Verb,sorgen,lemma,1124,7.20
6913,sophia,Sofia,,,Substantiv,,direct,1124,7.20
6914,sullivan,,,,,,none,1124,7.20
6915,chor,koor,,,Substantiv,,direct,1123,7.19
6916,zuschlagen,tussenbeide komen,,,Verb,,direct,1123,7.19
6917,schere,schaar,,de,Substantiv,,direct,1123,7.19
6918,kampagne,campagne,,,Substantiv,,direct,1123,7.19
6919,jax,,,,,,none,1123,7.19
6920,verrücktes,gek,idioot; verschoven,,Adjektiv,verrückt,lemma,1122,7.18
6921,gestartet,starten,,,Verb,starten,lemma,1121,7.18
6922,reinigen,zuiveren,,,Verb,,direct,1121,7.18
6923,stoppt,stoppen,,,Verb,stoppen,lemma,1121,7.18
6924,lucky,,,,,,none,1121,7.18
6925,quälen,kwellen,,,Verb,,direct,1120,7.17
6926,berufung,roeping,beroep; hoger beroep; benoeming,,Substantiv,,direct,1120,7.17
6927,luis,,,,,,none,1120,7.17
6928,knöchel,enkel,kneukel; knokkel,de,Substantiv,,direct,1120,7.17
6929,zeitplan,planning,,,Substantiv,,direct,1120,7.17
6930,zerbrochen,gebroken,,,Adjektiv,,direct,1120,7.17
6931,verfluchter,vervloekt,,,Adjektiv,verflucht,lemma,1120,7.17
6932,weichei,slapjanus,,de,Substantiv,,direct,1120,7.17
6933,jegliche,elke,iedere,,Indefinitpronomen,jeglicher,lemma,1119,7.17
6934,versuchung,verlokking,,,Substantiv,,direct,1119,7.17
6935,shelby,,,,,,none,1119,7.17
6936,beitrag,bijdrage,contributie,de,Substantiv,,direct,1119,7.17
6937,picknick,picknick,,,Substantiv,,direct,1119,7.17
6938,argument,argument,,,Substantiv,,direct,1119,7.17
6939,reiner,Reinier,,,Substantiv,,direct,1119,7.17
6940,flüstern,fluisteren,,,Verb,,direct,1118,7.16
6941,dummheiten,domheid,,,Substantiv,Dummheit,lemma,1118,7.16
6942,meile,mijl,,,Substantiv,,direct,1118,7.16
6943,hamburger,hamburger,,,Substantiv,,direct,1118,7.16
6944,kontaktiert,,,,,,none,1118,7.16
6945,spione,spion,,,Substantiv,Spion,lemma,1117,7.15
6946,fähnrich,vaandrig,,,Substantiv,,direct,1117,7.15
6947,erinnerte,herinneren,,,Verb,erinnern,lemma,1117,7.15
6948,türklingel,deurbel,,,Substantiv,,direct,1117,7.15
6949,henri,,,,,,none,1117,7.15
6950,dynamit,dynamiet,,,Substantiv,,direct,1116,7.15
6951,organe,orgaan,,,Substantiv,Organ,lemma,1116,7.15
6952,fell,pels,,,Substantiv,,direct,1116,7.15
6953,sonnenschein,zonneschijn,,,Substantiv,,direct,1116,7.15
6954,archie,,,,,,none,1115,7.14
6955,lache,plas,,,Substantiv,,direct,1115,7.14
6956,elisabeth,Elisabeth,,,Substantiv,,direct,1115,7.14
6957,aufgelegt,aanmeten,,,Verb,auflegen,lemma,1115,7.14
6958,bräutigam,bruidegom,,,Substantiv,,direct,1115,7.14
6959,chinesische,Chinees,,,Substantiv,chinesisch,lemma,1115,7.14
6960,monats,maand,,de,Substantiv,Monat,lemma,1115,7.14
6961,shakespeare,,,,,,none,1114,7.13
6962,verrät,verraden,,,Verb,verraten,lemma,1114,7.13
6963,drunter,,,,,,none,1114,7.13
6964,schottland,Schotland,,,Substantiv,,direct,1114,7.13
6965,drohung,bedreiging,,de,Substantiv,,direct,1114,7.13
6966,wa,,,,,,none,1113,7.13
6967,wende,ommekeer,,,Substantiv,,direct,1113,7.13
6968,gefoltert,,,,,,none,1113,7.13
6969,erwachsener,volwassene,,,Substantiv,,direct,1113,7.13
6970,einzigartig,uniek,,,Adjektiv,,direct,1113,7.13
6971,briten,Brit,,de,Substantiv,Brite,lemma,1113,7.13
6972,profis,deskundige,,,Substantiv,Profi,lemma,1112,7.12
6973,mon,,,,,,none,1112,7.12
6974,übertreiben,overdrijven,,,Verb,,direct,1112,7.12
6975,ressourcen,ressource,,,Substantiv,Ressource,lemma,1112,7.12
6976,bischof,bisschop,,de,Substantiv,,direct,1112,7.12
6977,nationale,nationaal,landelijk,,Adjektiv,national,lemma,1112,7.12
6978,ausstehen,verdragen,,,Verb,,direct,1112,7.12
6979,geschwister,brus,,,Substantiv,,direct,1112,7.12
6980,mountain,,,,,,none,1112,7.12
6981,zurücktreten,aftreden,uittreden,,Verb,,direct,1111,7.11
6982,avery,,,,,,none,1111,7.11
6983,roberts,Robert,,,Substantiv,Robert,lemma,1111,7.11
6984,axt,bijl,hakbijl,,Substantiv,,direct,1111,7.11
6985,hugh,,,,,,none,1111,7.11
6986,händler,handelaar,koopman,de,Substantiv,,direct,1111,7.11
6987,ägypten,Egypte,,het,Substantiv,,direct,1111,7.11
6988,überdenken,heroverwegen,,,Verb,,direct,1111,7.11
6989,ludwig,Lodewijk,,,Substantiv,,direct,1110,7.11
6990,fiona,Viona,,,Substantiv,,direct,1110,7.11
6991,warme,warm,,,Adjektiv,warm,lemma,1110,7.11
6992,joel,Joël,,,Substantiv,,direct,1110,7.11
6993,konzentrier,concentreren,,,Verb,konzentrieren,lemma,1110,7.11
6994,del,,,,,,none,1110,7.11
6995,dampf,damp,stoom,de,Substantiv,,direct,1110,7.11
6996,missbraucht,,,,,,none,1110,7.11
6997,loyal,loyaal,,,Adjektiv,,direct,1110,7.11
6998,wurzeln,aanvuren,,,Verb,,direct,1109,7.10
6999,aufhängen,ophangen,,,Verb,,direct,1109,7.10
7000,wurm,worm,pier,de,Substantiv,,direct,1109,7.10
7001,kathy,,,,,,none,1108,7.09
7002,kerze,kaars,bougie,de,Substantiv,,direct,1108,7.09
7003,bereue,betreuren,,,Verb,bereuen,lemma,1108,7.09
7004,loslegen,doen toekomen,,,Verb,,direct,1108,7.09
7005,fingen,tikkertje,krijgertje; pakkertje,,Substantiv,fangen,lemma,1108,7.09
7006,besatzung,bemanning,bezetting,de,Substantiv,,direct,1107,7.09
7007,dog,,,,,,none,1107,7.09
7008,klüger,intelligent,knap,,Adjektiv,klug,lemma,1107,7.09
7009,zugestoßen,aanvalszijde,,,Verb,zustoßen,lemma,1107,7.09
7010,befürchten,schromen,,,Verb,,direct,1107,7.09
7011,folgende,volgend,,,Adjektiv,folgend,lemma,1106,7.08
7012,schmerzhaft,pijnlijk,zeer,,Adjektiv,,direct,1106,7.08
7013,jody,,,,,,none,1106,7.08
7014,beschrieben,,,,,,none,1105,7.08
7015,zittern,beven,trillen; sidderen,,Verb,,direct,1105,7.08
7016,standpunkt,standpunt,,,Substantiv,,direct,1105,7.08
7017,visier,vizier,,,Substantiv,,direct,1105,7.08
7018,rang,rang,,,Substantiv,,direct,1105,7.08
7019,phoenix,Phoenix,,,Substantiv,,direct,1104,7.07
7020,wesley,,,,,,none,1104,7.07
7021,herausfindet,,,,,,none,1104,7.07
7022,schaute,kijken,,,Verb,schauen,lemma,1104,7.07
7023,theoretisch,theoretisch,,,Adjektiv,,direct,1104,7.07
7024,if,,,,,,none,1104,7.07
7025,chan,han,,,Substantiv,,direct,1103,7.06
7026,beutel,zak,,de,Substantiv,,direct,1103,7.06
7027,drängen,duwen,dringen; nijpen,,Verb,,direct,1102,7.06
7028,schlimmen,slecht,,,Adjektiv,schlimm,lemma,1102,7.06
7029,klient,client,,,Substantiv,,direct,1102,7.06
7030,hängst,hangen,ophangen,,Verb,hängen,lemma,1102,7.06
7031,veranda,serre,veranda,,Substantiv,,direct,1102,7.06
7032,pam,,,,,,none,1102,7.06
7033,jüngste,jong,jeugdig,,Adjektiv,jung,lemma,1102,7.06
7034,strahlung,straling,,de,Substantiv,,direct,1102,7.06
7035,betrügt,bedriegen,frauderen; bedotten; besjoemelen,,Verb,betrügen,lemma,1102,7.06
7036,unendlich,oneindig,,,Adjektiv,,direct,1101,7.05
7037,gedichte,gedicht,vers,,Substantiv,Gedicht,lemma,1101,7.05
7038,sven,,,,,,none,1101,7.05
7039,irene,Irene,,,Substantiv,,direct,1101,7.05
7040,gereist,reizen,,,Verb,reisen,lemma,1101,7.05
7041,schiss,angst,,de,Substantiv,,direct,1101,7.05
7042,benimmst,gedragen,,,Verb,benehmen,lemma,1101,7.05
7043,schwangerschaft,zwangerschap,graviditeit,de,Substantiv,,direct,1101,7.05
7044,subcentral,,,,,,none,1101,7.05
7045,kopien,kopie,,de,Substantiv,Kopie,lemma,1101,7.05
7046,infrage,in kwestie,,,Adverb,,direct,1101,7.05
7047,zweifeln,twijfelen,,,Verb,,direct,1100,7.04
7048,nonne,non,,de,Substantiv,,direct,1100,7.04
7049,müsse,moeten,,,Verb,müssen,lemma,1100,7.04
7050,juliette,Julia,,,Substantiv,,direct,1100,7.04
7051,richtet,richten,,,Verb,richten,lemma,1100,7.04
7052,lecken,likken,lekken,,Verb,,direct,1100,7.04
7053,feuerwerk,vuurwerk,,,Substantiv,,direct,1099,7.04
7054,neueste,nieuw,,,Adjektiv,neu,lemma,1099,7.04
7055,geistes,geest,,,Substantiv,Geist,lemma,1099,7.04
7056,verletzten,kwetsen,schofferen; overtreden,,Verb,verletzen,lemma,1098,7.03
7057,abwechslung,afwisseling,,,Substantiv,,direct,1098,7.03
7058,ausgeführt,,,,,,none,1098,7.03
7059,kleingeld,andere kleren,,,Substantiv,,direct,1098,7.03
7060,evans,,,,,,none,1098,7.03
7061,gelegentlich,somtijds,,,Adjektiv,,direct,1098,7.03
7062,denise,Denise,,,Substantiv,,direct,1098,7.03
7063,braten,braden,bakken,,Verb,,direct,1098,7.03
7064,angelegt,afmeren,,,Verb,anlegen,lemma,1097,7.02
7065,artie,,,,,,none,1097,7.02
7066,corporal,,,,,,none,1097,7.02
7067,entsteht,ontstaan,,,Verb,entstehen,lemma,1097,7.02
7068,rogers,,,,,,none,1097,7.02
7069,herzschlag,hartslag,,,Substantiv,,direct,1097,7.02
7070,glücklicherweise,gelukkigerwijs,,,Adverb,,direct,1097,7.02
7071,heilung,genezing,,,Substantiv,,direct,1096,7.02
7072,cäsar,Cornelis,,,Substantiv,,direct,1096,7.02
7073,angeklagten,,,,,,none,1096,7.02
7074,profit,profijt,,,Substantiv,,direct,1096,7.02
7075,brüllen,brullen,,,Verb,,direct,1096,7.02
7076,verschieden,verschillend,ongelijk; anders,,Adjektiv,,direct,1095,7.01
7077,münzen,munten,,,,,direct,1095,7.01
7078,hinterlässt,nalaten,achterlaten,,Verb,hinterlassen,lemma,1095,7.01
7079,königlichen,koninklijk,,,Adjektiv,königlich,lemma,1094,7.01
7080,stadtrat,gemeenteraad,,de,Substantiv,,direct,1094,7.01
7081,pressekonferenz,persconferentie,,,Substantiv,,direct,1094,7.01
7082,nich,,,,,,none,1093,7.00
7083,geschaut,kijken,,,Verb,schauen,lemma,1093,7.00
7084,zugegeben,,,,,,none,1093,7.00
7085,end,beëindigen,,,Verb,enden,lemma,1093,7.00
7086,komisches,komisch,vreemd; grappig; eigenaardig,,Adjektiv,komisch,lemma,1093,7.00
7087,regie,leiding,,de,Substantiv,,direct,1093,7.00
7088,merk,onthouden,bemerken; merken,,Verb,merken,lemma,1093,7.00
7089,boote,afranselen,,,Verb,booten,lemma,1093,7.00
7090,verbrennt,verbranden,,,Verb,verbrennen,lemma,1093,7.00
7091,allergisch,allergisch,,,Adjektiv,,direct,1092,6.99
7092,schweizer,Zwitser,,,Substantiv,,direct,1091,6.99
7093,verdächtiger,verdachte,,,Substantiv,,direct,1091,6.99
7094,gasse,steeg,,,Substantiv,,direct,1091,6.99
7095,tussi,,,,,,none,1091,6.99
7096,befürchtet,,,,,,none,1091,6.99
7097,reite,rijden,paardrijden,,Verb,reiten,lemma,1091,6.99
7098,außerirdische,buitenaards,,,Adjektiv,außerirdisch,lemma,1091,6.99
7099,ehemaliger,voormalig,,,Adjektiv,ehemalig,lemma,1090,6.98
7100,radar,radar,,,Substantiv,,direct,1090,6.98
7101,gestattet,,,,,,none,1090,6.98
7102,gefecht,gevecht,,,Substantiv,,direct,1090,6.98
7103,angeschaut,bekijken,aankijken; kijken naar; aanschouwen,,Verb,anschauen,lemma,1089,6.97
7104,gedient,,,,,,none,1089,6.97
7105,pension,pension,,,Substantiv,,direct,1089,6.97
7106,strich,lijn,,,Substantiv,,direct,1088,6.97
7107,lippenstift,lippenstift,lippenrood,,Substantiv,,direct,1088,6.97
7108,stab,staf,,de,Substantiv,,direct,1088,6.97
7109,außerirdischen,buitenaards,,,Adjektiv,außerirdisch,lemma,1088,6.97
7110,termine,termijn,,de,Substantiv,Termin,lemma,1088,6.97
7111,maler,schilder,kunstschilder,de,Substantiv,,direct,1087,6.96
7112,verweigert,,,,,,none,1087,6.96
7113,boxer,boxer,,,Substantiv,,direct,1087,6.96
7114,vorteile,voordeel,baat; advantage,,Substantiv,Vorteil,lemma,1087,6.96
7115,ausstellung,tentoonstelling,,de,Substantiv,,direct,1087,6.96
7116,tragisch,tragisch,,,Adjektiv,,direct,1087,6.96
7117,rasch,rap,gauw,,Adjektiv,,direct,1086,6.95
7118,oberste,kelner,,,Substantiv,ober,lemma,1086,6.95
7119,polizistin,politievrouw,,de,Substantiv,,direct,1086,6.95
7120,windeln,luier,,,Substantiv,Windel,lemma,1086,6.95
7121,detroit,,,,,,none,1086,6.95
7122,arizona,,,,,,none,1086,6.95
7123,universums,universum,heelal,,Substantiv,Universum,lemma,1086,6.95
7124,aufheben,optillen,oplichten,,Verb,,direct,1085,6.95
7125,narben,litteken,,,Substantiv,Narbe,lemma,1085,6.95
7126,fleißig,naarstig,bezig,,Adjektiv,,direct,1084,6.94
7127,freizeit,vrije tijd,,,Substantiv,,direct,1084,6.94
7128,elegant,elegant,,,Adjektiv,,direct,1084,6.94
7129,dolch,dolk,,,Substantiv,,direct,1084,6.94
7130,sloan,,,,,,none,1084,6.94
7131,eindringen,binnendringen,,,Substantiv,,direct,1083,6.93
7132,auszeit,interval,,,Substantiv,,direct,1083,6.93
7133,internationalen,internationaal,,,Adjektiv,international,lemma,1083,6.93
7134,fielen,vallen,,,Verb,fallen,lemma,1083,6.93
7135,weggeworfen,gooien,,,Verb,wegwerfen,lemma,1083,6.93
7136,vergeuden,verspillen,,,Verb,,direct,1082,6.93
7137,blätter,lover,,,,,direct,1082,6.93
7138,blass,bleek,tanig,,Adjektiv,,direct,1082,6.93
7139,konzept,concept,,,Substantiv,,direct,1082,6.93
7140,look,,,,,,none,1082,6.93
7141,keineswegs,geenszins,,,Adverb,,direct,1081,6.92
7142,faden,draad,,,Substantiv,,direct,1081,6.92
7143,kleinste,klein,minuscuul,,Adjektiv,klein,lemma,1081,6.92
7144,geschrien,schreeuwen,roepen,,Verb,schreien,lemma,1081,6.92
7145,ertrunken,,,,,,none,1081,6.92
7146,blase,blaar,blaas,de,Substantiv,,direct,1081,6.92
7147,treffpunkt,ontmoetingsplaats,,,Substantiv,,direct,1081,6.92
7148,schrift,schrift,geschrift,,Substantiv,,direct,1081,6.92
7149,mathe,wiskunde,,de,Substantiv,,direct,1080,6.92
7150,royal,royal,,,Substantiv,,direct,1080,6.92
7151,evelyn,,,,,,none,1080,6.92
7152,britische,Brits,,,Adjektiv,britisch,lemma,1080,6.92
7153,körperlich,corporeel,stoffelijk,,Adjektiv,,direct,1080,6.92
7154,konzentration,concentratie,,,Substantiv,,direct,1080,6.92
7155,schaltet,andere kleren,,,Verb,schalten,lemma,1079,6.91
7156,draht,draad,,,Substantiv,,direct,1079,6.91
7157,at,,,,,,none,1079,6.91
7158,älteste,oud,,,Adjektiv,alt,lemma,1079,6.91
7159,höhere,hoog,omhoog,,Adjektiv,hoch,lemma,1079,6.91
7160,gerannt,stremmen,stollen,,Verb,gerinnen,lemma,1079,6.91
7161,tower,verkeerstoren,,,Substantiv,,direct,1078,6.90
7162,gedrückt,,,,,,none,1078,6.90
7163,reinigung,reiniging,,de,Substantiv,,direct,1078,6.90
7164,fordert,eisen,,,Verb,fordern,lemma,1078,6.90
7165,ideale,ideaal,,,Adjektiv,ideal,lemma,1078,6.90
7166,stiehlt,stelen,,,Verb,stehlen,lemma,1078,6.90
7167,money,,,,,,none,1078,6.90
7168,eiern,wiebelen,,,Verb,,direct,1077,6.90
7169,dritter,derde,,,Substantiv,,direct,1077,6.90
7170,züge,trein,,de,Substantiv,Zug,lemma,1077,6.90
7171,optionen,keuze,,de,Substantiv,Option,lemma,1077,6.90
7172,ge,,,,,,none,1077,6.90
7173,roland,Roeland,,,Substantiv,,direct,1077,6.90
7174,ersticken,verstikken,,,Verb,,direct,1077,6.90
7175,farmer,boer,,de,Substantiv,,direct,1077,6.90
7176,batterie,batterij,,de,Substantiv,,direct,1076,6.89
7177,obst,fruit,vrucht,het,Substantiv,,direct,1076,6.89
7178,badewanne,badkuip,bad,,Substantiv,,direct,1076,6.89
7179,manches,,,,,,none,1075,6.88
7180,droge,drug,,de,Substantiv,,direct,1075,6.88
7181,übertragung,overdracht,,de,Substantiv,,direct,1075,6.88
7182,enge,engte,,,Substantiv,,direct,1074,6.88
7183,nickerchen,dutje,,,Substantiv,,direct,1074,6.88
7184,juhu,,,,,,none,1074,6.88
7185,cora,,,,,,none,1074,6.88
7186,lungen,long,,de,Substantiv,Lunge,lemma,1073,6.87
7187,öffnete,openen,,,Verb,öffnen,lemma,1073,6.87
7188,abschneiden,blokkeren,,,Verb,,direct,1073,6.87
7189,valentine,,,,,,none,1072,6.86
7190,hierbei,heden,,,Adverb,,direct,1072,6.86
7191,sorgst,zorgen,verzorgen,,Verb,sorgen,lemma,1072,6.86
7192,phillip,Filip,,,Substantiv,,direct,1072,6.86
7193,schaffte,slagen,scheppfen,,Verb,schaffen,lemma,1072,6.86
7194,omar,,,,,,none,1071,6.86
7195,anfänger,beginneling,nieuweling,,Substantiv,,direct,1071,6.86
7196,gen,gen,,,Substantiv,,direct,1071,6.86
7197,ungerecht,onrechtvaardig,,,Adjektiv,,direct,1071,6.86
7198,reue,berouw,,,Substantiv,,direct,1071,6.86
7199,two,,,,,,none,1071,6.86
7200,rhythmus,ritme,,,Substantiv,,direct,1071,6.86
7201,kündige,kondigen,,,Verb,kündigen,lemma,1070,6.85
7202,mitgehen,meegaan,,,Verb,,direct,1070,6.85
7203,siegel,lakzegel,zegel,,Substantiv,,direct,1070,6.85
7204,moore,veen,,,Substantiv,Moor,lemma,1070,6.85
7205,stechen,steken,,,Verb,,direct,1070,6.85
7206,baue,bouwen,,,Verb,bauen,lemma,1069,6.85
7207,prostituierte,prostituee,,,Substantiv,,direct,1069,6.85
7208,heller,licht,helder,,Adjektiv,hell,lemma,1069,6.85
7209,umgehend,omgaand,onverwijld; per omgaande,,Adjektiv,,direct,1069,6.85
7210,hoffnungslos,hopeloos,kansloos,,Adjektiv,,direct,1069,6.85
7211,checken,checken,,,Verb,,direct,1069,6.85
7212,drücke,duwen,,,Verb,drücken,lemma,1068,6.84
7213,wong,,,,,,none,1067,6.83
7214,merkwürdige,raar,,,Adjektiv,merkwürdig,lemma,1067,6.83
7215,valley,,,,,,none,1067,6.83
7216,brandy,brandewijn,,,Substantiv,,direct,1067,6.83
7217,gelbe,geel,,,Adjektiv,gelb,lemma,1067,6.83
7218,nützen,benutten,nutten; baten,,Verb,,direct,1067,6.83
7219,venedig,Venetië,,,Substantiv,,direct,1066,6.83
7220,gideon,,,,,,none,1066,6.83
7221,lernten,leren,,,Verb,lernen,lemma,1066,6.83
7222,benimmt,gedragen,,,Verb,benehmen,lemma,1066,6.83
7223,georg,Joris,Joren; Jorik,,Substantiv,,direct,1066,6.83
7224,mächtiger,machtig,,,Adjektiv,mächtig,lemma,1066,6.83
7225,genutzt,nut,baat,het,Substantiv,nutzen,lemma,1065,6.82
7226,verzieh,kromtrekken,,,Verb,verziehen,lemma,1065,6.82
7227,schüssel,kom,schaal,,Substantiv,,direct,1065,6.82
7228,dreckigen,smerig,,,Adjektiv,dreckig,lemma,1065,6.82
7229,wiegt,wegen,wiegen; deinen,,Verb,wiegen,lemma,1065,6.82
7230,kg,,,,,,none,1065,6.82
7231,abraham,Abraham,,,Substantiv,,direct,1065,6.82
7232,seltsamer,vreemd,,,Adjektiv,seltsam,lemma,1064,6.81
7233,hiervon,er,,,,,direct,1064,6.81
7234,beraten,beraadslagen,,,Verb,,direct,1064,6.81
7235,schienen,spalken,,,Verb,,direct,1064,6.81
7236,wirkliche,werkelijk,,,Adverb,wirklich,lemma,1064,6.81
7237,träumt,dromen,,,Verb,träumen,lemma,1063,6.81
7238,versprech,belofte,,de,Substantiv,versprechen,lemma,1063,6.81
7239,ideal,ideaal,,,Adjektiv,,direct,1063,6.81
7240,norma,,,,,,none,1063,6.81
7241,sire,,,,,,none,1063,6.81
7242,marschieren,marcheren,,,Verb,,direct,1063,6.81
7243,mitbewohner,huisgenoot,,,Substantiv,,direct,1063,6.81
7244,verlobung,verloving,,de,Substantiv,,direct,1063,6.81
7245,funken,seinen,,,Verb,,direct,1062,6.80
7246,gleichfalls,eveneens,,,Adverb,,direct,1062,6.80
7247,geringsten,klein,,,Adjektiv,gering,lemma,1062,6.80
7248,empfange,ontvangen,,,Verb,empfangen,lemma,1062,6.80
7249,führten,leiden,,,Verb,führen,lemma,1062,6.80
7250,gelben,geel,,,Adjektiv,gelb,lemma,1062,6.80
7251,lach,lachen,dubbel liggen,,Verb,lachen,lemma,1061,6.79
7252,vereinbart,,,,,,none,1061,6.79
7253,kimmy,,,,,,none,1061,6.79
7254,prügel,slaag,,,Substantiv,,direct,1061,6.79
7255,läuten,luiden,,,Verb,,direct,1061,6.79
7256,anzugreifen,aanvallen,,,Verb,angreifen,lemma,1061,6.79
7257,balkon,balkon,hoedenplank,,Substantiv,,direct,1061,6.79
7258,fran,,,,,,none,1060,6.79
7259,flüchten,vluchten,,,Verb,,direct,1060,6.79
7260,umkehren,retourneren,,,Verb,,direct,1060,6.79
7261,ansieht,aanzien,,,Substantiv,ansehen,lemma,1060,6.79
7262,rechtfertigen,rechtvaardigen,,,Verb,,direct,1060,6.79
7263,belügen,liegen,,,Verb,,direct,1060,6.79
7264,verdächtigt,,,,,,none,1060,6.79
7265,begannen,beginnen,ingaan; van start gaan,,Verb,beginnen,lemma,1060,6.79
7266,snow,,,,,,none,1059,6.78
7267,oskar,,,,,,none,1059,6.78
7268,englischen,Engels,,het,Substantiv,englisch,lemma,1059,6.78
7269,inspiriert,,,,,,none,1059,6.78
7270,murray,,,,,,none,1059,6.78
7271,shirt,hemd,,,Substantiv,,direct,1058,6.77
7272,erlaube,toestaan,veroorloven,,Verb,erlauben,lemma,1058,6.77
7273,ertrinken,verdrinking,,,Substantiv,,direct,1058,6.77
7274,sorgfältig,zorgvuldig,,,Adjektiv,,direct,1058,6.77
7275,spuck,braken,spuwen,,Verb,spucken,lemma,1058,6.77
7276,eingetroffen,gebeuren,,,Verb,eintreffen,lemma,1058,6.77
7277,chang,,,,,,none,1058,6.77
7278,lynette,,,,,,none,1058,6.77
7279,feine,uitstekend,,,Adjektiv,fein,lemma,1058,6.77
7280,home,,,,,,none,1057,6.77
7281,grosse,groot,volwassene,,Adjektiv,groß,lemma,1057,6.77
7282,schickten,sturen,,,Verb,schicken,lemma,1057,6.77
7283,überreste,overblijfsel,,,Substantiv,Überrest,lemma,1057,6.77
7284,how,,,,,,none,1057,6.77
7285,garantiere,waarborgen,,,Verb,garantieren,lemma,1057,6.77
7286,unerträglich,onuitstaanbaar,,,Adjektiv,,direct,1057,6.77
7287,vorerst,voorlopig,,,Adverb,,direct,1056,6.76
7288,yale,,,,,,none,1056,6.76
7289,verirrt,,,,,,none,1056,6.76
7290,überstanden,overleven,,,Verb,überstehen,lemma,1056,6.76
7291,harriet,,,,,,none,1056,6.76
7292,liga,liga,divisie,,Substantiv,,direct,1056,6.76
7293,wertlos,waardeloos,,,Adjektiv,,direct,1056,6.76
7294,marvin,,,,,,none,1055,6.76
7295,gottverdammt,godverdomme!,,,Adjektiv,,direct,1055,6.76
7296,gesammelt,verzamelen,collecteren; inzamelen; opdoen,,Verb,sammeln,lemma,1054,6.75
7297,kanntest,kennen,,,Verb,kennen,lemma,1054,6.75
7298,bezeichnet,aanduiden,,,Verb,bezeichnen,lemma,1054,6.75
7299,beantworte,beantwoorden,,,Verb,beantworten,lemma,1054,6.75
7300,baltimore,,,,,,none,1054,6.75
7301,shirley,,,,,,none,1054,6.75
7302,connie,,,,,,none,1053,6.74
7303,netzwerk,netwerk,,,Substantiv,,direct,1053,6.74
7304,moses,Mozes,,,Substantiv,,direct,1053,6.74
7305,entstehen,ontstaan,,,Verb,,direct,1053,6.74
7306,ingalls,,,,,,none,1053,6.74
7307,lauten,luiden,,,Verb,,direct,1053,6.74
7308,fasziniert,,,,,,none,1052,6.74
7309,ehrliche,eerlijk,,,Adjektiv,ehrlich,lemma,1052,6.74
7310,akademie,academie,,de,Substantiv,,direct,1052,6.74
7311,grünes,groen,,,Adjektiv,grün,lemma,1052,6.74
7312,branche,sector,,,Substantiv,,direct,1052,6.74
7313,rudy,,,,,,none,1052,6.74
7314,soße,saus,,,Substantiv,,direct,1051,6.73
7315,situationen,situatie,,de,Substantiv,Situation,lemma,1051,6.73
7316,entführer,kidnapper,,,Substantiv,,direct,1051,6.73
7317,ewigen,eeuwig,,,Adjektiv,ewig,lemma,1051,6.73
7318,erzeugt,,,,,,none,1050,6.72
7319,fünften,,,,,,none,1050,6.72
7320,dtv,,,,,,none,1050,6.72
7321,registriert,,,,,,none,1050,6.72
7322,basketball,basketbal,,,Substantiv,,direct,1050,6.72
7323,abgesetzt,afzetten,,,Verb,absetzen,lemma,1049,6.72
7324,irgendwelchen,,,,,,none,1049,6.72
7325,vorsitzender,voorzitter,,,Substantiv,,direct,1049,6.72
7326,bedürfnisse,behoefte,,de,Substantiv,Bedürfnis,lemma,1049,6.72
7327,suite,suite,,,Substantiv,,direct,1049,6.72
7328,regieren,regeeren,regeren,,Verb,,direct,1048,6.71
7329,barkeeper,barman,,,Substantiv,,direct,1048,6.71
7330,ausgemacht,uitdoen,,,Verb,ausmachen,lemma,1048,6.71
7331,fritz,Frits,,,Substantiv,,direct,1048,6.71
7332,dateien,bestand,,,Substantiv,Datei,lemma,1048,6.71
7333,dixon,,,,,,none,1048,6.71
7334,gegründet,stichten,beginnen; oprichten; starten,,Verb,gründen,lemma,1047,6.70
7335,wolke,wolk,,de,Substantiv,,direct,1047,6.70
7336,wall,muur,,de,Substantiv,,direct,1047,6.70
7337,umgang,bekendheid,,de,Substantiv,,direct,1047,6.70
7338,schenk,schenken,geven,,Verb,schenken,lemma,1046,6.70
7339,festen,feesten,,,Verb,,direct,1046,6.70
7340,erziehung,opvoeding,,,Substantiv,,direct,1046,6.70
7341,agentin,agent,,,Substantiv,,direct,1045,6.69
7342,marines,,,,,,none,1045,6.69
7343,hasen,haas,konijn,de,Substantiv,Hase,lemma,1044,6.69
7344,institut,instituut,inrichting,,Substantiv,,direct,1044,6.69
7345,mittleren,,,,,,none,1044,6.69
7346,hingerichtet,terechtstellen,executeren,,Verb,hinrichten,lemma,1044,6.69
7347,lenken,besturen,,,Verb,,direct,1043,6.68
7348,angewiesen,afhankelijk,,,Adjektiv,,direct,1043,6.68
7349,überlebende,overlevende,,,Substantiv,,direct,1043,6.68
7350,bass,bas,,,Substantiv,,direct,1043,6.68
7351,pearl,,,,,,none,1043,6.68
7352,lahm,lam,,,Adjektiv,,direct,1043,6.68
7353,basiert,,,,,,none,1043,6.68
7354,rasieren,scheren,,,Verb,,direct,1043,6.68
7355,angeordnet,ordenen,,,Verb,anordnen,lemma,1043,6.68
7356,gewalttätig,gewelddadig,,,Adjektiv,,direct,1042,6.67
7357,untergang,ondergang,,de,Substantiv,,direct,1042,6.67
7358,flach,plat,vlak,,Adjektiv,,direct,1042,6.67
7359,autogramm,autogram,,,Substantiv,,direct,1041,6.67
7360,schwule,flikker,,,,,direct,1041,6.67
7361,kompanie,compagnie,handelsmaatschappij,de,Substantiv,,direct,1041,6.67
7362,casino,,,,,,none,1041,6.67
7363,solches,,,,,,none,1041,6.67
7364,sackgasse,doodlopende weg,doodlopende straat,,Substantiv,,direct,1041,6.67
7365,einbrecher,inbreker,,de,Substantiv,,direct,1040,6.66
7366,stehenbleiben,,,,,,none,1040,6.66
7367,erwartungen,afwachting,,de,Substantiv,Erwartung,lemma,1040,6.66
7368,flüssigkeit,vloeistof,,,Substantiv,,direct,1040,6.66
7369,erraten,raden,,,Verb,,direct,1040,6.66
7370,verkaufst,verkopen,,,Verb,verkaufen,lemma,1039,6.65
7371,vorsprung,voorsprong,,,Substantiv,,direct,1039,6.65
7372,zahlst,betalen,,,Verb,zahlen,lemma,1039,6.65
7373,verkäufer,verkoper,,de,Substantiv,,direct,1038,6.65
7374,zukommen,dicht bij elkaar brengen,,,Verb,,direct,1038,6.65
7375,abdrücke,de trekker overhalen,,,Verb,abdrücken,lemma,1037,6.64
7376,kurve,curve,kromme,,Substantiv,,direct,1037,6.64
7377,kämpfst,strijden,,,Verb,kämpfen,lemma,1037,6.64
7378,les,lezen,oppikken,,Verb,lesen,lemma,1037,6.64
7379,verziehen,kromtrekken,,,Verb,,direct,1036,6.63
7380,invasion,invasie,,,Substantiv,,direct,1036,6.63
7381,pissen,piesen,,,Verb,,direct,1036,6.63
7382,klarer,sereen,helder,,Adjektiv,klar,lemma,1036,6.63
7383,herrschen,heersen,,,Verb,,direct,1036,6.63
7384,prince,,,,,,none,1036,6.63
7385,zylonen,,,,,,none,1036,6.63
7386,donnie,,,,,,none,1036,6.63
7387,giles,,,,,,none,1036,6.63
7388,outfit,outfit,,,Substantiv,,direct,1036,6.63
7389,prinzipien,principe,beginsel,het,Substantiv,Prinzip,lemma,1035,6.63
7390,rühr,ontroeren,roeren; bewegen; zich verroeren,,Verb,rühren,lemma,1035,6.63
7391,entzückend,bevallig,,,Adjektiv,,direct,1035,6.63
7392,reinen,puur,,,Adjektiv,rein,lemma,1035,6.63
7393,drecksack,stinker,,,Substantiv,,direct,1035,6.63
7394,frischen,verfijnen,,,Verb,,direct,1035,6.63
7395,corabeth,,,,,,none,1035,6.63
7396,höhepunkt,hooghtepunt,topper,,Substantiv,,direct,1035,6.63
7397,elsa,,,,,,none,1035,6.63
7398,geduldig,geduldig,,,Adjektiv,,direct,1034,6.62
7399,rio,,,,,,none,1034,6.62
7400,pest,pest,,,Substantiv,,direct,1034,6.62
7401,wenigsten,minstens,,,Adverb,wenigstens,lemma,1034,6.62
7402,beschwert,,,,,,none,1034,6.62
7403,natürliche,natuurlijk,uiteraard; vanzelfsprekend,,Adjektiv,natürlich,lemma,1034,6.62
7404,erzeugen,genereren,,,Verb,,direct,1034,6.62
7405,fürchterlich,vreselijk,,,Adjektiv,,direct,1034,6.62
7406,veröffentlichen,openbaar maken,publiceren,,Verb,,direct,1034,6.62
7407,wunderbares,heerlijk,,,Adjektiv,wunderbar,lemma,1034,6.62
7408,isaac,,,,,,none,1033,6.61
7409,unglücklicherweise,helaas,,,Adverb,,direct,1033,6.61
7410,ratschläge,raad,,de,Substantiv,Ratschlag,lemma,1033,6.61
7411,erstickt,verstikken,,,Verb,ersticken,lemma,1033,6.61
7412,vagina,vagina,schede,,Substantiv,,direct,1032,6.61
7413,scharfe,scherp,,,Adjektiv,scharf,lemma,1032,6.61
7414,nutten,hoer,,,Substantiv,Nutte,lemma,1032,6.61
7415,äpfel,appel,,de,Substantiv,Apfel,lemma,1032,6.61
7416,zoll,duim,,de,Substantiv,,direct,1032,6.61
7417,region,regio,,,Substantiv,,direct,1032,6.61
7418,zuliebe,aan,,,Postposition,,direct,1031,6.60
7419,riefen,roepen,,,Verb,rufen,lemma,1031,6.60
7420,wachmann,bewaarder,,de,Substantiv,,direct,1031,6.60
7421,gipfel,top,,de,Substantiv,,direct,1031,6.60
7422,geübt,oefening,,,Verb,üben,lemma,1031,6.60
7423,jammer,geklaag,,,Substantiv,,direct,1031,6.60
7424,lädt,winkel,,de,Substantiv,laden,lemma,1030,6.60
7425,galerie,galerie,galerij,,Substantiv,,direct,1030,6.60
7426,enkelin,kleindochter,,,Substantiv,,direct,1030,6.60
7427,mönch,monnik,zwartkop,de,Substantiv,,direct,1030,6.60
7428,tinte,inkt,,,Substantiv,,direct,1030,6.60
7429,journalist,journalist,,de,Substantiv,,direct,1030,6.60
7430,glückspilz,geluksvogel,,,Substantiv,,direct,1030,6.60
7431,platzen,barsten,,,Verb,,direct,1029,6.59
7432,ego,ego,,,Substantiv,,direct,1029,6.59
7433,reinste,puur,,,Adjektiv,rein,lemma,1029,6.59
7434,news,journaal,,,Substantiv,,direct,1028,6.58
7435,aspirin,aspirine,,,Substantiv,,direct,1028,6.58
7436,right,,,,,,none,1027,6.58
7437,andre,,,,,,none,1027,6.58
7438,früchte,vrucht,fruit,de,Substantiv,Frucht,lemma,1027,6.58
7439,gewähren,verlenen,toestaan; verschaffen,,Verb,,direct,1027,6.58
7440,prophezeiung,profetie,,,Substantiv,,direct,1027,6.58
7441,winzig,piepklein,,,Adjektiv,,direct,1027,6.58
7442,light,bijlichten,,,,,direct,1027,6.58
7443,tonnen,ton,,,Substantiv,Tonne,lemma,1026,6.57
7444,lizenz,licentie,vergunning,de,Substantiv,,direct,1026,6.57
7445,maßnahmen,maatregel,,de,Substantiv,Maßnahme,lemma,1026,6.57
7446,ermittelt,,,,,,none,1025,6.56
7447,stufen,,,,,,none,1025,6.56
7448,joy,,,,,,none,1024,6.56
7449,lüg,liegen,,,Verb,lügen,lemma,1024,6.56
7450,who,,,,,,none,1024,6.56
7451,student,student,,de,Substantiv,,direct,1024,6.56
7452,absetzen,afzetten,,,Verb,,direct,1024,6.56
7453,schwindel,zwendel,duizeling; bedrog,,Substantiv,,direct,1024,6.56
7454,national,nationaal,landelijk,,Adjektiv,,direct,1024,6.56
7455,fanny,,,,,,none,1024,6.56
7456,vorgeschlagen,voorstellen,aandragen,,Verb,vorschlagen,lemma,1024,6.56
7457,arbeitslos,werkloos,,,Adjektiv,,direct,1023,6.55
7458,borg,barg,pof,de,Substantiv,,direct,1023,6.55
7459,getränke,drankje,,,,,direct,1023,6.55
7460,ick,ik,,,Personalpronomen,,direct,1023,6.55
7461,joyce,,,,,,none,1023,6.55
7462,änderte,wijzigen,,,Verb,ändern,lemma,1022,6.54
7463,philadelphia,Philadelphia,,,Substantiv,,direct,1022,6.54
7464,pfoten,poot,handtekening; handschrift; onderschrift,de,Substantiv,Pfote,lemma,1022,6.54
7465,ausländer,buitenlander,,,Substantiv,,direct,1022,6.54
7466,häng,hangen,ophangen,,Verb,hängen,lemma,1021,6.54
7467,clyde,,,,,,none,1021,6.54
7468,kalender,kalender,,de,Substantiv,,direct,1021,6.54
7469,isabelle,,,,,,none,1021,6.54
7470,hannibal,Hannibal,,,Substantiv,,direct,1020,6.53
7471,brüdern,broer,broeder,de,Substantiv,Bruder,lemma,1020,6.53
7472,überstunden,,,,,,none,1020,6.53
7473,angehört,aanhoren,,,Verb,anhören,lemma,1019,6.52
7474,langweilen,vervelen,,,Verb,,direct,1019,6.52
7475,deutet,duiden,,,Verb,deuten,lemma,1019,6.52
7476,griffin,,,,,,none,1018,6.52
7477,friseur,kapper,barbier,de,Substantiv,,direct,1018,6.52
7478,oberen,kelner,,,Substantiv,ober,lemma,1018,6.52
7479,fertigmachen,voltooien,,,Verb,,direct,1018,6.52
7480,they,,,,,,none,1018,6.52
7481,teure,duur,dierbaar,,Adjektiv,teuer,lemma,1018,6.52
7482,silas,,,,,,none,1018,6.52
7483,gedroht,,,,,,none,1018,6.52
7484,ana,,,,,,none,1018,6.52
7485,ermordung,moord,,,Substantiv,,direct,1017,6.51
7486,maura,,,,,,none,1017,6.51
7487,komischen,komisch,vreemd; grappig; eigenaardig,,Adjektiv,komisch,lemma,1017,6.51
7488,bestimmtes,bepaald,,,Adjektiv,bestimmt,lemma,1017,6.51
7489,diskret,discreet,,,Adjektiv,,direct,1017,6.51
7490,kriechen,kruipen,,,Verb,,direct,1017,6.51
7491,weißes,wit,blank,,Adjektiv,weiß,lemma,1016,6.51
7492,luthor,,,,,,none,1016,6.51
7493,hinüber,horizontaal,,,Adverb,,direct,1016,6.51
7494,zauberei,magie,,,Substantiv,,direct,1016,6.51
7495,wünschst,wensen,,,Verb,wünschen,lemma,1016,6.51
7496,nadia,,,,,,none,1016,6.51
7497,biss,beet,,de,Substantiv,,direct,1015,6.50
7498,komischer,komisch,vreemd; grappig; eigenaardig,,Adjektiv,komisch,lemma,1015,6.50
7499,hotelzimmer,hotelkamer,,,Substantiv,,direct,1014,6.49
7500,delta,delta,,,Substantiv,,direct,1014,6.49
7501,chinesischen,Chinees,,,Substantiv,chinesisch,lemma,1014,6.49
7502,beängstigend,afschuwelijk,,,Adjektiv,,direct,1014,6.49
7503,hills,,,,,,none,1014,6.49
7504,quentin,,,,,,none,1014,6.49
7505,frequenz,frequentie,,de,Substantiv,,direct,1014,6.49
7506,vorhast,,,,,,none,1014,6.49
7507,tödliche,dodelijk,,,Adjektiv,tödlich,lemma,1013,6.49
7508,summer,zoemer,,de,Substantiv,,direct,1013,6.49
7509,verband,bandage,verband,,Substantiv,,direct,1013,6.49
7510,gebucht,,,,,,none,1013,6.49
7511,investieren,investeren,,,Verb,,direct,1013,6.49
7512,website,website,,de,Substantiv,,direct,1013,6.49
7513,diät,dieet,,,Substantiv,,direct,1013,6.49
7514,benimm,gedragen,,,Verb,benehmen,lemma,1012,6.48
7515,vergangenen,afgelopen,verleden,,Adjektiv,vergangen,lemma,1012,6.48
7516,rodney,,,,,,none,1012,6.48
7517,verbringe,doorbrengen,slijten; verbrengen; verslijten,,Verb,verbringen,lemma,1012,6.48
7518,zukünftige,toekomstig,in de toekomst; toekomend; aanstaand,,Adjektiv,zukünftig,lemma,1012,6.48
7519,kong,,,,,,none,1011,6.47
7520,ehemalige,voormalig,,,Adjektiv,ehemalig,lemma,1011,6.47
7521,aufklären,helderder maken,,,Verb,,direct,1010,6.47
7522,kämen,komen,klaarkomen,,Verb,kommen,lemma,1010,6.47
7523,unauffällig,onopvallend,,,Adjektiv,,direct,1009,6.46
7524,gefälscht,namaak,,,Adjektiv,,direct,1009,6.46
7525,geier,gier,,de,Substantiv,,direct,1009,6.46
7526,anschuldigungen,aanklacht,,de,Substantiv,Anschuldigung,lemma,1009,6.46
7527,sal,,,,,,none,1009,6.46
7528,restlichen,resterend,,,Adjektiv,restlich,lemma,1009,6.46
7529,tomaten,tomaat,,,Substantiv,Tomate,lemma,1009,6.46
7530,gonna,,,,,,none,1009,6.46
7531,philosophie,filosofie,wijsbegeerte,,Substantiv,,direct,1009,6.46
7532,liebten,liefhebben,houden van,,Verb,lieben,lemma,1009,6.46
7533,programmiert,,,,,,none,1008,6.45
7534,shawn,,,,,,none,1008,6.45
7535,festgestellt,vaststellen,,,Verb,feststellen,lemma,1008,6.45
7536,fällig,opeisbaar,te betalen; noodzakelijk; verwachtbaar,,Adjektiv,,direct,1008,6.45
7537,kneipe,taveerne,,,Substantiv,,direct,1008,6.45
7538,bezahlst,betalen,,,Verb,bezahlen,lemma,1008,6.45
7539,beende,afwerken,,,Verb,beenden,lemma,1008,6.45
7540,fehlst,ontbreken,mankeren; schorten,,Verb,fehlen,lemma,1007,6.45
7541,vornehmen,uitvoeren,,,Verb,,direct,1007,6.45
7542,sumpf,moeras,broek,,Substantiv,,direct,1007,6.45
7543,apotheke,apotheek,,de,Substantiv,,direct,1006,6.44
7544,internationale,internationaal,,,Adjektiv,international,lemma,1006,6.44
7545,liefert,opleveren,verstrekken,,Verb,liefern,lemma,1006,6.44
7546,wehen,waaien,,,Verb,,direct,1006,6.44
7547,bastarde,bastaard,,,Substantiv,Bastard,lemma,1006,6.44
7548,erstochen,steken,,,Verb,erstechen,lemma,1006,6.44
7549,schiffes,schip,,het,Substantiv,Schiff,lemma,1005,6.44
7550,manuel,,,,,,none,1005,6.44
7551,nördlich,noordelijk,,,Adjektiv,,direct,1005,6.44
7552,american,,,,,,none,1005,6.44
7553,körpers,lichaam,lijf,,Substantiv,Körper,lemma,1004,6.43
7554,schal,sjaal,das,,Substantiv,,direct,1004,6.43
7555,anklagen,aanklagen,,,Verb,,direct,1004,6.43
7556,schlagt,verslaan,slaan; kloppen; vechten,,Verb,schlagen,lemma,1004,6.43
7557,entscheidest,besluiten,kiezen,,Verb,entscheiden,lemma,1004,6.43
7558,sammelt,verzamelen,collecteren; inzamelen; opdoen,,Verb,sammeln,lemma,1004,6.43
7559,gegenzug,retourneren,,,Substantiv,,direct,1004,6.43
7560,vorzubereiten,voorbereiden,,,Verb,vorbereiten,lemma,1004,6.43
7561,enttäuschung,teleurstelling,,de,Substantiv,,direct,1003,6.42
7562,unterkunft,logies,,,Substantiv,,direct,1003,6.42
7563,freilassen,frankeren,,,Verb,,direct,1003,6.42
7564,grau,grijs,grauw,,Adjektiv,,direct,1003,6.42
7565,hunt,,,,,,none,1003,6.42
7566,verlobter,verloofde,,,Substantiv,,direct,1003,6.42
7567,niere,nier,,,Substantiv,,direct,1003,6.42
7568,kratzen,krassen,,,Verb,,direct,1002,6.42
7569,altar,altaar,,,Substantiv,,direct,1002,6.42
7570,erstaunt,verrast,,,Adjektiv,,direct,1002,6.42
7571,ausbruch,ontsnapping,eruptie,,Substantiv,,direct,1002,6.42
7572,tuch,doek,,de,Substantiv,,direct,1001,6.41
7573,fahne,vaandel,vlag,,Substantiv,,direct,1001,6.41
7574,beleidigung,belediging,,de,Substantiv,,direct,1001,6.41
7575,bedeutete,betekenen,,,Verb,bedeuten,lemma,1001,6.41
7576,verhält,gedrag,,,Substantiv,verhalten,lemma,1001,6.41
7577,unheimliche,griezelig,,,Adjektiv,unheimlich,lemma,1001,6.41
7578,unsterblich,onsterfelijk,ondoodbaar,,Adjektiv,,direct,1000,6.40
7579,hohes,hoog,omhoog,,Adjektiv,hoch,lemma,1000,6.40
7580,evakuieren,evacueren,,,Verb,,direct,1000,6.40
7581,produziert,,,,,,none,1000,6.40
7582,nachfolger,opvolger,,de,Substantiv,,direct,1000,6.40
7583,blicke,kolblei,,,Substantiv,,direct,1000,6.40
7584,vorschläge,voorstel,,,Substantiv,Vorschlag,lemma,1000,6.40
7585,chauffeur,chauffeur,bestuurder,de,Substantiv,,direct,1000,6.40
7586,englische,Engels,,het,Substantiv,englisch,lemma,999,6.40
7587,ironie,ironie,,de,Substantiv,,direct,999,6.40
7588,ausreichend,genoeg,,,Adjektiv,,direct,999,6.40
7589,hit,hit,,,Substantiv,,direct,999,6.40
7590,anderthalb,anderhalf,,,Numerale,,direct,999,6.40
7591,erlösung,verlossing,,,Substantiv,,direct,999,6.40
7592,käfer,kever,,de,Substantiv,,direct,999,6.40
7593,küsschen,zoen,,,Substantiv,,direct,999,6.40
7594,eugene,,,,,,none,998,6.39
7595,auslöschen,vernietigen,,,Verb,,direct,998,6.39
7596,ihretwegen,om uwentwille,om u,,Adverb,,direct,998,6.39
7597,limonade,limonade,,,Substantiv,,direct,998,6.39
7598,hedley,,,,,,none,998,6.39
7599,billige,goedkoop,,,Adjektiv,billig,lemma,997,6.38
7600,tequila,tequila,,,,,direct,997,6.38
7601,schlachtfeld,slagveld,,,Substantiv,,direct,997,6.38
7602,knight,,,,,,none,997,6.38
7603,gemäß,volgens,overeenkomstig; passend; uit hoofde van,,Präposition,,direct,997,6.38
7604,angreifer,aanvaller,,,Substantiv,,direct,997,6.38
7605,hingegangen,heengaan,,,Verb,hingehen,lemma,996,6.38
7606,dns,DNA,,,,,direct,996,6.38
7607,zero,,,,,,none,996,6.38
7608,liefen,rennen,lopen; hollen; werken,,Verb,laufen,lemma,996,6.38
7609,schale,schil,schelp,,Substantiv,,direct,996,6.38
7610,restaurants,restaurant,,,Substantiv,Restaurant,lemma,996,6.38
7611,ausfindig,,,,,,none,996,6.38
7612,mills,,,,,,none,996,6.38
7613,angriffe,aanvallen,,,Verb,angreifen,lemma,995,6.37
7614,rotes,rood,ros,,Adjektiv,rot,lemma,995,6.37
7615,percy,,,,,,none,995,6.37
7616,modernen,modern,,,Adjektiv,modern,lemma,995,6.37
7617,motto,motto,,,Substantiv,,direct,995,6.37
7618,eintritt,intrede,entrée,,Substantiv,,direct,994,6.36
7619,bh,bustehouder,,,Abkürzung,,direct,994,6.36
7620,betroffen,geraakt,,,Adjektiv,,direct,994,6.36
7621,misstrauisch,achterdochtig,,,Adjektiv,,direct,994,6.36
7622,verwirrend,raadselachtig,,,Adjektiv,,direct,994,6.36
7623,kapelle,kapel,,,Substantiv,,direct,993,6.36
7624,starkes,sterk,krachtig,,Adjektiv,stark,lemma,993,6.36
7625,brick,,,,,,none,993,6.36
7626,gebetet,,,,,,none,992,6.35
7627,einrichten,inrichten,voorbereiden; regelen; instellen,,Verb,,direct,992,6.35
7628,ausnutzen,exploiteren,,,Verb,,direct,992,6.35
7629,kinn,kin,,,Substantiv,,direct,992,6.35
7630,frisches,fris,vers,,Adjektiv,frisch,lemma,992,6.35
7631,quatschen,neuzelen,,,Verb,,direct,992,6.35
7632,automatisch,automatisch,,,Adjektiv,,direct,991,6.35
7633,chad,,,,,,none,991,6.35
7634,körperverletzung,mishandeling,,de,Substantiv,,direct,991,6.35
7635,spritzen,besprenkelen,,,Verb,,direct,991,6.35
7636,einwohner,inwoner,,de,Substantiv,,direct,991,6.35
7637,renn,rennen,hollen,,Verb,rennen,lemma,991,6.35
7638,pink,rooskleurig,,,Adjektiv,,direct,991,6.35
7639,chen,,,,,,none,991,6.35
7640,gezeichnet,tekenen,merken; kenmerken; markeren,,Verb,zeichnen,lemma,991,6.35
7641,anständige,fatsoenlijk,netjes,,Adjektiv,anständig,lemma,991,6.35
7642,steif,stug,stijf,,Adjektiv,,direct,990,6.34
7643,rekord,record,,,Substantiv,,direct,990,6.34
7644,durchgeknallt,doorgedraaid,,,Adjektiv,,direct,990,6.34
7645,foltern,martelen,folteren,,Verb,,direct,990,6.34
7646,erspart,,,,,,none,989,6.33
7647,kuba,Cuba,,,Substantiv,,direct,989,6.33
7648,bräuchten,,,,,,none,989,6.33
7649,überdosis,overdosis,,,Substantiv,,direct,989,6.33
7650,armband,armband,,,Substantiv,,direct,989,6.33
7651,bert,,,,,,none,989,6.33
7652,adoptiert,adopteren,,,Verb,adoptieren,lemma,989,6.33
7653,komplizen,medeplichtige,,,Substantiv,Komplize,lemma,988,6.33
7654,ehemaligen,voormalig,,,Adjektiv,ehemalig,lemma,988,6.33
7655,department,afdeling,,de,Substantiv,,direct,988,6.33
7656,einschalten,aandoen,,,Verb,,direct,988,6.33
7657,handschrift,handschrift,manuscript,,Substantiv,,direct,987,6.32
7658,ältesten,oud,,,Adjektiv,alt,lemma,987,6.32
7659,assistenten,assistent,,de,Substantiv,Assistent,lemma,987,6.32
7660,großartigen,geweldig,,,Adjektiv,großartig,lemma,987,6.32
7661,männlich,mannelijk,,,Adjektiv,,direct,987,6.32
7662,übernimmst,overnemen,,,Verb,übernehmen,lemma,987,6.32
7663,übrigen,resterend,overig,,Adjektiv,übrig,lemma,986,6.31
7664,klaviermusik,,,,,,none,986,6.31
7665,ash,,,,,,none,986,6.31
7666,viktor,Victor,,,Substantiv,,direct,986,6.31
7667,judith,,,,,,none,986,6.31
7668,gemietet,huren,,,Verb,mieten,lemma,986,6.31
7669,mischung,mengen,,,Substantiv,,direct,986,6.31
7670,luxus,luxe,,de,Substantiv,,direct,986,6.31
7671,schwung,zwier,,de,Substantiv,,direct,985,6.31
7672,vicky,,,,,,none,985,6.31
7673,hochgehen,beklimmen,,,Verb,,direct,985,6.31
7674,wegtreten,in onmin raken,,,Verb,,direct,985,6.31
7675,stargate,,,,,,none,985,6.31
7676,carlo,,,,,,none,985,6.31
7677,beherrscht,beheerst,,,,,direct,985,6.31
7678,grippe,griep,,,Substantiv,,direct,984,6.30
7679,informanten,informant,,,Substantiv,Informant,lemma,984,6.30
7680,hülle,hoes,,,Substantiv,,direct,984,6.30
7681,side,,,,,,none,983,6.29
7682,floh,vlo,,de,Substantiv,,direct,983,6.29
7683,kit,kit,,,Substantiv,,direct,983,6.29
7684,fitz,,,,,,none,983,6.29
7685,nudeln,,,,,,none,983,6.29
7686,schaf,schaap,,het,Substantiv,,direct,983,6.29
7687,uhrzeit,tijd,,de,Substantiv,,direct,983,6.29
7688,zigarre,sigaar,,,Substantiv,,direct,983,6.29
7689,tänzerin,danseres,,de,Substantiv,,direct,982,6.29
7690,einkaufszentrum,winkelcentrum,,,Substantiv,,direct,982,6.29
7691,vollmond,vollemaan,volle maan,,Substantiv,,direct,982,6.29
7692,mexikaner,Mexicaan,,,Substantiv,,direct,982,6.29
7693,piepst,piepen,,,Verb,piepen,lemma,982,6.29
7694,gestoppt,stoppen,,,Verb,stoppen,lemma,981,6.28
7695,gray,gray,,,Substantiv,,direct,981,6.28
7696,eingerichtet,inrichten,voorbereiden; regelen; instellen,,Verb,einrichten,lemma,981,6.28
7697,umarmung,omarming,knuffel,,Substantiv,,direct,981,6.28
7698,rohr,buis,,,Substantiv,,direct,980,6.28
7699,batterien,batterij,,de,Substantiv,Batterie,lemma,980,6.28
7700,ella,,,,,,none,980,6.28
7701,spende,schenking,,de,Substantiv,,direct,980,6.28
7702,julius,Julius,,,Substantiv,,direct,980,6.28
7703,mumm,lef,,de,Substantiv,,direct,980,6.28
7704,gans,gans,,de,Substantiv,,direct,979,6.27
7705,leuchten,schijnen,,,Verb,,direct,979,6.27
7706,alien,alien,,,Substantiv,,direct,979,6.27
7707,dom,kathedraal,dome,,Substantiv,,direct,978,6.26
7708,geriet,lukken,,,Verb,geraten,lemma,978,6.26
7709,unterzeichnet,,,,,,none,978,6.26
7710,operationen,operatie,ingreep,,Substantiv,Operation,lemma,978,6.26
7711,schütteln,schudden,,,Verb,,direct,978,6.26
7712,vermissten,missen,betreuren,,Verb,vermissen,lemma,978,6.26
7713,angespannt,gespannen,,,,,direct,978,6.26
7714,folgenden,volgend,,,Adjektiv,folgend,lemma,978,6.26
7715,fantastische,fantastisch,,,Adjektiv,fantastisch,lemma,978,6.26
7716,fies,gemeen,,,Adjektiv,,direct,978,6.26
7717,warp,,,,,,none,977,6.26
7718,heilt,helen,genezen,,Verb,heilen,lemma,977,6.26
7719,auswirkungen,effect,,de,Substantiv,Auswirkung,lemma,977,6.26
7720,geschlecht,geslacht,sekse,,Substantiv,,direct,977,6.26
7721,buchhalter,boekhouder,,de,Substantiv,,direct,977,6.26
7722,drache,draak,Draak,de,Substantiv,,direct,977,6.26
7723,computerlogbuch,,,,,,none,977,6.26
7724,deuten,duiden,,,Verb,,direct,976,6.25
7725,bildung,formatie,,,Substantiv,,direct,976,6.25
7726,aufbewahrt,,,,,,none,976,6.25
7727,persönlicher,persoonlijk,,,Adjektiv,persönlich,lemma,976,6.25
7728,erpresst,,,,,,none,976,6.25
7729,sang,een appel en een ei,,,Substantiv,,direct,976,6.25
7730,hinbringen,,,,,,none,976,6.25
7731,amerikanischer,Amerikaans,,,Adjektiv,amerikanisch,lemma,976,6.25
7732,üble,kwaad,,,Substantiv,übel,lemma,975,6.24
7733,einfaches,eenvoudig,enkel; gewoonweg,,Adjektiv,einfach,lemma,975,6.24
7734,angesetzt,aanbakken,,,Verb,ansetzen,lemma,975,6.24
7735,mmm,,,,,,none,975,6.24
7736,hudson,,,,,,none,975,6.24
7737,josef,Jozef,Josef,,Substantiv,,direct,974,6.24
7738,reagan,,,,,,none,973,6.23
7739,volltreffer,roos,,de,Substantiv,,direct,973,6.23
7740,jonah,,,,,,none,973,6.23
7741,totaler,totaal,,,Adjektiv,total,lemma,973,6.23
7742,robinson,,,,,,none,973,6.23
7743,zustößt,aanvalszijde,,,Verb,zustoßen,lemma,973,6.23
7744,herrschaft,heerlijkheid,,,Substantiv,,direct,973,6.23
7745,verhören,verhoren,ondervragen; onderhoren,,Verb,,direct,973,6.23
7746,unverzüglich,onverwijld,terstond,,Adjektiv,,direct,973,6.23
7747,christina,Christina,,,Substantiv,,direct,972,6.22
7748,bemüht,,,,,,none,972,6.22
7749,aufgefunden,,,,,,none,972,6.22
7750,unfähig,onbekwaam,,,Adjektiv,,direct,972,6.22
7751,stellten,plaatsen,stellen; vragen,,Verb,stellen,lemma,972,6.22
7752,mi,,,,,,none,972,6.22
7753,ursprünglich,oorspronkelijk,,,Adjektiv,,direct,972,6.22
7754,distanz,afstand,,de,Substantiv,,direct,972,6.22
7755,rufus,,,,,,none,971,6.22
7756,verheimlichen,verbergen,,,Verb,,direct,971,6.22
7757,verstorben,overleden,,,Adjektiv,,direct,971,6.22
7758,göttern,God,god,de,Substantiv,Gott,lemma,971,6.22
7759,hunden,hond,,de,Substantiv,Hund,lemma,971,6.22
7760,letztens,de laatste tijd,,,Adverb,,direct,970,6.21
7761,jasper,,,,,,none,970,6.21
7762,napoleon,,,,,,none,970,6.21
7763,joshua,,,,,,none,970,6.21
7764,billigen,goedkeuren,billijken; toestemming geven,,Verb,,direct,969,6.20
7765,verschont,,,,,,none,969,6.20
7766,rendezvous,date,,,Substantiv,,direct,969,6.20
7767,empfehlung,aanbeveling,,de,Substantiv,,direct,969,6.20
7768,handgelenk,pols,handgewricht,,Substantiv,,direct,968,6.20
7769,boten,bieden,,,Verb,bieten,lemma,968,6.20
7770,unterzeichnen,ondertekenen,,,Verb,,direct,968,6.20
7771,belasten,chargeren,,,Verb,,direct,968,6.20
7772,speziellen,speciaal,eigenaardig,,Adjektiv,speziell,lemma,968,6.20
7773,literatur,literatuur,letterkunde,,Substantiv,,direct,968,6.20
7774,landete,landen,,,Verb,landen,lemma,967,6.19
7775,gelangt,lukken,slagen,,Verb,gelingen,lemma,967,6.19
7776,cooler,gaaf,,,Adjektiv,cool,lemma,967,6.19
7777,quer,dwars,,,Adverb,,direct,967,6.19
7778,satelliten,satelliet,,,Substantiv,Satellit,lemma,967,6.19
7779,triff,treffen,,,Substantiv,treffen,lemma,967,6.19
7780,analysieren,analyseren,ontleden,,Verb,,direct,967,6.19
7781,zuhälter,pooier,,,Substantiv,,direct,966,6.19
7782,zutiefst,diep,,,Adverb,,direct,966,6.19
7783,geleitet,leiden,runnen,,Verb,leiten,lemma,966,6.19
7784,schlachten,slachten,,,Verb,,direct,965,6.18
7785,angestellte,aangestelde,,,Substantiv,,direct,965,6.18
7786,gestalten,vormen,opstellen; organiseren; vorm geven,,Verb,,direct,965,6.18
7787,köpfen,onthoofden,koppen,,Verb,,direct,965,6.18
7788,stipendium,studiebeurs,beurs,,Substantiv,,direct,964,6.17
7789,illegale,illegaal,,,Adjektiv,illegal,lemma,964,6.17
7790,vergiften,vergiftigen,,,Verb,,direct,964,6.17
7791,here,,,,,,none,964,6.17
7792,feiert,vieren,,,Verb,feiern,lemma,964,6.17
7793,bewundern,bewonderen,,,Verb,,direct,964,6.17
7794,herbert,,,,,,none,964,6.17
7795,furchtbaren,verschrikkelijk,,,Adjektiv,furchtbar,lemma,964,6.17
7796,hüfte,heup,,,Substantiv,,direct,964,6.17
7797,involviert,geïnvolveerd,,,,,direct,964,6.17
7798,wurf,worp,,,Substantiv,,direct,963,6.17
7799,maschinenraum,machinekamer,,,,,direct,963,6.17
7800,inspiration,inspiratie,,,Substantiv,,direct,963,6.17
7801,ohio,,,,,,none,963,6.17
7802,samen,sperma,,,Substantiv,,direct,963,6.17
7803,hinterhalt,hinderlaag,bijgedachte; terughoudenheid; ruggensteun,,Substantiv,,direct,962,6.16
7804,gewahrsam,aanhouding,,,Substantiv,,direct,962,6.16
7805,schweres,zwaar,moeilijk,,Adjektiv,schwer,lemma,962,6.16
7806,einatmen,inademen,,,Verb,,direct,962,6.16
7807,zurückhalten,houden,,,Verb,,direct,962,6.16
7808,schlampen,,,,,,none,962,6.16
7809,parfüm,parfum,,,Substantiv,,direct,961,6.15
7810,präsidentin,president,,,Substantiv,,direct,961,6.15
7811,abe,,,,,,none,961,6.15
7812,entlassung,ontslag,,,Substantiv,,direct,961,6.15
7813,todesstrafe,doodstraf,,,Substantiv,,direct,960,6.15
7814,ausgebrochen,,,,,,none,960,6.15
7815,wegfahren,wegvoeren,,,Verb,,direct,960,6.15
7816,sultan,sultan,,,Substantiv,,direct,960,6.15
7817,hauch,zweem,,,Substantiv,,direct,960,6.15
7818,abstellen,parkeren,,,Verb,,direct,959,6.14
7819,pornos,porno,,,Substantiv,Porno,lemma,959,6.14
7820,erklärte,uitleggen,uit de doeken doen,,Verb,erklären,lemma,959,6.14
7821,produzieren,vervaardigen,fabriceren,,Verb,,direct,959,6.14
7822,müller,molenaar,,de,Substantiv,,direct,958,6.13
7823,gehängt,hangen,ophangen,,Verb,hängen,lemma,958,6.13
7824,weinte,huilen,blèren; wenen,,Verb,weinen,lemma,958,6.13
7825,routine,routine,,,Substantiv,,direct,958,6.13
7826,merci,,,,,,none,957,6.13
7827,nellie,,,,,,none,957,6.13
7828,xander,,,,,,none,957,6.13
7829,schneid,nerf,,,Substantiv,,direct,957,6.13
7830,kluge,intelligent,knap,,Adjektiv,klug,lemma,957,6.13
7831,heart,,,,,,none,957,6.13
7832,ländern,land,grond,het,Substantiv,Land,lemma,957,6.13
7833,bevorzuge,prefereren,,,Verb,bevorzugen,lemma,957,6.13
7834,ctu,,,,,,none,957,6.13
7835,umkreis,omtrek,,de,Substantiv,,direct,957,6.13
7836,beschwerden,klacht,,,Substantiv,Beschwerde,lemma,957,6.13
7837,teufels,duivel,duvel,de,Substantiv,Teufel,lemma,956,6.12
7838,brooke,,,,,,none,956,6.12
7839,genehmigt,,,,,,none,956,6.12
7840,bildern,beeld,,,Substantiv,Bild,lemma,956,6.12
7841,scheißen,schijten,,,Verb,,direct,956,6.12
7842,schenkte,schenken,geven,,Verb,schenken,lemma,956,6.12
7843,erschlagen,doden,,,Verb,,direct,955,6.12
7844,irland,Ierland,,het,Substantiv,,direct,955,6.12
7845,yard,yard,,,Substantiv,,direct,955,6.12
7846,journalisten,journalist,,de,Substantiv,Journalist,lemma,955,6.12
7847,fände,vinden,,,Verb,finden,lemma,955,6.12
7848,zurückkomme,terugkomen,,,Verb,zurückkommen,lemma,955,6.12
7849,ärmel,mouw,,,Substantiv,,direct,955,6.12
7850,fließen,vloeien,stromen,,Verb,,direct,955,6.12
7851,arabisch,Arabisch,,,Adjektiv,,direct,954,6.11
7852,verfolge,vervolgen,,,Verb,verfolgen,lemma,954,6.11
7853,juckt,jeuken,,,Verb,jucken,lemma,954,6.11
7854,männliche,mannelijk,,,Adjektiv,männlich,lemma,954,6.11
7855,klingonen,Klingon,,,Substantiv,Klingone,lemma,954,6.11
7856,zerrissen,,,,,,none,953,6.10
7857,tausch,ruil,,,Substantiv,,direct,953,6.10
7858,schlaganfall,cerebrovasculair accident,,,Substantiv,,direct,953,6.10
7859,johannes,Jan,Johannes,,Substantiv,,direct,953,6.10
7860,popcorn,popcorn,pof-maïs; pofmais,,Substantiv,,direct,953,6.10
7861,gärtner,tuinman,hovenier,,Substantiv,,direct,953,6.10
7862,bläst,blazen,pijpen,,Verb,blasen,lemma,953,6.10
7863,jet,jet,,de,Substantiv,,direct,953,6.10
7864,chester,,,,,,none,952,6.10
7865,garantie,garantie,,de,Substantiv,,direct,952,6.10
7866,ändere,wijzigen,,,Verb,ändern,lemma,952,6.10
7867,jessie,,,,,,none,952,6.10
7868,anstand,fatsoen,,,Substantiv,,direct,952,6.10
7869,power,machten,,,Substantiv,,direct,952,6.10
7870,junkie,junk,junkie,,Substantiv,,direct,951,6.09
7871,vati,pappje,,,Substantiv,,direct,951,6.09
7872,topf,pot,,de,Substantiv,,direct,951,6.09
7873,packe,inpakken,,,Verb,packen,lemma,951,6.09
7874,knöpfe,badge,,,Verb,knöpfen,lemma,951,6.09
7875,aussehe,,,,,,none,950,6.08
7876,verabschiedet,,,,,,none,950,6.08
7877,bedürfnis,behoefte,,de,Substantiv,,direct,950,6.08
7878,nähen,naaien,,,Verb,,direct,950,6.08
7879,sprecher,spreekster,,,Substantiv,,direct,950,6.08
7880,chemie,chemie,scheikunde,de,Substantiv,,direct,950,6.08
7881,hinweisen,tonen,,,Verb,,direct,949,6.08
7882,stumm,stom,,,Adjektiv,,direct,948,6.07
7883,zusammenhalten,bijeenhouden,,,,,direct,948,6.07
7884,geradezu,onafhankelijk,,,Adverb,,direct,948,6.07
7885,mitzunehmen,meenemen,,,Verb,mitnehmen,lemma,948,6.07
7886,weite,breedte,,de,Substantiv,,direct,948,6.07
7887,lori,,,,,,none,948,6.07
7888,rippen,rippen,,,Verb,,direct,948,6.07
7889,kühl,koel,fris,,Adjektiv,,direct,948,6.07
7890,dahinten,,,,,,none,947,6.06
7891,techniker,technicus,,,Substantiv,,direct,947,6.06
7892,abel,Abel,,,Substantiv,,direct,947,6.06
7893,betet,bidden,,,Verb,beten,lemma,947,6.06
7894,beachten,observeren,,,Verb,,direct,947,6.06
7895,baute,bouwen,,,Verb,bauen,lemma,947,6.06
7896,bonjour,,,,,,none,947,6.06
7897,schecks,cheque,,de,Substantiv,Scheck,lemma,947,6.06
7898,ausgabe,editie,,,Substantiv,,direct,947,6.06
7899,boyd,,,,,,none,947,6.06
7900,vermasseln,bereiden,,,Verb,,direct,946,6.06
7901,nötige,dwingen,,,Verb,nötigen,lemma,946,6.06
7902,südlich,zuidelijk,zuid,,Adjektiv,,direct,946,6.06
7903,gramm,gram,,de,Substantiv,,direct,946,6.06
7904,laken,laken,,,Substantiv,,direct,946,6.06
7905,bildet,vormen,,,Verb,bilden,lemma,946,6.06
7906,bewahre,bewaren,,,Verb,bewahren,lemma,946,6.06
7907,leises,stil,zacht; zachtjes; fijn,,Adjektiv,leise,lemma,946,6.06
7908,lastwagen,vrachtwagen,,,Substantiv,,direct,945,6.05
7909,kritik,kritiek,,,Substantiv,,direct,945,6.05
7910,stürzte,vallen,,,Verb,stürzen,lemma,945,6.05
7911,behält,houden,,,Verb,behalten,lemma,945,6.05
7912,sofern,aangenomen,,,Subjunktion,,direct,945,6.05
7913,vermisste,missen,betreuren,,Verb,vermissen,lemma,945,6.05
7914,entsetzlich,verschrikkelijk,abominabel,,Adjektiv,,direct,945,6.05
7915,francine,,,,,,none,945,6.05
7916,ermittler,onderzoeker,,,Substantiv,,direct,945,6.05
7917,nikki,,,,,,none,945,6.05
7918,aufgestanden,opstaan,overeindkomen,,Verb,aufstehen,lemma,945,6.05
7919,fälschung,vervalsing,,,Substantiv,,direct,944,6.04
7920,visiontext,,,,,,none,944,6.04
7921,abschnitt,sector,segment; stuk; periode,,Substantiv,,direct,944,6.04
7922,hausarrest,huisarrest,,,,,direct,944,6.04
7923,sensibel,gevoelig,,,Adjektiv,,direct,944,6.04
7924,album,album,,,Substantiv,,direct,944,6.04
7925,lebewesen,levend wezen,,,Substantiv,,direct,944,6.04
7926,lösegeld,losgeld,losprijs,,Substantiv,,direct,944,6.04
7927,verwechselt,,,,,,none,944,6.04
7928,prügeln,(in elkaar) slaan,knokken,,Verb,,direct,944,6.04
7929,regnen,regenen,,,Verb,,direct,943,6.04
7930,weichen,deinzen,,,Verb,,direct,943,6.04
7931,point,,,,,,none,943,6.04
7932,pussy,eitje,,,Substantiv,,direct,943,6.04
7933,anvertrauen,toevertrouwen,,,Verb,,direct,942,6.03
7934,ollie,,,,,,none,942,6.03
7935,kuppel,koepel,,de,Substantiv,,direct,942,6.03
7936,verließen,,,,,,none,942,6.03
7937,jakob,Jacob,Jacobus; Sjaak,,Substantiv,,direct,942,6.03
7938,besuchte,bezoeken,opzoeken,,Verb,besuchen,lemma,942,6.03
7939,gewerkschaft,vakbond,,de,Substantiv,,direct,942,6.03
7940,herhören,aanhoren,,,Verb,,direct,942,6.03
7941,vorbeigekommen,langskomen,,,Verb,vorbeikommen,lemma,941,6.03
7942,stärken,versterken,,,Verb,,direct,941,6.03
7943,hinzu,zo,,,Adverb,,direct,941,6.03
7944,wrack,wrak,,,Substantiv,,direct,941,6.03
7945,knarren,knarsen,,,Verb,,direct,940,6.02
7946,treibstoff,motorbrandstof,,,Substantiv,,direct,940,6.02
7947,signale,sein,teken,,Substantiv,Signal,lemma,940,6.02
7948,nachkommen,nazaat,,,Verb,,direct,940,6.02
7949,hoppla,oeps,,,Interjektion,,direct,940,6.02
7950,verborgen,verscholen,,,Adjektiv,,direct,940,6.02
7951,belegt,bezig,,,Adjektiv,,direct,939,6.01
7952,babylon,Babylon,Babel,,Substantiv,,direct,939,6.01
7953,waisenhaus,weeshuis,,,Substantiv,,direct,939,6.01
7954,brasilien,Brazilië,,,Substantiv,,direct,939,6.01
7955,bitteschön,,,,,,none,939,6.01
7956,wurmloch,wormgat,,,,,direct,939,6.01
7957,alters,,,,,,none,939,6.01
7958,deb,,,,,,none,938,6.01
7959,fee,fee,,,Substantiv,,direct,938,6.01
7960,milton,,,,,,none,938,6.01
7961,quarantäne,quarantaine,,,Substantiv,,direct,938,6.01
7962,kommunisten,communist,,,Substantiv,Kommunist,lemma,938,6.01
7963,stiftung,stichting,,de,Substantiv,,direct,937,6.00
7964,milo,,,,,,none,937,6.00
7965,gestapo,Gestapo,,,Substantiv,,direct,937,6.00
7966,verreisen,ga weg!,,,Verb,,direct,936,5.99
7967,halleluja,halleluja,hallelujah,,Interjektion,,direct,936,5.99
7968,süchtig,verslaafd,,,Adjektiv,,direct,936,5.99
7969,jammern,klagen,,,Verb,,direct,936,5.99
7970,hofft,hopen,,,Verb,hoffen,lemma,936,5.99
7971,wertvolle,waardevol,,,Adjektiv,wertvoll,lemma,936,5.99
7972,maulwurf,mol,,de,Substantiv,,direct,936,5.99
7973,konflikt,conflict,geschil,,Substantiv,,direct,936,5.99
7974,turnier,toernooi,,,Substantiv,,direct,936,5.99
7975,gebacken,,,,,,none,936,5.99
7976,rauszufinden,,,,,,none,936,5.99
7977,taube,duif,dove,,Substantiv,,direct,935,5.99
7978,mais,maïs,mais; Turkse tarwe,,Substantiv,,direct,935,5.99
7979,nüsse,noot,,de,Substantiv,Nuss,lemma,935,5.99
7980,trieb,aandrift,,,Substantiv,,direct,935,5.99
7981,eigenschaften,eigenschap,,de,Substantiv,Eigenschaft,lemma,934,5.98
7982,feder,veer,pluim; veder,,Substantiv,,direct,934,5.98
7983,sänger,zanger,vocalist,de,Substantiv,,direct,934,5.98
7984,elias,Elia,,,Substantiv,,direct,934,5.98
7985,dessert,dessert,,,Substantiv,,direct,934,5.98
7986,rathaus,stadhuis,raadhuis,,Substantiv,,direct,934,5.98
7987,drohungen,bedreiging,,de,Substantiv,Drohung,lemma,934,5.98
7988,bewirken,veroorzaken,,,Verb,,direct,933,5.97
7989,mörderin,moordenaar,moordenaarster,de,Substantiv,,direct,933,5.97
7990,edith,,,,,,none,933,5.97
7991,wanne,badkuip,,,Substantiv,,direct,933,5.97
7992,durchkommen,doorkruisen,,,Verb,,direct,933,5.97
7993,reid,,,,,,none,933,5.97
7994,mandy,,,,,,none,932,5.97
7995,vertraute,innig,,,Substantiv,,direct,932,5.97
7996,schätzt,schatten,,,Verb,schätzen,lemma,932,5.97
7997,freuden,vreugde,,,Substantiv,Freude,lemma,932,5.97
7998,dauer,duur,,de,Substantiv,,direct,932,5.97
7999,regt,regen,,de,Substantiv,regen,lemma,932,5.97
8000,verbessert,,,,,,none,932,5.97
8001,unerwartet,onverwacht,,,Adjektiv,,direct,932,5.97
8002,drogendealer,dealer,,,Substantiv,,direct,932,5.97
8003,gefährlichen,gevaarlijk,gevaarlijke,,Adjektiv,gefährlich,lemma,931,5.96
8004,fach,vak,,,Substantiv,,direct,931,5.96
8005,verdanke,dienen,,,Verb,verdanken,lemma,931,5.96
8006,wohnungen,woning,kwartier; logies; onderkomen,,Substantiv,Wohnung,lemma,931,5.96
8007,commissioner,,,,,,none,930,5.96
8008,cross,,,,,,none,930,5.96
8009,kragen,boord,halsboord,,Substantiv,,direct,930,5.96
8010,schwachen,zwak,,,Adjektiv,schwach,lemma,930,5.96
8011,mercedes,,,,,,none,930,5.96
8012,klirren,kletteren,,,Verb,,direct,930,5.96
8013,valentinstag,Valentijnsdag,,,Substantiv,,direct,929,5.95
8014,anstelle,in plaats van,,,Präposition,,direct,929,5.95
8015,plane,dekzeil,huif; landbouwplastic,,Substantiv,,direct,929,5.95
8016,reizende,aanbiddelijk,,,Adjektiv,reizend,lemma,929,5.95
8017,höheren,hoog,omhoog,,Adjektiv,hoch,lemma,928,5.94
8018,markiert,,,,,,none,928,5.94
8019,ehrenwort,erewoord,,,Substantiv,,direct,928,5.94
8020,cheers,bedankt,,,Interjektion,,direct,927,5.94
8021,schlamm,modder,slijk; bagger; blubber,de,Substantiv,,direct,927,5.94
8022,wälder,bos,woud,,Substantiv,Wald,lemma,927,5.94
8023,diner,diner,,,Substantiv,,direct,927,5.94
8024,handlung,plot,,,Substantiv,,direct,927,5.94
8025,costa,,,,,,none,926,5.93
8026,versauen,aanmodderen,,,Verb,,direct,926,5.93
8027,klassiker,klassieker,,de,Substantiv,,direct,926,5.93
8028,stange,stang,,,Substantiv,,direct,926,5.93
8029,empfohlen,,,,,,none,926,5.93
8030,cynthia,,,,,,none,926,5.93
8031,gaby,,,,,,none,926,5.93
8032,rauswerfen,,,,,,none,926,5.93
8033,mechaniker,mecanicien,,,Substantiv,,direct,926,5.93
8034,beichten,biechten,opbiechten,,Verb,,direct,926,5.93
8035,abkürzung,afkorting,,de,Substantiv,,direct,926,5.93
8036,professionell,deskundig,,,Adjektiv,,direct,925,5.92
8037,begräbnis,begrafenis,graf; groeve,,Substantiv,,direct,925,5.92
8038,verführen,verleiden,,,Verb,,direct,925,5.92
8039,meinerseits,mijnerzijds,,,Adverb,,direct,925,5.92
8040,valerie,,,,,,none,925,5.92
8041,magischen,magisch,,,Adjektiv,magisch,lemma,925,5.92
8042,ellis,,,,,,none,925,5.92
8043,dienstmädchen,dienstmeisje,,,Substantiv,,direct,925,5.92
8044,chirurg,chirurg,,de,Substantiv,,direct,925,5.92
8045,wal,walvis,,,Substantiv,,direct,925,5.92
8046,paare,paren,,,Verb,paaren,lemma,925,5.92
8047,center,centraal,,,Substantiv,,direct,925,5.92
8048,sähe,,,,,,none,924,5.92
8049,aufgemacht,openen,opendoen; openmaken,,Verb,aufmachen,lemma,924,5.92
8050,leide,lijden,,,Verb,leiden,lemma,924,5.92
8051,amüsant,aangenaam,,,Adjektiv,,direct,924,5.92
8052,obersten,kelner,,,Substantiv,ober,lemma,924,5.92
8053,fletcher,,,,,,none,924,5.92
8054,gerührt,ontroeren,roeren; bewegen; zich verroeren,,Verb,rühren,lemma,924,5.92
8055,schwänze,spijbelen,,,Verb,schwänzen,lemma,924,5.92
8056,note,noot,cijfer,de,Substantiv,,direct,924,5.92
8057,datei,bestand,,,Substantiv,,direct,923,5.91
8058,zugleich,tegelijkertijd,,,Adverb,,direct,923,5.91
8059,nackte,naakt,bloot; kaal,,Adjektiv,nackt,lemma,923,5.91
8060,doppelten,alleenstaand,,,Verb,doppeln,lemma,923,5.91
8061,bewundert,,,,,,none,923,5.91
8062,dimension,afmeting,,,Substantiv,,direct,922,5.90
8063,quere,doorkruisen,,,Verb,queren,lemma,922,5.90
8064,wecker,wekker,,de,Substantiv,,direct,922,5.90
8065,entstanden,ontstaan,,,Verb,entstehen,lemma,922,5.90
8066,kreischen,krijsen,,,Verb,,direct,922,5.90
8067,vivian,,,,,,none,921,5.90
8068,läden,winkel,,de,Substantiv,Laden,lemma,921,5.90
8069,ios,,,,,,none,921,5.90
8070,lobby,lobby,,de,Substantiv,,direct,921,5.90
8071,umgezogen,verhuizen,omkleden,,Verb,umziehen,lemma,920,5.89
8072,angeklagte,beklaagde,,,Substantiv,,direct,920,5.89
8073,perlen,kraal,,,Verb,,direct,920,5.89
8074,schwulen,homo,,,Adjektiv,schwul,lemma,920,5.89
8075,dutzende,dozijn,twaalftal,,Substantiv,Dutzend,lemma,919,5.88
8076,simmons,,,,,,none,919,5.88
8077,aufgezogen,grootbrengen,,,Verb,aufziehen,lemma,919,5.88
8078,campus,campus,,,Substantiv,,direct,919,5.88
8079,herd,fornuis,,,Substantiv,,direct,919,5.88
8080,hospital,gasthuis,,,Substantiv,,direct,919,5.88
8081,leichtes,licht,gemakkelijk; makkelijk,,Adjektiv,leicht,lemma,918,5.88
8082,rich,,,,,,none,918,5.88
8083,gegrüßt,begroeten,,,Verb,grüßen,lemma,918,5.88
8084,aufsicht,toezicht,,,Substantiv,,direct,918,5.88
8085,hündchen,puppy,,de,Substantiv,,direct,918,5.88
8086,gegenstand,voorwerp,,,Substantiv,,direct,918,5.88
8087,tageslicht,daglicht,,,Substantiv,,direct,916,5.87
8088,emotionale,emotioneel,,,Adjektiv,emotional,lemma,916,5.87
8089,clean,blanco,,,Adjektiv,,direct,916,5.87
8090,cassie,,,,,,none,916,5.87
8091,sünder,zondaar,,,Substantiv,,direct,916,5.87
8092,beträgt,zich gedragen,,,Verb,betragen,lemma,916,5.87
8093,wunderschönes,wonderbaarlijk,,,Adjektiv,wunderschön,lemma,916,5.87
8094,schickst,sturen,,,Verb,schicken,lemma,916,5.87
8095,weiblichen,vrouwelijk,,,Adjektiv,weiblich,lemma,916,5.87
8096,rauszuholen,,,,,,none,916,5.87
8097,kapier,begrijpen,,,Verb,kapieren,lemma,915,5.86
8098,rausgeholt,,,,,,none,915,5.86
8099,entworfen,,,,,,none,915,5.86
8100,eingenommen,gebruiken,,,Verb,einnehmen,lemma,915,5.86
8101,daphne,,,,,,none,915,5.86
8102,mochten,mogen,,,Verb,mögen,lemma,915,5.86
8103,köchin,kokkin,,de,Substantiv,,direct,915,5.86
8104,willi,,,,,,none,915,5.86
8105,beichte,biecht,,,Substantiv,,direct,915,5.86
8106,seven,,,,,,none,915,5.86
8107,marina,,,,,,none,914,5.85
8108,ausliefern,uitleveren,afleveren,,Verb,,direct,914,5.85
8109,perfektes,perfect,,,Adjektiv,perfekt,lemma,914,5.85
8110,glücklichen,gelukkig,fortuinlijk; voorspoedig,,Adjektiv,glücklich,lemma,914,5.85
8111,wodurch,waarbij,,,Adverb,,direct,914,5.85
8112,entsprechend,passend,,,Adjektiv,,direct,914,5.85
8113,umher,langs,,,Adverb,,direct,914,5.85
8114,erica,,,,,,none,914,5.85
8115,wurst,worst,,de,Substantiv,,direct,914,5.85
8116,notiz,aantekening,notitie; bericht; notering,de,Substantiv,,direct,913,5.85
8117,vorsprechen,,,,,,none,913,5.85
8118,bekannter,bekende,,,Substantiv,,direct,913,5.85
8119,antrieb,drijvende kracht,,,Substantiv,,direct,913,5.85
8120,zwerge,dwerg,dwergster,,Substantiv,Zwerg,lemma,913,5.85
8121,trösten,troosten,,,Verb,,direct,913,5.85
8122,armut,armoede,tekort,,Substantiv,,direct,913,5.85
8123,verbannt,,,,,,none,912,5.84
8124,parade,parade,,,Substantiv,,direct,912,5.84
8125,konzentriere,concentreren,,,Verb,konzentrieren,lemma,912,5.84
8126,angefahren,,,,,,none,912,5.84
8127,kindisch,infantiel,,,Adjektiv,,direct,911,5.83
8128,krüppel,kreupele,,,Substantiv,,direct,911,5.83
8129,kreisen,cirkelen,,,Verb,,direct,911,5.83
8130,bestrafung,bestraffing,straf,,Substantiv,,direct,911,5.83
8131,araber,Arabier,,,Substantiv,,direct,910,5.83
8132,klebt,lijmen,,,Verb,kleben,lemma,910,5.83
8133,perücke,pruik,,,Substantiv,,direct,910,5.83
8134,gemma,,,,,,none,910,5.83
8135,hummer,zeekreeft,hommer; kreeft,,Substantiv,,direct,910,5.83
8136,se,,,,,,none,910,5.83
8137,june,,,,,,none,910,5.83
8138,wimmert,jammeren,,,Verb,wimmern,lemma,910,5.83
8139,drittel,derde,,,Substantiv,,direct,909,5.82
8140,budget,begroting,budget,de,Substantiv,,direct,909,5.82
8141,lieferwagen,bestelwagen,,de,Substantiv,,direct,909,5.82
8142,shannon,,,,,,none,909,5.82
8143,zurückgebracht,,,,,,none,909,5.82
8144,verschwiegen,bescheiden,,,Adjektiv,,direct,908,5.81
8145,drang,aandrang,,,Substantiv,,direct,908,5.81
8146,redeten,spreken,praten,,Verb,reden,lemma,908,5.81
8147,chi,,,,,,none,908,5.81
8148,herzukommen,,,,,,none,908,5.81
8149,anhängen,aanwrijven,,,Verb,,direct,908,5.81
8150,einsame,eenzaam,enig,,Adjektiv,einsam,lemma,908,5.81
8151,wu,,,,,,none,908,5.81
8152,wraith,,,,,,none,908,5.81
8153,erwartete,verwachten,,,Verb,erwarten,lemma,908,5.81
8154,tierarzt,dierenarts,,,Substantiv,,direct,908,5.81
8155,cousins,neef,,de,Substantiv,Cousin,lemma,907,5.81
8156,zudem,bijkomend,daarnaast,,Konjunktionaladverb,,direct,907,5.81
8157,sturz,val,latei; stort,de,Substantiv,,direct,907,5.81
8158,rusty,,,,,,none,907,5.81
8159,untergehen,zinken,,,Verb,,direct,906,5.80
8160,gelang,aankomen,,,Verb,gelangen,lemma,906,5.80
8161,wasch,wassen,,,Verb,waschen,lemma,906,5.80
8162,schmutzigen,vuil,smerig,,Adjektiv,schmutzig,lemma,906,5.80
8163,abkommen,akkoord,overeenkomst; schikking; convenant,,Substantiv,,direct,906,5.80
8164,tänzer,danser,,,Substantiv,,direct,906,5.80
8165,dürften,mogen,,,Verb,dürfen,lemma,905,5.79
8166,erstatten,terugbetalen,,,Verb,,direct,905,5.79
8167,verarbeiten,uitvoeren,,,Verb,,direct,905,5.79
8168,verfügbar,beschikbaar,,,Adjektiv,,direct,905,5.79
8169,autobahn,autosnelweg,snelweg,de,Substantiv,,direct,905,5.79
8170,mandant,cliënt,,de,Substantiv,,direct,905,5.79
8171,clubs,,,,,,none,905,5.79
8172,lukas,Lukas,Lucas,,Substantiv,,direct,905,5.79
8173,widmen,opdragen,dedicaceren; toewijzen,,Verb,,direct,905,5.79
8174,sprichwort,spreekwoord,,,Substantiv,,direct,904,5.79
8175,hierfür,aan,,,Adverb,,direct,904,5.79
8176,vergeltung,vergelding,,,Substantiv,,direct,904,5.79
8177,hardy,,,,,,none,904,5.79
8178,gekleidet,aankleden,,,Verb,kleiden,lemma,904,5.79
8179,fotografiert,,,,,,none,904,5.79
8180,knallen,knallen,,,Verb,,direct,904,5.79
8181,wichtigeres,belangrijk,,,Adjektiv,wichtig,lemma,904,5.79
8182,immerzu,,,,,,none,904,5.79
8183,schuldgefühle,,,,,,none,903,5.78
8184,schnurrbart,snor,knevel,,Substantiv,,direct,903,5.78
8185,genügen,voldoen,voldoende,,Verb,,direct,903,5.78
8186,rumlaufen,,,,,,none,903,5.78
8187,brötchen,broodje,,,Substantiv,,direct,903,5.78
8188,flut,vloed,hoogtij,de,Substantiv,,direct,903,5.78
8189,haushalt,huishouding,,,Substantiv,,direct,903,5.78
8190,angelo,,,,,,none,903,5.78
8191,cleveland,,,,,,none,903,5.78
8192,ministerium,ministerie,,,Substantiv,,direct,903,5.78
8193,aufgestellt,opbouwen,,,Verb,aufstellen,lemma,903,5.78
8194,est,,,,,,none,903,5.78
8195,anker,anker,,het,Substantiv,,direct,902,5.78
8196,wang,,,,,,none,902,5.78
8197,qual,kwaal,kwelling,,Substantiv,,direct,902,5.78
8198,rauschen,ruisen,,,Verb,,direct,902,5.78
8199,debatte,debat,,,Substantiv,,direct,902,5.78
8200,informant,informant,,,Substantiv,,direct,902,5.78
8201,masse,massa,,,Substantiv,,direct,902,5.78
8202,insekten,insect,,het,Substantiv,Insekt,lemma,902,5.78
8203,lud,winkel,,de,Substantiv,laden,lemma,902,5.78
8204,glotzt,gapen,,,Verb,glotzen,lemma,901,5.77
8205,rückseite,achterkant,rugzijde,de,Substantiv,,direct,901,5.77
8206,spezialität,specialiteit,,,Substantiv,,direct,901,5.77
8207,schimmer,zweem,,,Substantiv,,direct,901,5.77
8208,mordfall,,,,,,none,901,5.77
8209,verbieten,verbieden,,,Verb,,direct,901,5.77
8210,terrorist,terrorist,,,Substantiv,,direct,901,5.77
8211,sirenen,sirene,zeemeermin,de,Substantiv,Sirene,lemma,901,5.77
8212,theorien,theorie,,de,Substantiv,Theorie,lemma,901,5.77
8213,kichern,grinniken,giechelen,,Verb,,direct,901,5.77
8214,positive,positief,,,Adjektiv,positiv,lemma,901,5.77
8215,gestresst,,,,,,none,900,5.76
8216,korea,Korea,,,Substantiv,,direct,900,5.76
8217,zeitschrift,tijdschrift,magazine,,Substantiv,,direct,900,5.76
8218,wildnis,wildernis,,,Substantiv,,direct,900,5.76
8219,menschlicher,menselijk,,,Adjektiv,menschlich,lemma,900,5.76
8220,schlamassel,brilduiker,,,Substantiv,,direct,899,5.76
8221,behindert,andersvalide,,,Adjektiv,,direct,899,5.76
8222,überbringen,afleveren,,,Verb,,direct,899,5.76
8223,reingezogen,afmelden,,,Verb,reinziehen,lemma,899,5.76
8224,mitzuteilen,mededelen,,,Verb,mitteilen,lemma,899,5.76
8225,zurückkam,terugkomen,,,Verb,zurückkommen,lemma,898,5.75
8226,abstimmung,stemming,,de,Substantiv,,direct,898,5.75
8227,dritt,,,,,,none,898,5.75
8228,senat,senaat,,,Substantiv,,direct,898,5.75
8229,mittags,'s middags,,,,,direct,898,5.75
8230,marshal,,,,,,none,898,5.75
8231,bridge,bridge,,,Substantiv,,direct,898,5.75
8232,price,,,,,,none,898,5.75
8233,raucht,roken,smoren,,Verb,rauchen,lemma,898,5.75
8234,veranstalten,organiseren,,,Verb,,direct,897,5.74
8235,jahreszeit,jaargetijde,jaargetij; seizoen,het,Substantiv,,direct,897,5.74
8236,zusätzliche,aanvullend,,,Adjektiv,zusätzlich,lemma,897,5.74
8237,want,want,,de,Substantiv,,direct,897,5.74
8238,drucken,drukken,,,Verb,,direct,897,5.74
8239,segel,zeil,,,Substantiv,,direct,897,5.74
8240,crowley,,,,,,none,896,5.74
8241,bezahlte,betalen,,,Verb,bezahlen,lemma,896,5.74
8242,überflüssig,overbodig,overtollig,,Adjektiv,,direct,896,5.74
8243,taschentuch,zakdoek,,,Substantiv,,direct,896,5.74
8244,square,,,,,,none,895,5.73
8245,rockmusik,rockmuziek,,,Substantiv,,direct,895,5.73
8246,beschleunigen,versnellen,bespoedigen,,Verb,,direct,895,5.73
8247,wählte,kiezen,verkiezen,,Verb,wählen,lemma,895,5.73
8248,lustiger,grappig,,,Adjektiv,lustig,lemma,895,5.73
8249,marian,,,,,,none,895,5.73
8250,glocken,klok,bel,,Substantiv,Glocke,lemma,894,5.72
8251,tennis,tennis,,,Substantiv,,direct,894,5.72
8252,seither,met ingang van,,,Adverb,,direct,894,5.72
8253,christen,christen,,,Substantiv,Christ,lemma,893,5.72
8254,überqueren,oversteken,,,Verb,,direct,893,5.72
8255,kreuzung,kruispunt,,,Substantiv,,direct,893,5.72
8256,häusern,huis,kamer; jongen,het,Substantiv,Haus,lemma,893,5.72
8257,weiche,wissel,inschikkelijkheid; harmonie; plasticiteit,de,Substantiv,,direct,893,5.72
8258,trudy,,,,,,none,892,5.71
8259,punkten,richten,,,Verb,,direct,892,5.71
8260,henderson,,,,,,none,892,5.71
8261,verpasse,missen,,,Verb,verpassen,lemma,892,5.71
8262,potter,,,,,,none,892,5.71
8263,reinlegen,afzetten,,,Verb,,direct,892,5.71
8264,jeep,jeep,,,Substantiv,,direct,892,5.71
8265,gefilmt,,,,,,none,891,5.71
8266,hamilton,,,,,,none,891,5.71
8267,bucht,baai,bocht,de,Substantiv,,direct,891,5.71
8268,bildschirm,beeldscherm,,,Substantiv,,direct,891,5.71
8269,saufen,drinken,,,Verb,,direct,891,5.71
8270,gehackt,schoffelen,,,Verb,hacken,lemma,891,5.71
8271,eminenz,,,,,,none,891,5.71
8272,mailbox,,,,,,none,891,5.71
8273,münchen,München,,,Substantiv,,direct,891,5.71
8274,erschoss,,,,,,none,891,5.71
8275,jenkins,,,,,,none,891,5.71
8276,attentat,aanslag,,de,Substantiv,,direct,890,5.70
8277,garrett,,,,,,none,890,5.70
8278,verschwendung,verkwisting,,de,Substantiv,,direct,890,5.70
8279,bemerkte,constateren,,,Verb,bemerken,lemma,890,5.70
8280,miesen,knuddig,,,Adjektiv,mies,lemma,890,5.70
8281,zischen,blazen,,,Verb,,direct,890,5.70
8282,helf,helpen,bijstaan,,Verb,helfen,lemma,890,5.70
8283,geschirr,gerei,servies,,Substantiv,,direct,889,5.69
8284,ähnlichkeit,overeenkomst,gelijkenis,de,Substantiv,,direct,889,5.69
8285,feiglinge,lafaard,,,Substantiv,Feigling,lemma,889,5.69
8286,spass,,,,,,none,889,5.69
8287,lächelt,glimlachen,smuilen,,Verb,lächeln,lemma,889,5.69
8288,klaut,jatten,stelen,,Verb,klauen,lemma,889,5.69
8289,setzten,zetten,zitten; neerzitten,,Verb,setzen,lemma,888,5.69
8290,bon,bon,,de,Substantiv,,direct,888,5.69
8291,entwischt,,,,,,none,888,5.69
8292,rauchst,roken,smoren,,Verb,rauchen,lemma,888,5.69
8293,masken,masker,,,Substantiv,Maske,lemma,888,5.69
8294,schwimmt,zwemmen,drijven; vervagen; vervloeien,,Verb,schwimmen,lemma,888,5.69
8295,ausgezeichnete,,,,,,none,887,5.68
8296,vorname,voornaam,,de,Substantiv,,direct,887,5.68
8297,schwitzen,zweten,transpireren,,Verb,,direct,887,5.68
8298,ginger,gember,,de,Substantiv,,direct,887,5.68
8299,bourbon,Bourbon,,,Substantiv,,direct,887,5.68
8300,haust,slaan,,,Verb,hauen,lemma,886,5.67
8301,befand,zich bevinden,,,Verb,befinden,lemma,886,5.67
8302,lacey,,,,,,none,886,5.67
8303,elefant,olifant,,de,Substantiv,,direct,886,5.67
8304,annähernd,bijna,ongeveer,,Adverb,,direct,885,5.67
8305,gewebe,weefsel,,het,Substantiv,,direct,885,5.67
8306,unterschätzt,,,,,,none,885,5.67
8307,sternzeit,,,,,,none,885,5.67
8308,wachte,toezien,,,Verb,wachen,lemma,885,5.67
8309,barbie,"Babs, Babbe",,,Substantiv,,direct,885,5.67
8310,eichhörnchen,eekhoorn,eekhoren,de,Substantiv,,direct,885,5.67
8311,zerbrechen,breken,,,Verb,,direct,884,5.66
8312,poker,poker,,,Substantiv,,direct,884,5.66
8313,wechsel,wisselbrief,,de,Substantiv,,direct,884,5.66
8314,lesbe,lesbienne,,de,Substantiv,,direct,884,5.66
8315,cordelia,,,,,,none,884,5.66
8316,konten,rekening,,,Substantiv,Konto,lemma,883,5.65
8317,schleichen,sluipen,,,Verb,,direct,883,5.65
8318,strasse,stras,,,Substantiv,Strass,lemma,883,5.65
8319,höschen,slipje,,,Substantiv,,direct,883,5.65
8320,jüngsten,jong,jeugdig,,Adjektiv,jung,lemma,883,5.65
8321,niedrig,laag,lage,,Adjektiv,,direct,883,5.65
8322,sonja,,,,,,none,883,5.65
8323,klimaanlage,airconditioner,,,Substantiv,,direct,883,5.65
8324,vulkan,vulkaan,,de,Substantiv,,direct,882,5.65
8325,thea,,,,,,none,882,5.65
8326,anbetracht,,,,,,none,882,5.65
8327,lesbisch,lesbisch,,,Adjektiv,,direct,882,5.65
8328,cristina,,,,,,none,882,5.65
8329,platziert,plaatsen,,,Verb,platzieren,lemma,882,5.65
8330,abgrund,afgrond,ravijn,,Substantiv,,direct,882,5.65
8331,zeichnungen,tekening,,de,Substantiv,Zeichnung,lemma,882,5.65
8332,sinken,zinken,,,Verb,,direct,882,5.65
8333,hamburg,Hamburg,,,Substantiv,,direct,881,5.64
8334,trauern,rouwen,,,Verb,,direct,881,5.64
8335,abreise,vertrek,,,Substantiv,,direct,881,5.64
8336,dates,afspraakje,,,Substantiv,Date,lemma,881,5.64
8337,bette,gaan liggen,,,Verb,betten,lemma,881,5.64
8338,klemmt,lijmklem,,,Verb,klemmen,lemma,881,5.64
8339,ansehe,aanzien,,,Substantiv,ansehen,lemma,881,5.64
8340,lin,,,,,,none,881,5.64
8341,passend,geschikt,,,Adjektiv,,direct,880,5.63
8342,sidney,,,,,,none,880,5.63
8343,mittagspause,lunchpauze,,,Substantiv,,direct,880,5.63
8344,wettkampf,wedstrijd,,,Substantiv,,direct,879,5.63
8345,verschluckt,,,,,,none,879,5.63
8346,limo,fris,,,Substantiv,,direct,879,5.63
8347,erhebt,overeindkomen,,,Verb,erheben,lemma,879,5.63
8348,beneide,benijden,,,Verb,beneiden,lemma,878,5.62
8349,beschwerde,klacht,,,Substantiv,,direct,878,5.62
8350,erregen,opwinden,,,Verb,,direct,878,5.62
8351,überwältigt,,,,,,none,878,5.62
8352,turtle,koeren,,,Verb,turteln,lemma,878,5.62
8353,nypd,,,,,,none,878,5.62
8354,benannt,benoemen,,,Verb,benennen,lemma,878,5.62
8355,begrüßt,begroeten,,,Verb,begrüßen,lemma,878,5.62
8356,trommeln,trommel,,,Verb,,direct,878,5.62
8357,burns,,,,,,none,878,5.62
8358,hayes,,,,,,none,878,5.62
8359,fortsetzen,verdergaan,,,Verb,,direct,877,5.62
8360,geplatzt,barsten,,,Verb,platzen,lemma,877,5.62
8361,pan,,,,,,none,877,5.62
8362,mildred,,,,,,none,877,5.62
8363,erschieße,doodschieten,neerschieten,,Verb,erschießen,lemma,877,5.62
8364,locke,krul,,,Substantiv,,direct,877,5.62
8365,nachnamen,achternaam,,de,Substantiv,Nachname,lemma,877,5.62
8366,anpassen,aanpassen,,,Verb,,direct,877,5.62
8367,altmodisch,ouderwets,,,Adjektiv,,direct,877,5.62
8368,teurer,duur,dierbaar,,Adjektiv,teuer,lemma,877,5.62
8369,feuerzeug,aansteker,,de,Substantiv,,direct,876,5.61
8370,trau,trouwen,rekenen op; vertrouwen hebben; durven,,Verb,trauen,lemma,876,5.61
8371,serienmörder,seriemoordenaar,,,Substantiv,,direct,876,5.61
8372,georges,,,,,,none,876,5.61
8373,dr,,,,,,none,876,5.61
8374,durchgegangen,doorgaan,,,Verb,durchgehen,lemma,876,5.61
8375,beseitigt,,,,,,none,876,5.61
8376,alkoholiker,alcoholist,,de,Substantiv,,direct,876,5.61
8377,laßt,,,,,,none,876,5.61
8378,ganzem,heel,geheel; compleet; gaaf,,Adjektiv,ganz,lemma,875,5.60
8379,elemente,element,,,Substantiv,Element,lemma,875,5.60
8380,feinden,,,,,,none,875,5.60
8381,rückweg,,,,,,none,875,5.60
8382,amelia,,,,,,none,875,5.60
8383,abigail,Abigail,,,Substantiv,,direct,874,5.60
8384,heimweg,,,,,,none,874,5.60
8385,menschlichkeit,menselijkheid,,de,Substantiv,,direct,874,5.60
8386,signora,,,,,,none,873,5.59
8387,geheimnisvolle,mysterieus,,,Adjektiv,geheimnisvoll,lemma,873,5.59
8388,mcgee,,,,,,none,873,5.59
8389,befolgt,,,,,,none,873,5.59
8390,abreisen,buitenrijden,,,Verb,,direct,873,5.59
8391,premiere,première,,,Substantiv,,direct,873,5.59
8392,schwingen,zwaaien,,,Verb,,direct,873,5.59
8393,initiative,initiatief,,,Substantiv,,direct,873,5.59
8394,from,,,,,,none,873,5.59
8395,felicity,,,,,,none,873,5.59
8396,sexuellen,seksueel,seksuele,,Adjektiv,sexuell,lemma,873,5.59
8397,geschäftsführer,beheerder,bestuurder,de,Substantiv,,direct,872,5.58
8398,telefone,telefoon,,de,Substantiv,Telefon,lemma,872,5.58
8399,peterson,,,,,,none,872,5.58
8400,strafzettel,bekeuring,,de,Substantiv,,direct,872,5.58
8401,gelobt,loven,prijzen,,Verb,loben,lemma,872,5.58
8402,uniformen,uniform,tenue,,Substantiv,Uniform,lemma,872,5.58
8403,beschissener,schijt,,,Adjektiv,beschissen,lemma,872,5.58
8404,pulver,poeder,kruit; pulver,de,Substantiv,,direct,872,5.58
8405,welpen,welp,pup; jong,de,Substantiv,Welpe,lemma,871,5.58
8406,angesprochen,aanspreken,aankaarten; aandragen,,Verb,ansprechen,lemma,871,5.58
8407,kung,,,,,,none,871,5.58
8408,angenehme,aangenaam,,,Adjektiv,angenehm,lemma,871,5.58
8409,kostüme,kostuum,,,Substantiv,Kostüm,lemma,871,5.58
8410,nachmittags,overdag,,,Adverb,,direct,871,5.58
8411,lebewohl,,,,,,none,871,5.58
8412,reporterin,,,,,,none,871,5.58
8413,crystal,,,,,,none,870,5.57
8414,nikita,,,,,,none,870,5.57
8415,vorwand,voorwendsel,,,Substantiv,,direct,870,5.57
8416,genervt,ergeren,,,Verb,nerven,lemma,870,5.57
8417,kreditkarten,creditcard,kredietkaart,de,Substantiv,Kreditkarte,lemma,870,5.57
8418,durstig,dorstig,,,Adjektiv,,direct,870,5.57
8419,eintreffen,gebeuren,,,Verb,,direct,870,5.57
8420,nationalen,nationaal,landelijk,,Adjektiv,national,lemma,870,5.57
8421,mitteln,berekenen,,,Verb,,direct,870,5.57
8422,trauma,trauma,,,Substantiv,,direct,870,5.57
8423,beobachtung,observatie,,,Substantiv,,direct,870,5.57
8424,aufhält,verblijven,,,Verb,aufhalten,lemma,870,5.57
8425,dergleichen,dergelijk,,,Demonstrativpronomen,,direct,869,5.56
8426,erwacht,,,,,,none,869,5.56
8427,schlaft,slapen,overnachten,,Verb,schlafen,lemma,869,5.56
8428,lebenslauf,curriculum vitae,,,Substantiv,,direct,869,5.56
8429,anrufbeantworter,antwoordapparaat,,het,Substantiv,,direct,869,5.56
8430,feiner,uitstekend,,,Adjektiv,fein,lemma,869,5.56
8431,verschoben,,,,,,none,869,5.56
8432,zumachen,sluiten,,,Verb,,direct,869,5.56
8433,relativ,betrekkelijk,,,Adjektiv,,direct,869,5.56
8434,wes,,,,,,none,868,5.56
8435,rücksicht,voorkomendheid,,de,Substantiv,,direct,868,5.56
8436,lamm,lam,lamsvlees,,Substantiv,,direct,868,5.56
8437,pier,pier,Pier; zeepier,,Substantiv,,direct,868,5.56
8438,widersprechen,tegenspreken,,,Verb,,direct,867,5.55
8439,erwische,halen,pakken; betrappen; het haasje worden,,Verb,erwischen,lemma,867,5.55
8440,dachboden,zolder,,de,Substantiv,,direct,867,5.55
8441,bradley,,,,,,none,867,5.55
8442,keinesfalls,echt niet,,,Adverb,,direct,867,5.55
8443,duck,duiken,,,Verb,ducken,lemma,867,5.55
8444,bislang,tot nu toe,,,Adverb,,direct,867,5.55
8445,retter,redder,,de,Substantiv,,direct,867,5.55
8446,transportieren,transporteren,,,Verb,,direct,866,5.55
8447,anrief,opbellen,bellen; aanroepen; inroepen,,Verb,anrufen,lemma,866,5.55
8448,aufpasst,opletten,,,Verb,aufpassen,lemma,866,5.55
8449,braune,bruin,,,Adjektiv,braun,lemma,866,5.55
8450,spontan,spontaan,,,Adjektiv,,direct,866,5.55
8451,prächtig,prachtig,,,Adjektiv,,direct,865,5.54
8452,galactica,,,,,,none,865,5.54
8453,verreist,weg,,,Adjektiv,,direct,865,5.54
8454,jahrhunderten,eeuw,,,Substantiv,Jahrhundert,lemma,865,5.54
8455,pullover,trui,,,Substantiv,,direct,864,5.53
8456,ansprechen,aanspreken,aankaarten; aandragen,,Verb,,direct,864,5.53
8457,frischer,fris,vers,,Adjektiv,frisch,lemma,864,5.53
8458,queens,,,,,,none,864,5.53
8459,moon,,,,,,none,864,5.53
8460,spitzel,verklikker,,de,Substantiv,,direct,864,5.53
8461,schnellste,snel,,,Adjektiv,schnell,lemma,863,5.53
8462,bemühungen,inspanning,moeite; poging; prestatie,,Substantiv,Bemühung,lemma,863,5.53
8463,dreckiger,smerig,,,Adjektiv,dreckig,lemma,863,5.53
8464,büros,kantoor,bureau,,Substantiv,Büro,lemma,863,5.53
8465,unfälle,ongeval,ongeluk,,Substantiv,Unfall,lemma,863,5.53
8466,beamte,ambtenaar,,de,Substantiv,,direct,863,5.53
8467,angeschlossen,aansluiten,,,Verb,anschließen,lemma,863,5.53
8468,unterschiedliche,verschillend,,,Adjektiv,unterschiedlich,lemma,863,5.53
8469,kluger,intelligent,knap,,Adjektiv,klug,lemma,863,5.53
8470,stürmen,bestormen,,,Verb,,direct,863,5.53
8471,jedi,,,,,,none,863,5.53
8472,begreife,begrijpen,verstaan; bevroeden; vatten,,Verb,begreifen,lemma,862,5.52
8473,fersen,hiel,hak,,Substantiv,Ferse,lemma,862,5.52
8474,vorbereitungen,voorbereiding,,,Substantiv,Vorbereitung,lemma,862,5.52
8475,fortfahren,voortzetten,,,Verb,,direct,862,5.52
8476,produzent,producent,,de,Substantiv,,direct,862,5.52
8477,zwischenfall,episode,,,Substantiv,,direct,861,5.51
8478,zurückgezogen,terugtrekken,,,Verb,zurückziehen,lemma,861,5.51
8479,autsch,au,,,Interjektion,,direct,861,5.51
8480,ivy,,,,,,none,861,5.51
8481,riesiger,enorm,,,Adjektiv,riesig,lemma,861,5.51
8482,vorhänge,afdekken,,,Verb,vorhängen,lemma,861,5.51
8483,pflege,zorg,,,Substantiv,,direct,861,5.51
8484,rauslassen,,,,,,none,861,5.51
8485,kermit,,,,,,none,861,5.51
8486,golden,gouden,,,Adjektiv,,direct,861,5.51
8487,nachforschungen,nasporing,,,Substantiv,Nachforschung,lemma,861,5.51
8488,erfahre,ervaren,,,Adjektiv,erfahren,lemma,861,5.51
8489,kanzler,kanselier,,,Substantiv,,direct,860,5.51
8490,jin,,,,,,none,860,5.51
8491,stößt,duwen,,,Verb,stoßen,lemma,860,5.51
8492,austin,,,,,,none,860,5.51
8493,sahne,room,zaan,,Substantiv,,direct,860,5.51
8494,binde,bandage,,,Substantiv,,direct,860,5.51
8495,zwiebeln,,,,,,none,859,5.50
8496,schlitten,slee,ar,de,Substantiv,,direct,859,5.50
8497,jahrhunderte,eeuw,,,Substantiv,Jahrhundert,lemma,859,5.50
8498,talente,talent,,,Substantiv,Talent,lemma,859,5.50
8499,läßt,,,,,,none,859,5.50
8500,rennst,rennen,hollen,,Verb,rennen,lemma,859,5.50
8501,kay,,,,,,none,858,5.49
8502,erbarmen,medelijden,,,Substantiv,,direct,858,5.49
8503,verkünden,verkondigen,bekendmaken; prediken,,Verb,,direct,858,5.49
8504,vorgestern,eergisteren,voorgisteren; eergister,,Adverb,,direct,858,5.49
8505,betreiben,beoefenen,,,Verb,,direct,858,5.49
8506,starsky,,,,,,none,857,5.49
8507,mindeste,,,,,,none,857,5.49
8508,mimi,,,,,,none,857,5.49
8509,andrews,,,,,,none,857,5.49
8510,singst,zingen,,,Verb,singen,lemma,857,5.49
8511,einsätze,parool,wachtwoord,,Substantiv,Einsatz,lemma,857,5.49
8512,nötigen,dwingen,,,Verb,,direct,857,5.49
8513,egon,,,,,,none,857,5.49
8514,bemerkenswert,opmerkelijk,,,Adjektiv,,direct,857,5.49
8515,warmes,warm,,,Adjektiv,warm,lemma,856,5.48
8516,dinosaurier,dinosaurus,dinosauriër,,Substantiv,,direct,856,5.48
8517,wahrscheinlichkeit,kans,waarschijnlijkheid,,Substantiv,,direct,855,5.47
8518,worin,,,,,,none,855,5.47
8519,rabbi,rabbi,,,Substantiv,,direct,855,5.47
8520,nachfrage,vraag,,,Substantiv,,direct,854,5.47
8521,unwohl,ambetant,,,Adjektiv,,direct,854,5.47
8522,pony,pony,,,Substantiv,,direct,854,5.47
8523,materie,materie,,,Substantiv,,direct,854,5.47
8524,verpisst,,,,,,none,854,5.47
8525,leuchtet,schijnen,,,Verb,leuchten,lemma,854,5.47
8526,wehtut,pijn doen,,,Verb,wehtun,lemma,854,5.47
8527,unterwelt,onderwereld,,,Substantiv,,direct,853,5.46
8528,irrt,vergissen,,,Verb,irren,lemma,853,5.46
8529,prüfungen,beproeving,,de,Substantiv,Prüfung,lemma,853,5.46
8530,vertrieben,,,,,,none,853,5.46
8531,haustür,voordeur,,de,Substantiv,,direct,853,5.46
8532,neuigkeit,nieuwtje,,,Substantiv,,direct,853,5.46
8533,gereicht,volstaan,,,Verb,reichen,lemma,853,5.46
8534,weigert,weigeren,,,Verb,weigern,lemma,853,5.46
8535,semester,semester,,,Substantiv,,direct,853,5.46
8536,unternommen,,,,,,none,852,5.46
8537,gespart,sparen,besparen,,Verb,sparen,lemma,852,5.46
8538,geerbt,,,,,,none,852,5.46
8539,starbuck,,,,,,none,852,5.46
8540,glanz,glans,glorie,de,Substantiv,,direct,852,5.46
8541,fähre,pont,veer; veerboot; veerpont,,Substantiv,,direct,852,5.46
8542,betäubt,,,,,,none,852,5.46
8543,arrogant,arrogant,,,Adjektiv,,direct,852,5.46
8544,ausgeliefert,uitleveren,afleveren,,Verb,ausliefern,lemma,852,5.46
8545,gästen,gast,,de,Substantiv,Gast,lemma,852,5.46
8546,holland,Holland,,,Substantiv,,direct,851,5.45
8547,zuzusehen,toezien,,,Verb,zusehen,lemma,851,5.45
8548,fotograf,fotograaf,,,Substantiv,,direct,851,5.45
8549,eigentümer,eigenaar,,de,Substantiv,,direct,851,5.45
8550,hinkriegen,verbeteren,,,Verb,,direct,851,5.45
8551,speed,speed,,,Substantiv,,direct,851,5.45
8552,realistisch,realistisch,,,Adjektiv,,direct,851,5.45
8553,vaughn,,,,,,none,851,5.45
8554,kindergarten,kleuterschool,,de,Substantiv,,direct,850,5.44
8555,riesiges,enorm,,,Adjektiv,riesig,lemma,850,5.44
8556,pub,kroeg,,,Substantiv,,direct,850,5.44
8557,bedrückt,depressief,,,Adjektiv,,direct,850,5.44
8558,streitet,bakkeleien,,,Verb,streiten,lemma,849,5.44
8559,deckt,dekken,,,Verb,decken,lemma,849,5.44
8560,kassette,cassette,,,Substantiv,,direct,849,5.44
8561,mack,,,,,,none,849,5.44
8562,arrow,,,,,,none,849,5.44
8563,vergebe,vergeven,,,Verb,vergeben,lemma,848,5.43
8564,said,,,,,,none,848,5.43
8565,fish,,,,,,none,848,5.43
8566,kandidat,kandidaat,,de,Substantiv,,direct,848,5.43
8567,klempner,loodgieter,blikslager,de,Substantiv,,direct,848,5.43
8568,blaues,blauw,,,Adjektiv,blau,lemma,848,5.43
8569,ängste,angst,vrees,de,Substantiv,Angst,lemma,848,5.43
8570,litt,lijden,,,Verb,leiden,lemma,848,5.43
8571,verliebte,verliefd worden,,,Verb,verlieben,lemma,848,5.43
8572,befahl,bevelen,gelasten,,Verb,befehlen,lemma,848,5.43
8573,spaghetti,spaghetti,,,Substantiv,,direct,848,5.43
8574,franzose,Fransman,,de,Substantiv,,direct,848,5.43
8575,dunkler,donker,,,Adjektiv,dunkel,lemma,848,5.43
8576,zukünftigen,toekomstig,in de toekomst; toekomend; aanstaand,,Adjektiv,zukünftig,lemma,848,5.43
8577,anzubieten,aanbieden,voorstellen,,Verb,anbieten,lemma,848,5.43
8578,gesendet,zenden,,,Verb,senden,lemma,847,5.42
8579,tobias,Tobias,,,Substantiv,,direct,847,5.42
8580,schlauch,slang,tuinslang,,Substantiv,,direct,847,5.42
8581,einstein,einsteinium,,,Substantiv,,direct,847,5.42
8582,gelähmt,verlamd,,,Adjektiv,,direct,847,5.42
8583,grillen,grillen,grilleren,,Verb,,direct,847,5.42
8584,landschaft,landschap,,,Substantiv,,direct,847,5.42
8585,funktion,functie,,de,Substantiv,,direct,847,5.42
8586,anonym,anoniem,,,Adjektiv,,direct,846,5.42
8587,albträume,nachtmerrie,,de,Substantiv,Albtraum,lemma,846,5.42
8588,träum,dromen,,,Verb,träumen,lemma,846,5.42
8589,facebook,Facebook,,,Substantiv,,direct,846,5.42
8590,mh,,,,,,none,846,5.42
8591,veranstaltung,evenement,organisatie,,Substantiv,,direct,846,5.42
8592,mount,,,,,,none,846,5.42
8593,verpflichtungen,verbintenis,verplichting; rechtsplicht,de,Substantiv,Verpflichtung,lemma,846,5.42
8594,sinclair,,,,,,none,846,5.42
8595,rue,,,,,,none,846,5.42
8596,schülerin,leerlinge,,,Substantiv,,direct,845,5.41
8597,innerlich,binnenlands,,,Adjektiv,,direct,845,5.41
8598,künstlerin,kunstenares,,de,Substantiv,,direct,845,5.41
8599,madrid,Madrid,,,Substantiv,,direct,845,5.41
8600,schöpfer,schepper,Schepper,,Substantiv,,direct,845,5.41
8601,regiert,,,,,,none,845,5.41
8602,aufschreiben,neerschrijven,,,Verb,,direct,845,5.41
8603,erleichterung,opluchting,verademing,,Substantiv,,direct,845,5.41
8604,ava,,,,,,none,844,5.40
8605,auktion,veiling,,de,Substantiv,,direct,844,5.40
8606,regal,schap,,,Substantiv,,direct,844,5.40
8607,fakt,feit,,,Substantiv,,direct,843,5.40
8608,christi,Christus,,de,Substantiv,Christus,lemma,843,5.40
8609,niveau,niveau,,,Substantiv,,direct,843,5.40
8610,fahndung,achtervolging,zoektocht,,Substantiv,,direct,843,5.40
8611,friede,,,,,,none,843,5.40
8612,erlitten,,,,,,none,843,5.40
8613,mathematik,wiskunde,mathematica,de,Substantiv,,direct,843,5.40
8614,nasa,NASA,,,Abkürzung,,direct,842,5.39
8615,bittest,vragen,,,Verb,bitten,lemma,842,5.39
8616,psycho,,,,,,none,842,5.39
8617,matratze,matras,,de,Substantiv,,direct,842,5.39
8618,tretet,trappen,schoppen,,Verb,treten,lemma,842,5.39
8619,mordwaffe,moordwapen,,,Substantiv,,direct,842,5.39
8620,finanzielle,financieel,,,Adjektiv,finanziell,lemma,842,5.39
8621,bänder,band,lint,de,Substantiv,Band,lemma,842,5.39
8622,detectives,,,,,,none,842,5.39
8623,wieviele,,,,,,none,841,5.39
8624,undercover,,,,,,none,841,5.39
8625,herzustellen,maken,,,Verb,herstellen,lemma,841,5.39
8626,arbeitgeber,werkgever,,,Substantiv,,direct,841,5.39
8627,werkzeuge,gereedschap,werktuig,,Substantiv,Werkzeug,lemma,841,5.39
8628,frankenstein,,,,,,none,841,5.39
8629,beruhigungsmittel,kalmeringsmiddel,,,Substantiv,,direct,841,5.39
8630,ingrid,,,,,,none,840,5.38
8631,coulson,,,,,,none,840,5.38
8632,trugen,dragen,,,Verb,tragen,lemma,840,5.38
8633,kurzfristig,kortlopend,kortdurig; korttijdig; snel,,Adjektiv,,direct,840,5.38
8634,spannungsvolle,,,,,,none,840,5.38
8635,clayton,,,,,,none,840,5.38
8636,kämpften,strijden,,,Verb,kämpfen,lemma,839,5.37
8637,erlangen,verkrijgen,verwerven,,Verb,,direct,839,5.37
8638,weltall,heelal,universum,,Substantiv,,direct,839,5.37
8639,nanu,allemensen,,,Interjektion,,direct,839,5.37
8640,vertuschen,neerslaan,,,Verb,,direct,839,5.37
8641,weckt,wekken,,,Verb,wecken,lemma,839,5.37
8642,gewagt,wagen,,de,Substantiv,wagen,lemma,839,5.37
8643,nieren,nier,,,Substantiv,Niere,lemma,839,5.37
8644,zinsen,interest,rente,de,Substantiv,Zins,lemma,839,5.37
8645,hutch,,,,,,none,839,5.37
8646,einpacken,inpakken,,,Verb,,direct,838,5.37
8647,monty,,,,,,none,838,5.37
8648,ballon,ballon,,,Substantiv,,direct,838,5.37
8649,verflixt,verdomd,,,Adjektiv,,direct,838,5.37
8650,herkam,klaarkomen,,,Verb,herkommen,lemma,838,5.37
8651,rudel,meute,,,Substantiv,,direct,838,5.37
8652,gregory,,,,,,none,837,5.36
8653,horizont,horizon,horizont,,Substantiv,,direct,837,5.36
8654,sofia,Sofia,,,Substantiv,,direct,837,5.36
8655,durften,mogen,,,Verb,dürfen,lemma,837,5.36
8656,zusätzlich,aanvullend,,,Adjektiv,,direct,836,5.35
8657,dekan,decaan,,,Substantiv,,direct,836,5.35
8658,verträge,contract,overeenkomst; verdrag,,Substantiv,Vertrag,lemma,836,5.35
8659,umzug,verhuizing,optocht; parade,,Substantiv,,direct,836,5.35
8660,brady,,,,,,none,836,5.35
8661,sängerin,zangeres,vocaliste,de,Substantiv,,direct,836,5.35
8662,wäldern,bos,woud,,Substantiv,Wald,lemma,836,5.35
8663,darstellen,uitbeelden,,,Verb,,direct,835,5.35
8664,limousine,berline,,,Substantiv,,direct,835,5.35
8665,fracht,vracht,,,Substantiv,,direct,835,5.35
8666,zurückzukommen,terugkomen,,,Verb,zurückkommen,lemma,835,5.35
8667,morty,,,,,,none,835,5.35
8668,gedenken,gedenken,,,Verb,,direct,835,5.35
8669,aufgeschrieben,neerschrijven,,,Verb,aufschreiben,lemma,835,5.35
8670,handlungen,plot,,,Substantiv,Handlung,lemma,835,5.35
8671,struktur,structuur,,de,Substantiv,,direct,835,5.35
8672,kerker,kerker,,,Substantiv,,direct,835,5.35
8673,aufzupassen,opletten,,,Verb,aufpassen,lemma,835,5.35
8674,hüten,bewaken,,,Verb,,direct,834,5.34
8675,christ,christen,,,Substantiv,,direct,834,5.34
8676,unverschämt,impertinent,,,Adjektiv,,direct,834,5.34
8677,durchschaut,,,,,,none,833,5.33
8678,mögt,mogen,,,Verb,mögen,lemma,833,5.33
8679,nachname,achternaam,,de,Substantiv,,direct,833,5.33
8680,händchen,handje,,,Substantiv,,direct,833,5.33
8681,calvin,,,,,,none,833,5.33
8682,birne,peer,,,Substantiv,,direct,833,5.33
8683,vorgesehen,hoeden,,,Verb,vorsehen,lemma,833,5.33
8684,gnädig,barmhartig,,,Adjektiv,,direct,833,5.33
8685,nachgesehen,opzoeken,,,Verb,nachsehen,lemma,833,5.33
8686,predigt,preek,,,Substantiv,,direct,833,5.33
8687,versehentlich,toevallig,,,Adjektiv,,direct,833,5.33
8688,schwerter,zwaard,,,Substantiv,Schwert,lemma,833,5.33
8689,erwiesen,,,,,,none,832,5.33
8690,software,software,programmatuur,de,Substantiv,,direct,832,5.33
8691,einschlagen,inslag,,,Verb,,direct,832,5.33
8692,schiebt,duwen,,,Verb,schieben,lemma,831,5.32
8693,geahnt,,,,,,none,831,5.32
8694,tätig,bezig,,,Adjektiv,,direct,831,5.32
8695,abgestürzt,vastlopen,,,Verb,abstürzen,lemma,831,5.32
8696,eingriff,tussenkomst,,de,Substantiv,,direct,831,5.32
8697,politisch,politiek,,,Adjektiv,,direct,830,5.31
8698,gewöhnliche,gangbaar,,,Adjektiv,gewöhnlich,lemma,830,5.31
8699,stärkste,sterk,krachtig,,Adjektiv,stark,lemma,830,5.31
8700,zuflucht,onderdak,,,Substantiv,,direct,830,5.31
8701,generator,generator,,de,Substantiv,,direct,830,5.31
8702,union,unie,,,Substantiv,,direct,830,5.31
8703,raven,,,,,,none,830,5.31
8704,ungeduldig,ongeduldig,,,Adjektiv,,direct,829,5.31
8705,unklar,onduidelijk,,,Adjektiv,,direct,829,5.31
8706,suspendiert,,,,,,none,829,5.31
8707,arbeitsplatz,arbeidsplaats,,,Substantiv,,direct,829,5.31
8708,treppen,trap,,de,Substantiv,Treppe,lemma,829,5.31
8709,matty,,,,,,none,829,5.31
8710,vereinen,verenigen,,,Verb,,direct,829,5.31
8711,bruch,breuk,broekbos,de,Substantiv,,direct,829,5.31
8712,metern,meter,,de,Substantiv,Meter,lemma,828,5.30
8713,fällst,vellen,,,Verb,fällen,lemma,828,5.30
8714,unruhig,rusteloos,,,Adjektiv,,direct,828,5.30
8715,schlechteste,,,,,,none,828,5.30
8716,platzt,barsten,,,Verb,platzen,lemma,828,5.30
8717,plastik,kunststof,plastic; plastiek,,Substantiv,,direct,828,5.30
8718,abgerissen,,,,,,none,828,5.30
8719,halber,omwille van,,,Postposition,,direct,828,5.30
8720,anvertraut,,,,,,none,827,5.30
8721,leder,leer,leder,,Substantiv,,direct,827,5.30
8722,ausser,behalve,buiten; tenzij,,Präposition,außer,lemma,827,5.30
8723,verfehlt,,,,,,none,827,5.30
8724,verehrte,vereren,aanbidden; adoreren; bewonderen,,Verb,verehren,lemma,827,5.30
8725,schmutz,vuil,,,Substantiv,,direct,827,5.30
8726,aufzuspüren,opsporen,achterhalen,,Verb,aufspüren,lemma,827,5.30
8727,stühle,stoel,zetel,de,Substantiv,Stuhl,lemma,827,5.30
8728,rausbringen,,,,,,none,827,5.30
8729,komitee,comité,,,Substantiv,,direct,827,5.30
8730,mamas,mammie,,,Substantiv,Mama,lemma,827,5.30
8731,klarkommen,leven,,,Verb,,direct,826,5.29
8732,propheten,ziener,profeet,,Substantiv,Prophet,lemma,826,5.29
8733,durchsage,aankondiging,,,Substantiv,,direct,826,5.29
8734,flora,flora,Flora; bloemenwereld,,Substantiv,,direct,825,5.28
8735,stiefvater,stiefvader,,,Substantiv,,direct,825,5.28
8736,grimm,razernij,,,Substantiv,,direct,825,5.28
8737,lolle,,,,,,none,825,5.28
8738,faith,,,,,,none,825,5.28
8739,auftreiben,opdoen,,,Verb,,direct,825,5.28
8740,ernie,,,,,,none,825,5.28
8741,nationen,natie,land,,Substantiv,Nation,lemma,825,5.28
8742,ausgaben,uitgeven,,,Verb,ausgeben,lemma,825,5.28
8743,secret,,,,,,none,824,5.28
8744,käpt,,,,,,none,824,5.28
8745,rauskriegen,,,,,,none,824,5.28
8746,entstand,ontstaan,,,Verb,entstehen,lemma,824,5.28
8747,alarmstufe,,,,,,none,824,5.28
8748,übersetzen,vertalen,overzetten,,Verb,,direct,824,5.28
8749,griechenland,Griekenland,,het,Substantiv,,direct,823,5.27
8750,rüstung,harnas,,,Substantiv,,direct,823,5.27
8751,attentäter,moordenaar,,de,Substantiv,,direct,823,5.27
8752,tauben,doof,,,Adjektiv,taub,lemma,823,5.27
8753,gewohnheit,gewoonte,,de,Substantiv,,direct,823,5.27
8754,mieses,knuddig,,,Adjektiv,mies,lemma,823,5.27
8755,kindermädchen,kindermeisje,kinderjuffrouw; kindermeid; nanny,,Substantiv,,direct,823,5.27
8756,brenda,,,,,,none,822,5.26
8757,nervst,ergeren,,,Verb,nerven,lemma,822,5.26
8758,japanische,Japans,,,Substantiv,japanisch,lemma,822,5.26
8759,bitch,,,,,,none,822,5.26
8760,nsa,,,,,,none,822,5.26
8761,werner,Werner,,,Substantiv,,direct,822,5.26
8762,beinhaltet,,,,,,none,822,5.26
8763,donuts,berlinerbol,,,Substantiv,Donut,lemma,822,5.26
8764,abgefeuert,,,,,,none,822,5.26
8765,luther,,,,,,none,822,5.26
8766,davonkommen,,,,,,none,821,5.26
8767,godzilla,,,,,,none,821,5.26
8768,hinzufügen,toevoegen,,,Verb,,direct,821,5.26
8769,dreier,trio,,,Substantiv,,direct,821,5.26
8770,werwolf,weerwolf,,de,Substantiv,,direct,821,5.26
8771,denver,,,,,,none,821,5.26
8772,hebe,Hebe,,,Substantiv,,direct,821,5.26
8773,ehrgeiz,ambitie,eerzucht,,Substantiv,,direct,820,5.25
8774,aufenthaltsort,waaromtrent,,,Substantiv,,direct,820,5.25
8775,hinreißend,bloedmooi,,,Adjektiv,,direct,820,5.25
8776,gruß,groet,,de,Substantiv,,direct,820,5.25
8777,borgia,,,,,,none,820,5.25
8778,howie,,,,,,none,820,5.25
8779,mckay,,,,,,none,820,5.25
8780,dj,,,,,,none,820,5.25
8781,nu,blik,,de,Substantiv,,direct,820,5.25
8782,zeichnung,tekening,,de,Substantiv,,direct,820,5.25
8783,geige,viool,,,Substantiv,,direct,820,5.25
8784,fortsetzung,voortzetting,hervatting,,Substantiv,,direct,819,5.24
8785,kotzt,kotsen,braken; overgeven; over de nek gaan,,Verb,kotzen,lemma,819,5.24
8786,glückstag,,,,,,none,819,5.24
8787,japanisch,Japans,,,Substantiv,,direct,819,5.24
8788,archiv,archief,,,Substantiv,,direct,819,5.24
8789,einholen,strijken,,,Verb,,direct,819,5.24
8790,bush,,,,,,none,819,5.24
8791,raushalten,,,,,,none,819,5.24
8792,verheimlicht,,,,,,none,819,5.24
8793,hacker,hacker,,de,Substantiv,,direct,819,5.24
8794,hingabe,toewijding,,,Substantiv,,direct,818,5.24
8795,uhren,klok,uur; tijdklok; meetklok,,Substantiv,Uhr,lemma,818,5.24
8796,cyril,,,,,,none,818,5.24
8797,erobert,,,,,,none,818,5.24
8798,bandit,bandiet,,,Substantiv,,direct,818,5.24
8799,linien,lijn,,,Substantiv,Linie,lemma,818,5.24
8800,umzugehen,vermijden,waren,,Verb,umgehen,lemma,817,5.23
8801,roberto,,,,,,none,817,5.23
8802,vornamen,voornaam,,de,Substantiv,Vorname,lemma,817,5.23
8803,tessa,,,,,,none,817,5.23
8804,nerv,zenuw,neuronenbundel,,Substantiv,,direct,817,5.23
8805,berührung,aanraking,contact,,Substantiv,,direct,817,5.23
8806,ergreift,vastpakken,oppakken; in zijn greep krijgen; vat krijgen op,,Verb,ergreifen,lemma,817,5.23
8807,sattel,zadel,,,Substantiv,,direct,817,5.23
8808,gelangweilt,verveeld,,,Adjektiv,,direct,817,5.23
8809,intakt,intact,,,Adjektiv,,direct,817,5.23
8810,isabella,Isabella,,,Substantiv,,direct,817,5.23
8811,poesie,poëzie,,,Substantiv,,direct,817,5.23
8812,pflegen,verplegen,verzorgen; plegen,,Verb,,direct,817,5.23
8813,belastet,beladen,,,Adjektiv,,direct,816,5.23
8814,reinlassen,binnenlaten,,,Verb,,direct,816,5.23
8815,yen,yen,,,Substantiv,,direct,816,5.23
8816,geprügelt,(in elkaar) slaan,knokken,,Verb,prügeln,lemma,816,5.23
8817,perspektive,dieptezicht,,,Substantiv,,direct,816,5.23
8818,schreist,schreeuwen,roepen,,Verb,schreien,lemma,816,5.23
8819,sperma,sperma,,,Substantiv,,direct,816,5.23
8820,hingelegt,zetten,,,Verb,hinlegen,lemma,816,5.23
8821,wildes,wild,,,Adjektiv,wild,lemma,816,5.23
8822,begreifst,begrijpen,verstaan; bevroeden; vatten,,Verb,begreifen,lemma,815,5.22
8823,marcie,,,,,,none,815,5.22
8824,ii,,,,,,none,815,5.22
8825,metropolis,metropolis,,,Substantiv,,direct,815,5.22
8826,schildkröte,schildpad,,,Substantiv,,direct,815,5.22
8827,umzingelt,,,,,,none,815,5.22
8828,buddha,Boeddha,,,Substantiv,,direct,815,5.22
8829,bonus,bonus,,de,Substantiv,,direct,815,5.22
8830,wagst,wagen,,de,Substantiv,wagen,lemma,815,5.22
8831,spucken,braken,spuwen,,Verb,,direct,815,5.22
8832,einlassen,inbedden,,,Verb,,direct,815,5.22
8833,günstig,gunstig,goedkoop,,Adjektiv,,direct,814,5.21
8834,yu,,,,,,none,814,5.21
8835,lebenslänglich,levenslang,,,Adjektiv,,direct,814,5.21
8836,sloane,,,,,,none,814,5.21
8837,präzise,nauwkeurig,,,Adjektiv,,direct,814,5.21
8838,bilde,vormen,,,Verb,bilden,lemma,814,5.21
8839,sorgerecht,hoederecht,,,Substantiv,,direct,814,5.21
8840,blinde,blind,,,Substantiv,,direct,814,5.21
8841,gebot,gebod,bod,,Substantiv,,direct,814,5.21
8842,zurückzahlen,met gelijke munt terugbetalen,,,Verb,,direct,813,5.21
8843,ameisen,mier,,,Substantiv,Ameise,lemma,813,5.21
8844,verleihen,lenen,,,Verb,,direct,813,5.21
8845,bearbeitet,,,,,,none,813,5.21
8846,riker,,,,,,none,813,5.21
8847,deckel,deksel,,,Substantiv,,direct,813,5.21
8848,theresa,,,,,,none,813,5.21
8849,pentagon,Pentagon,vijfhoek; pentagoon,,Substantiv,,direct,813,5.21
8850,frechheit,insolentie,,,Substantiv,,direct,813,5.21
8851,sinkt,zinken,,,Verb,sinken,lemma,813,5.21
8852,gastfreundschaft,gastvrijheid,,de,Substantiv,,direct,812,5.20
8853,enthalten,bevatten,inhouden,,Verb,,direct,812,5.20
8854,schwamm,spons,,,Substantiv,,direct,812,5.20
8855,glückliches,gelukkig,fortuinlijk; voorspoedig,,Adjektiv,glücklich,lemma,812,5.20
8856,sperrt,schorsen,,,Verb,sperren,lemma,812,5.20
8857,cliff,,,,,,none,812,5.20
8858,healey,,,,,,none,812,5.20
8859,container,container,,de,Substantiv,,direct,812,5.20
8860,aufsetzen,aantrekken,,,Verb,,direct,812,5.20
8861,erhielten,ontvangen,bewaren; verplegen; verzorgen,,Verb,erhalten,lemma,811,5.19
8862,ermöglicht,,,,,,none,811,5.19
8863,erstellen,vervaardigen,,,Verb,,direct,811,5.19
8864,cesare,,,,,,none,811,5.19
8865,rausgeschmissen,,,,,,none,811,5.19
8866,vorgefallen,,,,,,none,811,5.19
8867,herbringen,aanbrengen,,,Verb,,direct,811,5.19
8868,freiwillige,vrijwilliger,,de,Substantiv,,direct,811,5.19
8869,korrigieren,corrigeren,verbeteren; bijsturen,,Verb,,direct,811,5.19
8870,leichnam,lijk,,,Substantiv,,direct,811,5.19
8871,negative,negatief,,,Adjektiv,negativ,lemma,810,5.19
8872,never,,,,,,none,810,5.19
8873,schwebt,zweven,,,Verb,schweben,lemma,810,5.19
8874,vorsichtiger,voorzichtig,,,Adjektiv,vorsichtig,lemma,810,5.19
8875,pilze,zwam,paddestoel; paddenstoel,de,Substantiv,Pilz,lemma,810,5.19
8876,kürzer,kort,kortstondig,,Adjektiv,kurz,lemma,810,5.19
8877,bezahl,betalen,,,Verb,bezahlen,lemma,810,5.19
8878,behältst,houden,,,Verb,behalten,lemma,810,5.19
8879,erfüllung,vervulling,,,Substantiv,,direct,809,5.18
8880,verbündeten,aan elkaar vastmaken,,,Verb,verbünden,lemma,809,5.18
8881,achtet,toezien,,,Verb,achten,lemma,809,5.18
8882,meiden,mijden,,,Verb,,direct,809,5.18
8883,ansichten,visie,,de,Substantiv,Ansicht,lemma,809,5.18
8884,isoliert,,,,,,none,808,5.17
8885,ausschlag,uitslag,,de,Substantiv,,direct,808,5.17
8886,fünfzehn,vijftien,,,Numerale,,direct,808,5.17
8887,aufruhr,oproer,beroering,,Substantiv,,direct,808,5.17
8888,felder,veld,,,Substantiv,Feld,lemma,808,5.17
8889,make,,,,,,none,807,5.17
8890,gesunde,,,,,,none,807,5.17
8891,toiletten,toilet,wc; urinoir,,Substantiv,Toilette,lemma,807,5.17
8892,schwierigen,moeilijk,,,Adjektiv,schwierig,lemma,807,5.17
8893,crawford,,,,,,none,807,5.17
8894,quittung,kwitantie,,,Substantiv,,direct,807,5.17
8895,portal,portaal,,,Substantiv,,direct,807,5.17
8896,gesetzes,wet,,,Substantiv,Gesetz,lemma,807,5.17
8897,großeltern,grootouders,,,Substantiv,,direct,806,5.16
8898,mo,,,,,,none,806,5.16
8899,investition,investering,,de,Substantiv,,direct,806,5.16
8900,raj,,,,,,none,806,5.16
8901,schweiß,zweet,,,Substantiv,,direct,806,5.16
8902,selbstvertrauen,zelfvertrouwen,zelfverzekerdheid,,Substantiv,,direct,806,5.16
8903,geschluckt,slikken,inslikken,,Verb,schlucken,lemma,806,5.16
8904,sendet,zenden,,,Verb,senden,lemma,806,5.16
8905,aufgehängt,ophangen,,,Verb,aufhängen,lemma,805,5.15
8906,susie,,,,,,none,805,5.15
8907,taschenlampe,zaklamp,zaklantaarn,,Substantiv,,direct,805,5.15
8908,saint,,,,,,none,805,5.15
8909,justiz,justitie,,de,Substantiv,,direct,804,5.15
8910,jägerin,jageres,,de,Substantiv,,direct,804,5.15
8911,heer,leger,,,Substantiv,,direct,804,5.15
8912,neapel,Napels,,,Substantiv,,direct,804,5.15
8913,illegalen,illegaal,,,Adjektiv,illegal,lemma,804,5.15
8914,schuft,schoft,,,Substantiv,,direct,804,5.15
8915,rückt,rug,rugslag,,Substantiv,rücken,lemma,804,5.15
8916,drohte,bedreigen,,,Verb,drohen,lemma,804,5.15
8917,scheiss,,,,,,none,803,5.14
8918,zurückkehrt,terugkomen,,,Verb,zurückkehren,lemma,803,5.14
8919,verlangst,verlangen,,,Verb,verlangen,lemma,803,5.14
8920,zünden,aansteken,,,Verb,,direct,803,5.14
8921,ärgert,ergeren,,,Verb,ärgern,lemma,802,5.14
8922,großteil,meerderheid,,de,Substantiv,,direct,802,5.14
8923,instrument,instrument,,het,Substantiv,,direct,802,5.14
8924,codes,,,,,,none,802,5.14
8925,herzogin,hertogin,,,Substantiv,,direct,802,5.14
8926,bumsen,naaien,,,Verb,,direct,802,5.14
8927,aktivität,activiteit,,de,Substantiv,,direct,802,5.14
8928,entwickelte,ontwikkelen,,,Verb,entwickeln,lemma,802,5.14
8929,ronald,,,,,,none,802,5.14
8930,gegenmittel,remedie,,,,,direct,801,5.13
8931,reiches,rijk,,,Adjektiv,reich,lemma,801,5.13
8932,sheridan,,,,,,none,801,5.13
8933,taktik,tactiek,,,Substantiv,,direct,801,5.13
8934,studien,atelier,,,Substantiv,Studie,lemma,801,5.13
8935,dramatisch,dramatisch,,,Adjektiv,,direct,800,5.12
8936,potenzial,potentieel,,,Substantiv,,direct,800,5.12
8937,anpassung,aanpassing,,,Substantiv,,direct,800,5.12
8938,jugendliche,tiener,,de,Substantiv,,direct,800,5.12
8939,ass,aas,,de,Substantiv,,direct,800,5.12
8940,zerstörte,vernietigen,verwoesten; kapot maken,,Verb,zerstören,lemma,800,5.12
8941,clowns,clown,,,Substantiv,Clown,lemma,800,5.12
8942,professionelle,deskundig,,,Adjektiv,professionell,lemma,800,5.12
8943,verlorenen,verloren,,,,verloren,lemma,800,5.12
8944,gelingen,lukken,slagen,,Verb,,direct,800,5.12
8945,militärische,militair,,,Adjektiv,militärisch,lemma,800,5.12
8946,atlanta,,,,,,none,800,5.12
8947,richards,Richard,,,Substantiv,Richard,lemma,799,5.12
8948,ausgenutzt,exploiteren,,,Verb,ausnutzen,lemma,799,5.12
8949,maestro,maestro,,de,Substantiv,,direct,799,5.12
8950,brooks,,,,,,none,799,5.12
8951,freies,vrij,open,,Adjektiv,frei,lemma,799,5.12
8952,cheryl,,,,,,none,799,5.12
8953,gier,hebzucht,,,Substantiv,,direct,799,5.12
8954,insbesondere,c.q.,inzonderheid,,Adverb,,direct,799,5.12
8955,überzeugung,overtuiging,,de,Substantiv,,direct,799,5.12
8956,angemeldet,aanmelden,,,Verb,anmelden,lemma,799,5.12
8957,winzige,piepklein,,,Adjektiv,winzig,lemma,799,5.12
8958,vorstellungen,idee,,,Substantiv,Vorstellung,lemma,799,5.12
8959,massaker,moordpartij,,,Substantiv,,direct,799,5.12
8960,gail,,,,,,none,799,5.12
8961,ausdenken,bedenken,,,Verb,,direct,799,5.12
8962,auspacken,uitpakken,,,Verb,,direct,799,5.12
8963,heizung,verwarming,,,Substantiv,,direct,798,5.11
8964,haley,,,,,,none,798,5.11
8965,magnus,,,,,,none,798,5.11
8966,mußte,,,,,,none,798,5.11
8967,erzähler,verteller,,,Substantiv,,direct,798,5.11
8968,kolonie,kolonie,,,Substantiv,,direct,798,5.11
8969,gps,,,,,,none,798,5.11
8970,girls,,,,,,none,798,5.11
8971,gerichtssaal,rechtszaal,,,Substantiv,,direct,798,5.11
8972,donnerwetter,sakkerloot,,,Substantiv,,direct,798,5.11
8973,studentin,studente,,de,Substantiv,,direct,797,5.10
8974,greta,,,,,,none,797,5.10
8975,tickt,tikken,,,Verb,ticken,lemma,797,5.10
8976,räumt,helemaal,,,Verb,räumen,lemma,797,5.10
8977,boom,boom,,de,Substantiv,,direct,797,5.10
8978,miriam,,,,,,none,797,5.10
8979,gesichtet,waarschuwen,,,Verb,sichten,lemma,797,5.10
8980,kleben,lijmen,,,Verb,,direct,797,5.10
8981,zuzuhören,luisteren,,,Verb,zuhören,lemma,797,5.10
8982,ritt,bak,,de,Substantiv,,direct,797,5.10
8983,bauten,bouwen,,,Verb,bauen,lemma,796,5.10
8984,abgeschaltet,uitdoen,,,Verb,abschalten,lemma,796,5.10
8985,atlantic,,,,,,none,796,5.10
8986,marquis,markies,,,Substantiv,,direct,796,5.10
8987,teich,vijver,,de,Substantiv,,direct,796,5.10
8988,raubüberfall,,,,,,none,796,5.10
8989,duell,duel,tweekamp,,Substantiv,,direct,796,5.10
8990,keuchen,hijgen,,,Verb,,direct,796,5.10
8991,chirurgen,chirurg,,de,Substantiv,Chirurg,lemma,796,5.10
8992,wange,wang,,,Substantiv,,direct,796,5.10
8993,auszuschalten,uitschakelen,,,Verb,ausschalten,lemma,796,5.10
8994,wiedergutmachen,herwinnen,,,Verb,,direct,796,5.10
8995,vorbereitung,voorbereiding,,,Substantiv,,direct,795,5.09
8996,geile,,,,,,none,795,5.09
8997,kranker,naar,,,Substantiv,,direct,795,5.09
8998,festplatte,harde schijf,,,Substantiv,,direct,795,5.09
8999,stoß,stoot,,de,Substantiv,,direct,795,5.09
9000,stieß,duwen,,,Verb,stoßen,lemma,795,5.09
9001,eingreifen,komen,,,Verb,,direct,795,5.09
9002,portland,,,,,,none,795,5.09
9003,enorm,enorm,,,Adjektiv,,direct,795,5.09
9004,aufsuchen,bezoeken,,,Verb,,direct,795,5.09
9005,verzichte,afstand,afzien,,Verb,verzichten,lemma,795,5.09
9006,sichtbar,zichtbaar,,,Adjektiv,,direct,795,5.09
9007,pässe,paspoort,pas; bergpas; pass,,Substantiv,Pass,lemma,795,5.09
9008,vorschrift,regel,,de,Substantiv,,direct,795,5.09
9009,gehör,gehoor,,,Substantiv,,direct,794,5.08
9010,jedermann,iedereen,,,Indefinitpronomen,,direct,794,5.08
9011,genieß,genieten,,,Verb,genießen,lemma,794,5.08
9012,irgendjemanden,,,,,,none,794,5.08
9013,ups,ai,,,Interjektion,,direct,794,5.08
9014,substanz,substantie,stof,,Substantiv,,direct,794,5.08
9015,amsterdam,Amsterdam,Nieuw-Amsterdam,het,Substantiv,,direct,794,5.08
9016,arbeitszimmer,werkkamer,,,Substantiv,,direct,794,5.08
9017,notwehr,legitieme zelfverdediging,,,Substantiv,,direct,794,5.08
9018,patrouille,patrouille,,,Substantiv,,direct,794,5.08
9019,gewitter,onweer,,,Substantiv,,direct,794,5.08
9020,dax,,,,,,none,793,5.08
9021,zeigten,tonen,wijzen,,Verb,zeigen,lemma,793,5.08
9022,klappern,afslaan,,,Verb,,direct,793,5.08
9023,schmetterling,vlinder,,de,Substantiv,,direct,793,5.08
9024,sarge,,,,,,none,793,5.08
9025,preston,,,,,,none,793,5.08
9026,förmlich,formeel,,,Adjektiv,,direct,793,5.08
9027,celia,,,,,,none,793,5.08
9028,tammy,,,,,,none,793,5.08
9029,enger,nauw,eng,,Adjektiv,eng,lemma,792,5.07
9030,piep,gepiep,,,Interjektion,,direct,792,5.07
9031,ausgetauscht,wisselen,,,Verb,austauschen,lemma,792,5.07
9032,baustelle,bouwplaats,bouwterrein,,Substantiv,,direct,792,5.07
9033,bewirkt,,,,,,none,792,5.07
9034,brennan,,,,,,none,792,5.07
9035,pratt,,,,,,none,792,5.07
9036,gerochen,ruiken,,,Verb,riechen,lemma,791,5.07
9037,meintest,denken,menen,,Verb,meinen,lemma,791,5.07
9038,wusstet,weten,,,Verb,wissen,lemma,791,5.07
9039,broadway,,,,,,none,791,5.07
9040,drehst,draaien,,,Verb,drehen,lemma,791,5.07
9041,martini,martini,,,Substantiv,,direct,791,5.07
9042,starrt,staren,turen,,Verb,starren,lemma,791,5.07
9043,austauschen,wisselen,,,Verb,,direct,791,5.07
9044,janice,,,,,,none,790,5.06
9045,schnellen,accelereren,,,Verb,,direct,790,5.06
9046,beerdigt,,,,,,none,790,5.06
9047,sozialen,sociaal,maatschappelijk,,Adjektiv,sozial,lemma,790,5.06
9048,angerührt,aanboren,,,Verb,anrühren,lemma,790,5.06
9049,say,,,,,,none,790,5.06
9050,verläuft,verdwalen,,,Verb,verlaufen,lemma,790,5.06
9051,abschlussball,,,,,,none,790,5.06
9052,medaille,medaille,,,Substantiv,,direct,790,5.06
9053,vielmehr,eerder,,,Adverb,,direct,789,5.05
9054,anschluss,annexatie,,,Substantiv,,direct,789,5.05
9055,anzünden,aansteken,,,Verb,,direct,789,5.05
9056,wunderschöner,wonderbaarlijk,,,Adjektiv,wunderschön,lemma,788,5.05
9057,naht,naad,,de,Substantiv,,direct,788,5.05
9058,handtücher,handdoek,,de,Substantiv,Handtuch,lemma,788,5.05
9059,basierend,,,,,,none,788,5.05
9060,perfekter,perfect,,,Adjektiv,perfekt,lemma,788,5.05
9061,ungewöhnliche,ongewoon,,,Adjektiv,ungewöhnlich,lemma,788,5.05
9062,international,internationaal,,,Adjektiv,,direct,788,5.05
9063,mistkerle,bastaardvijl,,,Substantiv,Mistkerl,lemma,788,5.05
9064,vizepräsident,vicepresident,,,Substantiv,,direct,788,5.05
9065,brichst,breken,braken; overgeven; verbreken,,Verb,brechen,lemma,788,5.05
9066,abgelegt,archiveren,afleggen; afvaren,,Verb,ablegen,lemma,788,5.05
9067,halluzinationen,hallucinatie,,,Substantiv,Halluzination,lemma,788,5.05
9068,festnahme,arrestatie,,de,Substantiv,,direct,787,5.04
9069,steph,,,,,,none,787,5.04
9070,pirat,piraat,,de,Substantiv,,direct,787,5.04
9071,umwelt,milieu,,,Substantiv,,direct,787,5.04
9072,axel,axel,,,Substantiv,,direct,787,5.04
9073,butch,macho,,,Substantiv,,direct,787,5.04
9074,teilweise,gedeeltelijk,,,Adverb,,direct,787,5.04
9075,verfickte,opdonderen,,,Verb,verficken,lemma,787,5.04
9076,dat,dat,,,Demonstrativpronomen,,direct,787,5.04
9077,bearbeiten,bewerken,,,Verb,,direct,787,5.04
9078,fetter,vet,smeer,,Substantiv,fett,lemma,787,5.04
9079,natürlichen,natuurlijk,uiteraard; vanzelfsprekend,,Adjektiv,natürlich,lemma,786,5.03
9080,ausgestellt,tentoonstellen,etaleren; uitschakelen,,Verb,ausstellen,lemma,786,5.03
9081,wendet,zich keren tegen,,,Verb,wenden,lemma,786,5.03
9082,gewöhnlicher,gangbaar,,,Adjektiv,gewöhnlich,lemma,786,5.03
9083,lavon,,,,,,none,786,5.03
9084,springe,springen,,,Verb,springen,lemma,786,5.03
9085,gingst,gaan,lopen; rijzen,,Verb,gehen,lemma,786,5.03
9086,änderungen,verandering,,,Substantiv,Änderung,lemma,785,5.03
9087,orbit,baan,,,Substantiv,,direct,785,5.03
9088,kapsel,capsule,,,Substantiv,,direct,785,5.03
9089,unbewaffnet,,,,,,none,785,5.03
9090,internat,kostschool,,,Substantiv,,direct,785,5.03
9091,zeile,regel,,de,Substantiv,,direct,785,5.03
9092,mühle,molen,,de,Substantiv,,direct,784,5.02
9093,zeitalter,tijdperk,,,Substantiv,,direct,784,5.02
9094,gabst,geven,zijn; verstrekken; bestaan,,Verb,geben,lemma,784,5.02
9095,neger,neger,,,Substantiv,,direct,784,5.02
9096,prediger,prediker,predikant,,Substantiv,,direct,784,5.02
9097,schwache,zwak,,,Adjektiv,schwach,lemma,784,5.02
9098,minen,mijn,,,Substantiv,Mine,lemma,784,5.02
9099,paulie,,,,,,none,784,5.02
9100,geheimes,geheim,,,Adjektiv,geheim,lemma,784,5.02
9101,sessel,leunstoel,fauteuil,,Substantiv,,direct,784,5.02
9102,wegbringen,wegbrengen,,,Verb,,direct,784,5.02
9103,shepherd,,,,,,none,784,5.02
9104,weiterhelfen,assisteren,,,Verb,,direct,784,5.02
9105,verpflichtung,verbintenis,verplichting; rechtsplicht,de,Substantiv,,direct,784,5.02
9106,baten,vragen,,,Verb,bitten,lemma,783,5.01
9107,geparkt,parkeren,stationeren,,Verb,parken,lemma,783,5.01
9108,gerichtsmediziner,,,,,,none,783,5.01
9109,anita,,,,,,none,783,5.01
9110,zurückkommst,terugkomen,,,Verb,zurückkommen,lemma,783,5.01
9111,bluse,bloes,blouse,,Substantiv,,direct,783,5.01
9112,reines,puur,,,Adjektiv,rein,lemma,782,5.01
9113,gegenleistung,bijdrage,,de,Substantiv,,direct,782,5.01
9114,jaffa,,,,,,none,782,5.01
9115,gemeinsames,gemeenschappelijk,gezamenlijk,,Adjektiv,gemeinsam,lemma,782,5.01
9116,japanischen,Japans,,,Substantiv,japanisch,lemma,782,5.01
9117,kehre,rechtsomkeert,,,Substantiv,,direct,782,5.01
9118,helfer,helper,,,Substantiv,,direct,782,5.01
9119,aufstieg,opkomst,,de,Substantiv,,direct,782,5.01
9120,entkommt,ontsnappen,,,Verb,entkommen,lemma,782,5.01
9121,partie,wedstrijd,partij,,Substantiv,,direct,782,5.01
9122,lächle,glimlachen,smuilen,,Verb,lächeln,lemma,782,5.01
9123,verdeckt,verkapt,,,Adjektiv,,direct,781,5.00
9124,abfall,afval,,de/het,Substantiv,,direct,781,5.00
9125,hauptrolle,,,,,,none,781,5.00
9126,lilly,,,,,,none,781,5.00
9127,tarzan,,,,,,none,781,5.00
9128,klingel,bel,schel,,Substantiv,,direct,781,5.00
9129,jens,,,,,,none,780,4.99
9130,flirten,flirten,,,Verb,,direct,780,4.99
9131,spanier,Spanjaard,spanjool,de,Substantiv,,direct,780,4.99
9132,taxifahrer,taxichauffeur,,,Substantiv,,direct,780,4.99
9133,länge,lengte,langdurigheid,,Substantiv,,direct,780,4.99
9134,träumst,dromen,,,Verb,träumen,lemma,780,4.99
9135,tausenden,,,,,,none,780,4.99
9136,blockieren,blokkeren,,,Verb,,direct,780,4.99
9137,darcy,,,,,,none,780,4.99
9138,ausschließen,uitsluiten,,,Verb,,direct,779,4.99
9139,kiki,flauwekul,,de,Substantiv,,direct,779,4.99
9140,wechselt,vervangen,,,Verb,wechseln,lemma,779,4.99
9141,erforschen,verkennen,,,Verb,,direct,779,4.99
9142,scanner,scanner,,,Substantiv,,direct,779,4.99
9143,eisenbahn,spoorweg,spoorwegen,,Substantiv,,direct,779,4.99
9144,rumsitzen,,,,,,none,779,4.99
9145,munter,monter,,,Adjektiv,,direct,779,4.99
9146,zugesehen,toezien,,,Verb,zusehen,lemma,779,4.99
9147,karma,karma,,,Substantiv,,direct,779,4.99
9148,tristan,,,,,,none,778,4.98
9149,stückchen,bonk,,de,Substantiv,,direct,778,4.98
9150,provinz,provincie,,de,Substantiv,,direct,778,4.98
9151,mitgemacht,meemaken,,,Verb,mitmachen,lemma,778,4.98
9152,yvonne,,,,,,none,778,4.98
9153,pärchen,koppel,,,Substantiv,,direct,778,4.98
9154,kritisch,cruciaal,kritisch,,Adjektiv,,direct,778,4.98
9155,peters,,,,,,none,778,4.98
9156,suzanne,,,,,,none,778,4.98
9157,gesunden,gezond,,,Adjektiv,gesund,lemma,778,4.98
9158,finanziert,,,,,,none,778,4.98
9159,elektrizität,elektriciteit,,de,Substantiv,,direct,778,4.98
9160,busen,boezem,buste,de,Substantiv,,direct,777,4.98
9161,erlebnis,belevenis,ervaring,de,Substantiv,,direct,777,4.98
9162,mccoy,,,,,,none,777,4.98
9163,vaterland,vaderland,,,Substantiv,,direct,777,4.98
9164,bitter,bitter,naar; schrijnend,,Adjektiv,,direct,777,4.98
9165,schleier,sluier,,,Substantiv,,direct,777,4.98
9166,notarzt,eerstehulparts,,,Substantiv,,direct,777,4.98
9167,stattfindet,plaatsvinden,,,Verb,stattfinden,lemma,777,4.98
9168,hervorragende,excellent,schitterend,,Adjektiv,hervorragend,lemma,777,4.98
9169,krimineller,crimineel,,de,Substantiv,,direct,777,4.98
9170,durchatmen,uitblazen,,,Verb,,direct,777,4.98
9171,stopfen,stoppen,,,Verb,,direct,776,4.97
9172,übergabe,zich overgeven,,,Substantiv,,direct,776,4.97
9173,monatelang,,,,,,none,776,4.97
9174,beeile,opschieten,,,Verb,beeilen,lemma,776,4.97
9175,harley,,,,,,none,776,4.97
9176,unterschreibe,ondertekenen,onderschrijven,,Verb,unterschreiben,lemma,776,4.97
9177,effekt,effect,,de,Substantiv,,direct,775,4.96
9178,einlegen,inmaken,,,Verb,,direct,775,4.96
9179,verwirrung,verwarring,,de,Substantiv,,direct,775,4.96
9180,überschritten,,,,,,none,775,4.96
9181,where,,,,,,none,775,4.96
9182,instrumente,instrument,,het,Substantiv,Instrument,lemma,775,4.96
9183,mailand,Milaan,,,Substantiv,,direct,775,4.96
9184,belassen,laten,,,Verb,,direct,775,4.96
9185,latein,Latijn,,,Substantiv,,direct,775,4.96
9186,caine,,,,,,none,774,4.96
9187,großartiges,geweldig,,,Adjektiv,großartig,lemma,774,4.96
9188,billie,,,,,,none,774,4.96
9189,grundlage,grondslag,,de,Substantiv,,direct,774,4.96
9190,reihenfolge,orde,,,Substantiv,,direct,774,4.96
9191,körperliche,corporeel,stoffelijk,,Adjektiv,körperlich,lemma,774,4.96
9192,würmer,worm,pier,de,Substantiv,Wurm,lemma,774,4.96
9193,arena,arena,,,Substantiv,,direct,773,4.95
9194,mexico,,,,,,none,773,4.95
9195,hong,,,,,,none,773,4.95
9196,ballett,ballet,,,Substantiv,,direct,773,4.95
9197,luder,hoer,,,Substantiv,,direct,773,4.95
9198,gerald,,,,,,none,773,4.95
9199,werke,,,,,,none,773,4.95
9200,bullshit,lullen,,,Substantiv,,direct,773,4.95
9201,mae,,,,,,none,772,4.94
9202,verfolgung,vervolging,,de,Substantiv,,direct,772,4.94
9203,lizzie,,,,,,none,772,4.94
9204,männlichen,mannelijk,,,Adjektiv,männlich,lemma,772,4.94
9205,exemplar,voorbeeld,,,Substantiv,,direct,772,4.94
9206,bedauerlich,betreurenswaardig,,,Adjektiv,,direct,772,4.94
9207,blinden,blind,,,Adjektiv,blind,lemma,772,4.94
9208,jage,jagen,,,Verb,jagen,lemma,772,4.94
9209,cd,cd,,,,,direct,772,4.94
9210,honey,,,,,,none,772,4.94
9211,finanzieren,financieren,,,Verb,,direct,771,4.94
9212,anstalt,instelling,,de,Substantiv,,direct,771,4.94
9213,vorbeischauen,doorverbinden met,,,Verb,,direct,771,4.94
9214,pakt,pakt,,,Substantiv,,direct,771,4.94
9215,damm,dam,dijk; perineum; waterreservoir,de,Substantiv,,direct,771,4.94
9216,laser,laser,,de,Substantiv,,direct,771,4.94
9217,gustav,Gustaaf,,,Substantiv,,direct,771,4.94
9218,einsamen,eenzaam,enig,,Adjektiv,einsam,lemma,771,4.94
9219,derart,zodanig,,,Adverb,,direct,771,4.94
9220,unteren,onder,te midden van,,Präposition,unter,lemma,771,4.94
9221,versammeln,verzamelen,,,Verb,,direct,771,4.94
9222,behörde,autoriteit,,de,Substantiv,,direct,771,4.94
9223,info,info,,,Substantiv,,direct,771,4.94
9224,beckett,,,,,,none,771,4.94
9225,gedeckt,nuchter,,,Adjektiv,,direct,771,4.94
9226,köter,hondsvot,,,Substantiv,,direct,770,4.93
9227,positionen,plaats,plek; mening; situatie,,Substantiv,Position,lemma,770,4.93
9228,vertrete,vertegenwoordigen,,,Verb,vertreten,lemma,770,4.93
9229,kirby,,,,,,none,770,4.93
9230,vergewaltigen,verkrachten,,,Verb,,direct,770,4.93
9231,chemikalien,chemicalie,,,Substantiv,Chemikalie,lemma,770,4.93
9232,verwechseln,verwarren,,,Verb,,direct,769,4.92
9233,helle,bont,,,Adjektiv,,direct,769,4.92
9234,vergrößern,vergroten,,,Verb,,direct,769,4.92
9235,anhaben,aanhebben,,,Verb,,direct,769,4.92
9236,tuvok,,,,,,none,769,4.92
9237,angepisst,piesen,,,Verb,anpissen,lemma,769,4.92
9238,ida,Izaak,,,,,direct,769,4.92
9239,mississippi,Mississippi,,,Substantiv,,direct,769,4.92
9240,unterschlupf,schuilplaats,,,Substantiv,,direct,769,4.92
9241,hemden,overhemd,hemd; shirt,,Substantiv,Hemd,lemma,768,4.92
9242,besen,bezem,,de,Substantiv,,direct,768,4.92
9243,herkomme,klaarkomen,,,Verb,herkommen,lemma,768,4.92
9244,ließe,,,,,,none,768,4.92
9245,jazz,jazz,,de,Substantiv,,direct,768,4.92
9246,eilt,haasten,,,Verb,eilen,lemma,768,4.92
9247,candy,,,,,,none,768,4.92
9248,vorwerfen,berispen,,,Verb,,direct,768,4.92
9249,plans,plan,ontwerp,,Substantiv,Plan,lemma,768,4.92
9250,il,,,,,,none,767,4.91
9251,abzuhalten,belemmeren,,,Verb,abhalten,lemma,767,4.91
9252,odo,,,,,,none,767,4.91
9253,tugend,deugd,,,Substantiv,,direct,767,4.91
9254,fürsten,Vorst,prins,de,Substantiv,Fürst,lemma,767,4.91
9255,neuanfang,,,,,,none,767,4.91
9256,drängt,duwen,dringen; nijpen,,Verb,drängen,lemma,766,4.90
9257,verweigern,weigeren,,,Verb,,direct,766,4.90
9258,töne,weerklinken,,,Verb,tönen,lemma,766,4.90
9259,patricia,Patricia,,,Substantiv,,direct,766,4.90
9260,maureen,,,,,,none,766,4.90
9261,staates,staat,,de,Substantiv,Staat,lemma,766,4.90
9262,anordnung,afspraak,,de,Substantiv,,direct,766,4.90
9263,orchester,orkest,,,Substantiv,,direct,766,4.90
9264,senf,mosterd,mosterdplant,de,Substantiv,,direct,766,4.90
9265,qualen,kwaal,kwelling,,Substantiv,Qual,lemma,765,4.90
9266,verwaltung,administratie,bestuur,de,Substantiv,,direct,765,4.90
9267,übertreibst,overdrijven,,,Verb,übertreiben,lemma,765,4.90
9268,anonymen,anoniem,,,Adjektiv,anonym,lemma,765,4.90
9269,galt,gelden,,,Verb,gelten,lemma,765,4.90
9270,ver,,,,,,none,765,4.90
9271,scherzen,gekscheren,,,Verb,,direct,764,4.89
9272,ausgeflippt,,,,,,none,764,4.89
9273,modern,modern,,,Adjektiv,,direct,764,4.89
9274,schwiegersohn,schoonzoon,,de,Substantiv,,direct,764,4.89
9275,getränk,drank,,,Substantiv,,direct,764,4.89
9276,hörer,hoorn,,de,Substantiv,,direct,764,4.89
9277,finanzen,financiën,,,,,direct,764,4.89
9278,bang,bang,,,Adjektiv,,direct,764,4.89
9279,colorado,,,,,,none,764,4.89
9280,vernünftige,verstandig,,,Adjektiv,vernünftig,lemma,764,4.89
9281,verteidiger,verdediger,,de,Substantiv,,direct,764,4.89
9282,rupert,,,,,,none,763,4.89
9283,verbirgt,verbergen,verstoppen; schuilen,,Verb,verbergen,lemma,763,4.89
9284,ähnliche,gelijkend,soortgelijk,,Adjektiv,ähnlich,lemma,763,4.89
9285,bevorzugen,prefereren,,,Verb,,direct,763,4.89
9286,bea,,,,,,none,763,4.89
9287,hindurch,doorheen,,,Adverb,,direct,763,4.89
9288,eigentliche,eigenlijk,,,Adverb,eigentlich,lemma,763,4.89
9289,belästigung,intimidatie,,de,Substantiv,,direct,763,4.89
9290,seltene,zelden,zeldzaam; schaars,,Adjektiv,selten,lemma,763,4.89
9291,mysteriöse,geheimzinnig,,,Adjektiv,mysteriös,lemma,763,4.89
9292,vorsitzende,voorzitster,,,Substantiv,,direct,763,4.89
9293,anzüge,kostuum,,,Substantiv,Anzug,lemma,763,4.89
9294,haue,billenkoek,,,Substantiv,,direct,762,4.88
9295,häh,,,,,,none,762,4.88
9296,feuert,afgaan,,,Verb,feuern,lemma,762,4.88
9297,vorausgesetzt,mits,,,,,direct,762,4.88
9298,profitieren,profiteren,,,Verb,,direct,762,4.88
9299,sabine,Sabien,,,Substantiv,,direct,762,4.88
9300,kaltes,koud,kil,,Adjektiv,kalt,lemma,762,4.88
9301,eingedrungen,,,,,,none,762,4.88
9302,huch,oeps,,,Interjektion,,direct,762,4.88
9303,creek,kreek,,,Substantiv,,direct,762,4.88
9304,vorläufig,voorlopig,vooralsnog,,Adjektiv,,direct,762,4.88
9305,canyon,buis,,,Substantiv,,direct,762,4.88
9306,adern,ader,bloedvat,de,Substantiv,Ader,lemma,761,4.87
9307,mordkommission,,,,,,none,761,4.87
9308,schnattert,kwakzalveren,,,Verb,schnattern,lemma,761,4.87
9309,baxter,,,,,,none,761,4.87
9310,piepsen,peeuwen,,,Verb,,direct,761,4.87
9311,benutz,gebruiken,,,Verb,benutzen,lemma,761,4.87
9312,chelsea,,,,,,none,761,4.87
9313,dämliche,suf,,,Adjektiv,dämlich,lemma,760,4.87
9314,erkältung,verkoudheid,,de,Substantiv,,direct,760,4.87
9315,belohnt,,,,,,none,760,4.87
9316,grinsen,grijnzen,,,Verb,,direct,760,4.87
9317,bund,bos,bond,,Substantiv,,direct,760,4.87
9318,gestochen,steken,,,Verb,stechen,lemma,760,4.87
9319,katharina,Katrien,Catharina; Katrijn; Katelijn,,Substantiv,,direct,760,4.87
9320,moms,,,,,,none,759,4.86
9321,provozieren,provoceren,,,Verb,,direct,759,4.86
9322,geschmeichelt,vleien,,,Verb,schmeicheln,lemma,759,4.86
9323,anrichten,aanrichten,,,Verb,,direct,759,4.86
9324,letztlich,tenslotte,,,Adverb,,direct,759,4.86
9325,gehirnerschütterung,hersenschudding,,,Substantiv,,direct,759,4.86
9326,lehnen,leunen,,,Verb,,direct,759,4.86
9327,geknackt,reet,,,Verb,knacken,lemma,759,4.86
9328,partnerschaft,partnerschap,,,Substantiv,,direct,759,4.86
9329,eingeschaltet,aandoen,,,Verb,einschalten,lemma,759,4.86
9330,whitney,,,,,,none,759,4.86
9331,skye,,,,,,none,759,4.86
9332,gestohlenen,gestolen,,,Adjektiv,gestohlen,lemma,759,4.86
9333,aufhörst,stoppen,ophouden,,Verb,aufhören,lemma,758,4.85
9334,tagelang,dagenlang,,,,,direct,758,4.85
9335,oswald,,,,,,none,758,4.85
9336,scofield,,,,,,none,758,4.85
9337,unterscheidet,onderscheiden,verschillen; onderkennen; schillen,,Verb,unterscheiden,lemma,758,4.85
9338,begleiter,begeleider,,de,Substantiv,,direct,758,4.85
9339,margot,,,,,,none,758,4.85
9340,ober,kelner,,,Substantiv,,direct,758,4.85
9341,tödlichen,dodelijk,,,Adjektiv,tödlich,lemma,758,4.85
9342,apokalypse,apocalyps,,,Substantiv,,direct,757,4.85
9343,much,,,,,,none,757,4.85
9344,knabe,jongen,knaap; joch; jochie,de,Substantiv,,direct,757,4.85
9345,montgomery,,,,,,none,757,4.85
9346,eingebildet,ingebeeld,,,Adjektiv,,direct,757,4.85
9347,berühmter,beroemd,,,Adjektiv,berühmt,lemma,757,4.85
9348,reihen,gelederen,,,Substantiv,,direct,757,4.85
9349,schwindler,bedriegster,,,Substantiv,,direct,757,4.85
9350,verarschst,verschalken,,,Verb,verarschen,lemma,757,4.85
9351,maß,maat,,,Substantiv,,direct,757,4.85
9352,rechtsanwalt,advocaat,,de,Substantiv,,direct,757,4.85
9353,geritten,rijden,paardrijden,,Verb,reiten,lemma,757,4.85
9354,romantik,romantiek,,,Substantiv,,direct,757,4.85
9355,net,bijna,,,Adjektiv,,direct,757,4.85
9356,räder,,,,,,none,757,4.85
9357,nanny,,,,,,none,757,4.85
9358,betsy,,,,,,none,756,4.84
9359,erklärungen,verklaring,toelichting; uitlegging,de,Substantiv,Erklärung,lemma,756,4.84
9360,haushälterin,huishoudster,,,Substantiv,,direct,756,4.84
9361,gütig,goedhartig,,,Adjektiv,,direct,756,4.84
9362,privatdetektiv,privédetective,,,Substantiv,,direct,756,4.84
9363,rumhängen,,,,,,none,756,4.84
9364,ansteckend,besmettelijk,,,Adjektiv,,direct,756,4.84
9365,marcy,,,,,,none,756,4.84
9366,anstoßen,toasten,,,Verb,,direct,756,4.84
9367,michaels,,,,,,none,755,4.83
9368,gefüttert,,,,,,none,755,4.83
9369,nackten,naakt,bloot; kaal,,Adjektiv,nackt,lemma,755,4.83
9370,nervig,irritant,,,Adjektiv,,direct,755,4.83
9371,neuem,nieuw,,,Adjektiv,neu,lemma,755,4.83
9372,sheppard,,,,,,none,755,4.83
9373,geistig,geestelijk,mentaal; intellectueel,,Adjektiv,,direct,755,4.83
9374,niedergeschlagen,depressief,,,Adjektiv,,direct,754,4.83
9375,nicolas,,,,,,none,754,4.83
9376,herumlaufen,,,,,,none,754,4.83
9377,einmalige,enig,uniek; eenmalig,,Adjektiv,einmalig,lemma,754,4.83
9378,verstößt,een inbreuk plegen op,,,Verb,verstoßen,lemma,754,4.83
9379,ähnelt,gelijken,overeenstemmen,,Verb,ähneln,lemma,754,4.83
9380,morphium,,,,,,none,754,4.83
9381,tool,zwoegen,,,Substantiv,,direct,754,4.83
9382,bote,boodschapper,,,Substantiv,,direct,753,4.82
9383,monitor,monitor,,de,Substantiv,,direct,753,4.82
9384,kooperation,coöperatie,,,Substantiv,,direct,753,4.82
9385,schwerkraft,zwaartekracht,,de,Substantiv,,direct,753,4.82
9386,abgewiesen,afwijzen,,,Verb,abweisen,lemma,753,4.82
9387,auserwählt,,,,,,none,753,4.82
9388,bedacht,bedachtzaam,,,Substantiv,,direct,753,4.82
9389,frucht,vrucht,fruit,de,Substantiv,,direct,753,4.82
9390,phaser,,,,,,none,753,4.82
9391,söldner,huurling,huursoldaat,,Substantiv,,direct,752,4.82
9392,taugt,deugen,,,Verb,taugen,lemma,752,4.82
9393,dalton,,,,,,none,752,4.82
9394,objekte,voorwerp,object,,Substantiv,Objekt,lemma,752,4.82
9395,pulli,trui,,,Substantiv,,direct,752,4.82
9396,ärzten,arts,dokter; geneesheer; medicus,de,Substantiv,Arzt,lemma,752,4.82
9397,kiefer,kaak,den; pijnboom; dennenboom,,Substantiv,,direct,752,4.82
9398,aufwecken,wakker maken,,,Verb,,direct,752,4.82
9399,angemacht,aanmaken,,,Verb,anmachen,lemma,752,4.82
9400,klugscheißer,betweter,,,Substantiv,,direct,752,4.82
9401,zaubern,toveren,goochelen,,Verb,,direct,751,4.81
9402,gabel,vork,,,Substantiv,,direct,751,4.81
9403,engagieren,contracteren,,,Verb,,direct,751,4.81
9404,funktionierte,functioneren,,,Verb,funktionieren,lemma,751,4.81
9405,gross,groot,volwassene,,Adjektiv,groß,lemma,751,4.81
9406,schwächer,zwak,,,Adjektiv,schwach,lemma,751,4.81
9407,empfindest,voelen,,,Verb,empfinden,lemma,751,4.81
9408,führ,leiden,,,Verb,führen,lemma,750,4.80
9409,ernsthafte,,,,,,none,750,4.80
9410,vermitteln,overbrengen,,,Verb,,direct,750,4.80
9411,einzusetzen,gaan,,,Verb,einsetzen,lemma,750,4.80
9412,andreas,Andries,Andreas,,Substantiv,,direct,750,4.80
9413,hughes,,,,,,none,750,4.80
9414,jenen,dat,,,Demonstrativpronomen,jener,lemma,750,4.80
9415,nonnen,non,,de,Substantiv,Nonne,lemma,750,4.80
9416,vorgehensweise,handelwijze,modus procedendi; werkwijze,,Substantiv,,direct,749,4.80
9417,wat,waden,flodderen; plassen,,Verb,waten,lemma,749,4.80
9418,spender,donor,,,Substantiv,,direct,749,4.80
9419,val,,,,,,none,749,4.80
9420,company,,,,,,none,749,4.80
9421,blauer,blauw,,,Adjektiv,blau,lemma,749,4.80
9422,rasiert,,,,,,none,748,4.79
9423,vergebt,vergeven,,,Verb,vergeben,lemma,748,4.79
9424,mayday,,,,,,none,748,4.79
9425,venus,Venus,,,Substantiv,,direct,748,4.79
9426,verhafte,aanhouden,,,Verb,verhaften,lemma,748,4.79
9427,steigst,stijgen,,,Verb,steigen,lemma,748,4.79
9428,identisch,identiek,,,Adjektiv,,direct,748,4.79
9429,bange,angst,,de,Substantiv,,direct,748,4.79
9430,bekämpft,,,,,,none,748,4.79
9431,jep,,,,,,none,748,4.79
9432,gastgeber,gastheer,,de,Substantiv,,direct,748,4.79
9433,innenstadt,binnenstad,,,Substantiv,,direct,747,4.78
9434,mitbewohnerin,,,,,,none,747,4.78
9435,papas,,,,,,none,747,4.78
9436,schwindelig,duizelig,,,Adjektiv,,direct,747,4.78
9437,dc,,,,,,none,747,4.78
9438,ratschlag,raad,,de,Substantiv,,direct,747,4.78
9439,scham,schamte,schaamte,,Substantiv,,direct,747,4.78
9440,intensiv,intens,,,Adjektiv,,direct,747,4.78
9441,amigo,,,,,,none,747,4.78
9442,louie,,,,,,none,747,4.78
9443,defekt,defectief,,,Adjektiv,,direct,747,4.78
9444,beziehen,betrekken,,,Verb,,direct,747,4.78
9445,or,,,,,,none,747,4.78
9446,talentiert,getalenteerd,,,Adjektiv,,direct,746,4.78
9447,bridget,,,,,,none,746,4.78
9448,gretchen,,,,,,none,746,4.78
9449,angezeigt,aangewezen,,,Adjektiv,,direct,746,4.78
9450,schaufel,schop,,de,Substantiv,,direct,746,4.78
9451,erschüttert,,,,,,none,746,4.78
9452,reingefallen,,,,,,none,746,4.78
9453,vetter,kozijn,,de,Substantiv,,direct,746,4.78
9454,braunen,bruin,,,Adjektiv,braun,lemma,746,4.78
9455,boys,,,,,,none,745,4.77
9456,bestechen,omkopen,bekoren,,Verb,,direct,745,4.77
9457,rücksitz,,,,,,none,745,4.77
9458,sicherzustellen,waarborgen,garanderen,,Verb,sicherstellen,lemma,745,4.77
9459,verärgern,verstoring,,,Verb,,direct,745,4.77
9460,magier,magiër,,,Substantiv,,direct,745,4.77
9461,management,bewind,,,Substantiv,,direct,745,4.77
9462,eröffnung,opening,,de,Substantiv,,direct,745,4.77
9463,grill,grill,,de,Substantiv,,direct,745,4.77
9464,schiffen,in overvloed aanwezig zijn,,,Verb,,direct,745,4.77
9465,passte,passen,,,Verb,passen,lemma,745,4.77
9466,deacon,,,,,,none,745,4.77
9467,chefs,,,,,,none,744,4.76
9468,verbinde,verbinden,,,Verb,verbinden,lemma,744,4.76
9469,würfel,dobbelsteen,kubus; blokje; klontje,,Substantiv,,direct,744,4.76
9470,physik,natuurkunde,fysica,de,Substantiv,,direct,744,4.76
9471,dosen,,,,,,none,744,4.76
9472,grove,,,,,,none,744,4.76
9473,champ,,,,,,none,744,4.76
9474,möchtet,mogen,,,Verb,mögen,lemma,744,4.76
9475,porno,porno,,,Substantiv,,direct,744,4.76
9476,absoluter,absoluut,,,Adjektiv,absolut,lemma,744,4.76
9477,stadion,stadion,,,Substantiv,,direct,744,4.76
9478,abgeschossen,,,,,,none,744,4.76
9479,streben,streven,,,Verb,,direct,744,4.76
9480,durchstehen,doorstaan,,,Verb,,direct,744,4.76
9481,beging,begaan,,,Verb,begehen,lemma,743,4.76
9482,streik,staking,,de,Substantiv,,direct,743,4.76
9483,weiterfahren,,,,,,none,743,4.76
9484,ramon,,,,,,none,743,4.76
9485,tipps,wenk,,,Substantiv,Tipp,lemma,743,4.76
9486,sweet,,,,,,none,743,4.76
9487,hinsehen,als,,,Verb,,direct,742,4.75
9488,isabel,Isabella,,,Substantiv,,direct,742,4.75
9489,starte,starten,,,Verb,starten,lemma,742,4.75
9490,plätzchen,koekje,,,Substantiv,,direct,742,4.75
9491,magazine,magazijn,magazine,,Substantiv,Magazin,lemma,742,4.75
9492,wanda,,,,,,none,742,4.75
9493,beruht,,,,,,none,742,4.75
9494,ragnar,,,,,,none,742,4.75
9495,korruption,corruptie,,,Substantiv,,direct,742,4.75
9496,wimmelt,krielen,,,Verb,wimmeln,lemma,742,4.75
9497,hook,,,,,,none,742,4.75
9498,lux,lux,,,Substantiv,,direct,742,4.75
9499,abgestellt,parkeren,,,Verb,abstellen,lemma,742,4.75
9500,liefere,opleveren,verstrekken,,Verb,liefern,lemma,742,4.75
9501,anschließend,volgende,,,Adjektiv,,direct,742,4.75
9502,grube,mijn,groeve; graf,,Substantiv,,direct,742,4.75
9503,mei,,,,,,none,741,4.74
9504,flieht,vluchten,,,Verb,fliehen,lemma,741,4.74
9505,schriftlich,geschreven,,,Adjektiv,,direct,741,4.74
9506,kamerad,kameraad,,,Substantiv,,direct,741,4.74
9507,irrelevant,irrelevant,,,Adjektiv,,direct,741,4.74
9508,ironisch,ironisch,,,Adjektiv,,direct,741,4.74
9509,herab,baan,,,Lokaladverb,,direct,741,4.74
9510,friedrich,Frederik,Fredrik; Freek; Frits,,Substantiv,,direct,741,4.74
9511,stier,Stier,stier,de,Substantiv,,direct,741,4.74
9512,entschluss,beslissing,,de,Substantiv,,direct,741,4.74
9513,gescheitert,falen,mislukken,,Verb,scheitern,lemma,741,4.74
9514,begrüße,begroeten,,,Verb,begrüßen,lemma,740,4.74
9515,kitt,kit,,,Substantiv,,direct,740,4.74
9516,desaster,ramp,,,Substantiv,,direct,740,4.74
9517,wachsam,waakzaam,,,Adjektiv,,direct,740,4.74
9518,startklar,startklaar,,,Adjektiv,,direct,740,4.74
9519,gutmachen,maken,,,Verb,,direct,740,4.74
9520,log,log,,,Substantiv,,direct,740,4.74
9521,luca,,,,,,none,740,4.74
9522,hypothek,hypotheek,,de,Substantiv,,direct,739,4.73
9523,anhand,aan de hand van,,,Präposition,,direct,739,4.73
9524,schlagzeilen,kop,,,Verb,,direct,739,4.73
9525,auslöser,opnameknopje,actuator,,Substantiv,,direct,739,4.73
9526,gaius,,,,,,none,739,4.73
9527,kündigung,opzegging,,de,Substantiv,,direct,739,4.73
9528,atlantis,Atlantis,,,Eigenname,,direct,739,4.73
9529,entzug,ontwenning,,,Substantiv,,direct,739,4.73
9530,server,server,,,Substantiv,,direct,739,4.73
9531,adele,adelen,,,Verb,adeln,lemma,739,4.73
9532,leibwächter,lijfwacht,,,Substantiv,,direct,739,4.73
9533,abzulenken,afleiden,,,Verb,ablenken,lemma,738,4.73
9534,angeben,opscheppen,aangeven; etaleren,,Verb,,direct,738,4.73
9535,abknallen,,,,,,none,738,4.73
9536,schuldigen,schuldig,,,Adjektiv,schuldig,lemma,738,4.73
9537,thor,Donar,,,Substantiv,,direct,738,4.73
9538,erschrocken,,,,,,none,738,4.73
9539,lehrte,leren,aanleren,,Verb,lehren,lemma,738,4.73
9540,häschen,haasje,,,Substantiv,,direct,738,4.73
9541,daily,,,,,,none,738,4.73
9542,handschuh,handschoen,,de,Substantiv,,direct,738,4.73
9543,seide,zijde,zij,,Substantiv,,direct,738,4.73
9544,bewaffnete,bewapenen,,,Verb,bewaffnen,lemma,738,4.73
9545,caesar,,,,,,none,738,4.73
9546,sklavin,slavin,,,Substantiv,,direct,737,4.72
9547,leinwand,doek,schildersdoek,de,Substantiv,,direct,737,4.72
9548,erzählten,vertellen,verhalen,,Verb,erzählen,lemma,737,4.72
9549,geguckt,kijken,,,Verb,gucken,lemma,737,4.72
9550,georgie,,,,,,none,737,4.72
9551,stimmts,,,,,,none,737,4.72
9552,brendan,,,,,,none,737,4.72
9553,leichten,licht,gemakkelijk; makkelijk,,Adjektiv,leicht,lemma,737,4.72
9554,phillips,,,,,,none,737,4.72
9555,pistolen,pistool,,,Substantiv,Pistole,lemma,737,4.72
9556,verbringst,doorbrengen,slijten; verbrengen; verslijten,,Verb,verbringen,lemma,736,4.71
9557,scannen,scannen,,,Verb,,direct,736,4.71
9558,richmond,,,,,,none,736,4.71
9559,klatschen,applaudisseren,kletsen; roddelen; ouwehoeren,,Verb,,direct,736,4.71
9560,städten,stad,,de,Substantiv,Stadt,lemma,736,4.71
9561,ohrringe,oorbel,oorring,,Substantiv,Ohrring,lemma,736,4.71
9562,präsentation,presentatie,,,Substantiv,,direct,736,4.71
9563,gotham,,,,,,none,736,4.71
9564,häuschen,huisje,huiske,,Substantiv,,direct,736,4.71
9565,vermittlung,bemiddeling,,de,Substantiv,,direct,735,4.71
9566,zahnbürste,tandenborstel,,de,Substantiv,,direct,735,4.71
9567,feinen,verfijnen,,,Verb,,direct,735,4.71
9568,blei,lood,,,Substantiv,,direct,735,4.71
9569,gönnen,gunnen,,,Verb,,direct,735,4.71
9570,schlugen,verslaan,slaan; kloppen; vechten,,Verb,schlagen,lemma,735,4.71
9571,sprüche,Spreuken,,,,,direct,735,4.71
9572,erreichbar,bereikbaar,,,Adjektiv,,direct,735,4.71
9573,scheißdreck,geen reet,,,Substantiv,,direct,735,4.71
9574,kerlen,kerel,vent; pik,,Substantiv,Kerl,lemma,735,4.71
9575,zuverlässig,degelijk,,,Adjektiv,,direct,735,4.71
9576,sasha,,,,,,none,734,4.70
9577,aufprall,botsing,,de,Substantiv,,direct,734,4.70
9578,stewart,,,,,,none,734,4.70
9579,hochzeiten,,,,,,none,734,4.70
9580,aneinander,elkaar,,,Adverb,,direct,734,4.70
9581,vorwurf,verwijt,,,Substantiv,,direct,734,4.70
9582,gehörten,toebehoren,behoren; zich behoren,,Verb,gehören,lemma,734,4.70
9583,ausflippen,doordraaien,,,Verb,,direct,734,4.70
9584,kehrte,vegen,,,Verb,kehren,lemma,733,4.69
9585,sonntags,,,,,,none,733,4.69
9586,cyrus,Cyrus,,,Substantiv,,direct,733,4.69
9587,garde,lijf,,het,Substantiv,,direct,733,4.69
9588,sonde,sonde,,,Substantiv,,direct,733,4.69
9589,blutungen,bloeding,,,Substantiv,Blutung,lemma,733,4.69
9590,roosevelt,,,,,,none,733,4.69
9591,flüchtlinge,vluchteling,,de,Substantiv,Flüchtling,lemma,733,4.69
9592,unterhose,onderbroek,,,Substantiv,,direct,733,4.69
9593,scotland,,,,,,none,733,4.69
9594,instrumentalmusik,instrumentale muziek,,,Substantiv,,direct,733,4.69
9595,becca,,,,,,none,732,4.69
9596,heldin,heldin,,de,Substantiv,,direct,732,4.69
9597,geschmeckt,smaken,,,Verb,schmecken,lemma,732,4.69
9598,rod,rooien,,,,roden,lemma,732,4.69
9599,unterstütze,steunen,,,Verb,unterstützen,lemma,732,4.69
9600,schluchzen,snikken,,,Verb,,direct,732,4.69
9601,säcke,zak,,de,Substantiv,Sack,lemma,732,4.69
9602,psychopath,psychopaat,,,Substantiv,,direct,732,4.69
9603,madonna,Maagd Maria,,,Substantiv,,direct,732,4.69
9604,bezeugen,betuigen,,,Verb,,direct,732,4.69
9605,massage,massage,,,Substantiv,,direct,732,4.69
9606,geschmissen,,,,,,none,732,4.69
9607,pudding,pudding,,,Substantiv,,direct,732,4.69
9608,einzuladen,uitnodigen,inviteren,,Verb,einladen,lemma,732,4.69
9609,meldete,afkomen,,,Verb,melden,lemma,732,4.69
9610,ecken,hoek,,de,Substantiv,Ecke,lemma,731,4.68
9611,bedrohen,bedreigen,,,Verb,,direct,731,4.68
9612,lulu,,,,,,none,731,4.68
9613,lichtjahre,lichtjaar,,,Substantiv,Lichtjahr,lemma,731,4.68
9614,line,,,,,,none,731,4.68
9615,schweig,zwijgen,,,Verb,schweigen,lemma,731,4.68
9616,zwecklos,zinloos,,,Adjektiv,,direct,731,4.68
9617,teilnehmer,deelnemer,,de,Substantiv,,direct,731,4.68
9618,charley,,,,,,none,731,4.68
9619,langeweile,verveling,,de,Substantiv,,direct,731,4.68
9620,offiziellen,officieel,,,Adjektiv,offiziell,lemma,731,4.68
9621,rudi,,,,,,none,730,4.67
9622,verzeihe,vergeven,,,Verb,verzeihen,lemma,730,4.67
9623,hässlichen,lelijk,,,Adjektiv,hässlich,lemma,730,4.67
9624,gewidmet,opdragen,dedicaceren; toewijzen,,Verb,widmen,lemma,730,4.67
9625,tabak,tabaksplant,tabak,,Substantiv,,direct,730,4.67
9626,ernannt,benoemen,,,Verb,ernennen,lemma,730,4.67
9627,übler,kwaad,,,Substantiv,übel,lemma,730,4.67
9628,sandwiches,sandwich,boterham,,Substantiv,Sandwich,lemma,730,4.67
9629,adoptieren,adopteren,,,Verb,,direct,730,4.67
9630,geistern,,,,,,none,729,4.67
9631,sheriffs,,,,,,none,729,4.67
9632,vorgesetzter,superieur,principaal,,Substantiv,,direct,729,4.67
9633,kodex,code,,,Substantiv,,direct,729,4.67
9634,südamerika,Zuid-Amerika,,het,Substantiv,,direct,729,4.67
9635,kostete,kosten,,,Verb,kosten,lemma,729,4.67
9636,verführt,,,,,,none,729,4.67
9637,schonen,Skåne,,,Substantiv,,direct,729,4.67
9638,pauline,,,,,,none,729,4.67
9639,machtlos,machteloos,,,Adjektiv,,direct,729,4.67
9640,einsehen,onderkennen,inzien; bevroeden,,Verb,,direct,728,4.66
9641,mythos,mythe,,,Substantiv,,direct,728,4.66
9642,verantworten,borg staan,,,Verb,,direct,728,4.66
9643,ausschließlich,exclusief,,,Adverb,,direct,728,4.66
9644,ahh,,,,,,none,728,4.66
9645,pamela,,,,,,none,728,4.66
9646,geschäften,winkel,,de,Substantiv,Geschäft,lemma,728,4.66
9647,zurückbekommen,hernemen,,,Verb,,direct,727,4.66
9648,anrufst,opbellen,bellen; aanroepen; inroepen,,Verb,anrufen,lemma,727,4.66
9649,marihuana,marihuana,,,Substantiv,,direct,727,4.66
9650,mithalten,bijbenen,,,Verb,,direct,727,4.66
9651,lebenszeichen,levensteken,,,Substantiv,,direct,727,4.66
9652,woody,,,,,,none,726,4.65
9653,anmachen,aanmaken,,,Verb,,direct,726,4.65
9654,sklaverei,slavernij,,de,Substantiv,,direct,726,4.65
9655,haustier,huisdier,,het,Substantiv,,direct,726,4.65
9656,inseln,eiland,,,Substantiv,Insel,lemma,726,4.65
9657,ohh,,,,,,none,726,4.65
9658,stützpunkt,basis,,de,Substantiv,,direct,726,4.65
9659,trennt,scheiden,,,Verb,trennen,lemma,725,4.64
9660,gesichtsausdruck,gelaatsuitdrukking,,,Substantiv,,direct,725,4.64
9661,gesunken,zinken,,,Verb,sinken,lemma,725,4.64
9662,fernbedienung,afstandbediening,,,Substantiv,,direct,725,4.64
9663,verstärkt,,,,,,none,725,4.64
9664,markus,Mark,,,Substantiv,,direct,725,4.64
9665,element,element,,,Substantiv,,direct,725,4.64
9666,sterling,,,,,,none,725,4.64
9667,olga,,,,,,none,725,4.64
9668,verlegenheit,verlegenheid,,de,Substantiv,,direct,725,4.64
9669,metro,metro,,de,Substantiv,,direct,724,4.64
9670,bruderschaft,broederschap,,,Substantiv,,direct,724,4.64
9671,probiere,proberen,,,Verb,probieren,lemma,724,4.64
9672,wiederum,anderzijds,,,Adverb,,direct,724,4.64
9673,bereitschaft,bereidheid,,de,Substantiv,,direct,724,4.64
9674,chet,,,,,,none,724,4.64
9675,börse,beurs,,,Substantiv,,direct,724,4.64
9676,aufsatz,opstel,,,Substantiv,,direct,724,4.64
9677,untergrund,underground,,,Substantiv,,direct,724,4.64
9678,versiegelt,,,,,,none,724,4.64
9679,gegenstände,voorwerp,,,Substantiv,Gegenstand,lemma,724,4.64
9680,gebildet,belezen,,,Adjektiv,,direct,724,4.64
9681,rast,pauze,,,Substantiv,,direct,724,4.64
9682,regiment,regiment,,het,Substantiv,,direct,724,4.64
9683,kostenlos,kosteloos,,,Adjektiv,,direct,723,4.63
9684,ausschuss,uitschot,commissie; comité; uitschotopening,,Substantiv,,direct,723,4.63
9685,dvd,DVD,,,Substantiv,,direct,723,4.63
9686,gesprengt,opblazen,,,Verb,sprengen,lemma,722,4.62
9687,ausweise,royeren,,,Verb,ausweisen,lemma,722,4.62
9688,allan,,,,,,none,722,4.62
9689,feindliche,vijandig,,,Adjektiv,feindlich,lemma,722,4.62
9690,irina,,,,,,none,722,4.62
9691,feldwebel,sergeant,,,Substantiv,,direct,722,4.62
9692,zerbricht,breken,,,Verb,zerbrechen,lemma,722,4.62
9693,lenkt,besturen,,,Verb,lenken,lemma,722,4.62
9694,durchdrehen,erdoor draaien,doordraaien; over zijn toeren raken,,Verb,,direct,721,4.62
9695,ausgelassen,uitgelaten,,,Adjektiv,,direct,721,4.62
9696,kramer,,,,,,none,721,4.62
9697,tango,tango,,,Substantiv,,direct,721,4.62
9698,respektlos,oneerbiedig,,,Adjektiv,,direct,721,4.62
9699,stripperin,,,,,,none,721,4.62
9700,hengst,hengst,,,Substantiv,,direct,721,4.62
9701,schwanzlutscher,lulzuiger,,,Substantiv,,direct,721,4.62
9702,löse,oplossen,,,Verb,lösen,lemma,721,4.62
9703,banane,banaan,pisang,,Substantiv,,direct,721,4.62
9704,bloss,,,,,,none,721,4.62
9705,gavin,,,,,,none,721,4.62
9706,skinner,,,,,,none,721,4.62
9707,schurken,schurk,,de,Substantiv,Schurke,lemma,721,4.62
9708,wäscht,wassen,,,Verb,waschen,lemma,721,4.62
9709,daraufhin,achter,,,Adverb,,direct,720,4.61
9710,nico,,,,,,none,720,4.61
9711,walsh,,,,,,none,720,4.61
9712,geschäftspartner,partner,,,,,direct,720,4.61
9713,weggefahren,,,,,,none,720,4.61
9714,psychologie,psychologie,,,Substantiv,,direct,720,4.61
9715,zwing,dwingen,afdwingen,,Verb,zwingen,lemma,720,4.61
9716,verständigen,waarschuwen,,,Verb,,direct,720,4.61
9717,belastung,last,,de,Substantiv,,direct,720,4.61
9718,bender,,,,,,none,720,4.61
9719,bindung,binding,,,Substantiv,,direct,719,4.60
9720,sherman,,,,,,none,719,4.60
9721,umarmt,,,,,,none,719,4.60
9722,entkam,ontsnappen,,,Verb,entkommen,lemma,719,4.60
9723,gespenst,spook,,,Substantiv,,direct,719,4.60
9724,konntet,kunnen,,,Verb,können,lemma,719,4.60
9725,menschenleben,menselijkheid,,de,Substantiv,,direct,719,4.60
9726,wurdet,worden,zullen; gaan,,Verb,werden,lemma,718,4.60
9727,öde,ambetant,,,Adjektiv,,direct,718,4.60
9728,ursprung,oorsprong,,de,Substantiv,,direct,718,4.60
9729,geputzt,opruimen,,,Verb,putzen,lemma,718,4.60
9730,sektion,afdeling,,de,Substantiv,,direct,718,4.60
9731,schleppen,sjouwen,,,Verb,,direct,718,4.60
9732,erfassen,grijpen,begrijpen; vatten; bevatten,,Verb,,direct,718,4.60
9733,terrasse,terras,,,Substantiv,,direct,718,4.60
9734,wilhelm,Willem,Wim,,Substantiv,,direct,718,4.60
9735,unbesorgt,,,,,,none,718,4.60
9736,warteten,wachten,onderhouden; verzorgen,,Verb,warten,lemma,718,4.60
9737,eingereicht,indienen,,,Verb,einreichen,lemma,718,4.60
9738,sekretär,secretaresse,,de,Substantiv,,direct,717,4.59
9739,turk,,,,,,none,717,4.59
9740,beruhigend,geruststellend,,,Adjektiv,,direct,717,4.59
9741,angezündet,aansteken,,,Verb,anzünden,lemma,717,4.59
9742,verbrechens,misdaad,misdrijf,,Substantiv,Verbrechen,lemma,717,4.59
9743,impuls,impuls,,de,Substantiv,,direct,717,4.59
9744,voreilig,onbezonnen,,,Adjektiv,,direct,717,4.59
9745,peitsche,zweep,,,Substantiv,,direct,717,4.59
9746,griechen,Griek,,,Substantiv,Grieche,lemma,717,4.59
9747,bennet,,,,,,none,717,4.59
9748,installiert,,,,,,none,717,4.59
9749,verlier,verliezen,,,Verb,verlieren,lemma,717,4.59
9750,rebellion,rebellie,oproer,,Substantiv,,direct,717,4.59
9751,karin,,,,,,none,717,4.59
9752,seemann,zeeman,,,Substantiv,,direct,717,4.59
9753,bones,,,,,,none,717,4.59
9754,aufgeräumt,goedgeluimd,,,Adjektiv,,direct,717,4.59
9755,verdiente,verdienen,,,Verb,verdienen,lemma,716,4.58
9756,elender,ellende,,,Substantiv,elend,lemma,716,4.58
9757,sound,degelijk,,,Substantiv,,direct,716,4.58
9758,absturz,crash,klif,,Substantiv,,direct,716,4.58
9759,begleichen,afbetalen,,,Verb,,direct,716,4.58
9760,orgasmus,orgasme,,,Substantiv,,direct,716,4.58
9761,toto,,,,,,none,715,4.58
9762,vögelchen,vogeltje,,,Substantiv,,direct,715,4.58
9763,reinkommt,,,,,,none,715,4.58
9764,renee,,,,,,none,715,4.58
9765,benachrichtigen,verwittigen,,,Verb,,direct,715,4.58
9766,kavallerie,cavalerie,ruiterij,,Substantiv,,direct,715,4.58
9767,allerseits,iedereen,,,Adverb,,direct,715,4.58
9768,übe,oefening,,,Verb,üben,lemma,715,4.58
9769,constable,grootofficier,,,Substantiv,,direct,715,4.58
9770,weigern,weigeren,,,Verb,,direct,714,4.57
9771,wirklichen,werkelijk,,,Adverb,wirklich,lemma,714,4.57
9772,aufträge,opdracht,lastgeving,de,Substantiv,Auftrag,lemma,714,4.57
9773,beifall,applaus,,de,Substantiv,,direct,714,4.57
9774,cents,cent,,de,Substantiv,Cent,lemma,714,4.57
9775,angehörigen,,,,,,none,714,4.57
9776,damien,,,,,,none,713,4.57
9777,resultat,resultaat,,,Substantiv,,direct,713,4.57
9778,global,mondiaal,wereldwijd,,Adjektiv,,direct,713,4.57
9779,pennsylvania,Pennsylvania,,,Substantiv,,direct,713,4.57
9780,warmen,warm,,,Adjektiv,warm,lemma,713,4.57
9781,danielle,,,,,,none,713,4.57
9782,verbiete,verbieden,,,Verb,verbieten,lemma,713,4.57
9783,entschuldigst,verontschuldigen,,,Verb,entschuldigen,lemma,713,4.57
9784,wahlen,verkiezing,keuze; keus,,Substantiv,Wahl,lemma,713,4.57
9785,aufziehen,grootbrengen,,,Verb,,direct,713,4.57
9786,weitem,wijd,,,Adjektiv,weit,lemma,713,4.57
9787,verdreht,,,,,,none,713,4.57
9788,powers,,,,,,none,712,4.56
9789,vorschuss,voorschot,,,Substantiv,,direct,712,4.56
9790,bananen,banaan,pisang,,Substantiv,Banane,lemma,712,4.56
9791,dex,,,,,,none,712,4.56
9792,schuf,slagen,scheppfen,,Verb,schaffen,lemma,712,4.56
9793,beschützer,bewaker,,,Substantiv,,direct,712,4.56
9794,fuer,,,,,,none,712,4.56
9795,wahrlich,naar waarheid,,,Adverb,,direct,712,4.56
9796,hüften,heup,,,Substantiv,Hüfte,lemma,712,4.56
9797,betrag,bedrag,,,Substantiv,,direct,712,4.56
9798,hysterisch,hysterisch,,,Adjektiv,,direct,711,4.55
9799,schwor,etteren,,,Verb,schwären,lemma,711,4.55
9800,schlägerei,vechtpartij,,,Substantiv,,direct,711,4.55
9801,flogen,vliegen,,,Verb,fliegen,lemma,711,4.55
9802,bösewicht,superschurk,,,Substantiv,,direct,711,4.55
9803,aufwachsen,opgroeien,,,Verb,,direct,710,4.55
9804,römischen,Romeins,Romeinse,,Adjektiv,römisch,lemma,710,4.55
9805,carolina,,,,,,none,710,4.55
9806,auszeichnung,onderscheiding,,,Substantiv,,direct,710,4.55
9807,riskiere,riskeren,risqueren,,Verb,riskieren,lemma,710,4.55
9808,florence,,,,,,none,710,4.55
9809,ermöglichen,staat,,,Verb,,direct,710,4.55
9810,komiker,komiek,,,Substantiv,,direct,710,4.55
9811,auffallen,opvallen,,,Verb,,direct,710,4.55
9812,eingegangen,ingaan,,,Verb,eingehen,lemma,710,4.55
9813,kondom,condoom,kapotje,,Substantiv,,direct,710,4.55
9814,besserung,verbetering,,de,Substantiv,,direct,710,4.55
9815,vinnie,,,,,,none,710,4.55
9816,karton,karton,,,Substantiv,,direct,710,4.55
9817,verspätet,vertraagd,,,Adjektiv,,direct,709,4.54
9818,obhut,charge,,,Substantiv,,direct,709,4.54
9819,aufführung,voorstelling,,de,Substantiv,,direct,709,4.54
9820,fraß,azen,,,Substantiv,,direct,709,4.54
9821,abfahrt,afdaling,vertrek; afrit; afvaart,de,Substantiv,,direct,709,4.54
9822,hydra,waterslang,,,,,direct,709,4.54
9823,briefkasten,brievenbus,,,Substantiv,,direct,709,4.54
9824,häftling,gevangene,arrestant; gedetineerde,,Substantiv,,direct,708,4.53
9825,ezra,,,,,,none,708,4.53
9826,kat,qat,,,Substantiv,,direct,708,4.53
9827,unterschätzen,onderschatten,,,Verb,,direct,708,4.53
9828,sisko,,,,,,none,708,4.53
9829,hausfrau,huisvrouw,,de,Substantiv,,direct,708,4.53
9830,hannes,,,,,,none,708,4.53
9831,errichten,oprichten,,,Verb,,direct,708,4.53
9832,stapel,stapel,,de,Substantiv,,direct,708,4.53
9833,reparatur,herstel,reparatie,,Substantiv,,direct,707,4.53
9834,pike,piek,,,Substantiv,,direct,707,4.53
9835,reste,overblijfsel,,,Substantiv,Rest,lemma,707,4.53
9836,übereinstimmung,overeenkomst,,de,Substantiv,,direct,707,4.53
9837,entwurf,ontwerp,kladversie,,Substantiv,,direct,707,4.53
9838,shoppen,shoppen,,,Verb,,direct,707,4.53
9839,anliegen,wens,,de,Substantiv,,direct,707,4.53
9840,täuschung,bedriegerij,,,Substantiv,,direct,707,4.53
9841,doll,erg,,,Adjektiv,,direct,707,4.53
9842,eliminieren,elimineren,,,Verb,,direct,707,4.53
9843,verstärken,aanhalen,,,Verb,,direct,707,4.53
9844,insassen,gevangene,inzittende; passagier; pensionair,,Substantiv,Insasse,lemma,707,4.53
9845,mithilfe,assistentie,hulp; medewerking,,Substantiv,,direct,707,4.53
9846,packung,pak,,,Substantiv,,direct,707,4.53
9847,adressen,adres,,het,Substantiv,Adresse,lemma,707,4.53
9848,kang,,,,,,none,707,4.53
9849,themen,onderwerp,thema,,Substantiv,Thema,lemma,707,4.53
9850,aufteilen,afbreken,,,Verb,,direct,707,4.53
9851,unberechenbar,onberekenbaar,,,Adjektiv,,direct,707,4.53
9852,eingeschlagen,inslag,,,Verb,einschlagen,lemma,707,4.53
9853,verklagt,,,,,,none,706,4.52
9854,drohne,dar,,de,Substantiv,,direct,706,4.52
9855,vage,vaag,schemerachtig; schemerig; zweverig,,Adjektiv,,direct,706,4.52
9856,hindernis,obstakel,belemmering; hindernis,,Substantiv,,direct,706,4.52
9857,izzy,,,,,,none,705,4.51
9858,qualifiziert,bevoegd,,,Adjektiv,,direct,705,4.51
9859,solo,solo,,,Substantiv,,direct,705,4.51
9860,gierig,hebzuchtig,,,Adjektiv,,direct,705,4.51
9861,schreck,schrik,,de,Substantiv,,direct,705,4.51
9862,verrotten,rotten,,,Verb,,direct,705,4.51
9863,integrität,integriteit,,,Substantiv,,direct,705,4.51
9864,hinterkopf,achterhoofd,,,Substantiv,,direct,705,4.51
9865,wundervollen,geweldig,,,Adjektiv,wundervoll,lemma,705,4.51
9866,lo,,,,,,none,705,4.51
9867,lob,lof,,de,Substantiv,,direct,705,4.51
9868,verwirren,verwarren,,,Verb,,direct,705,4.51
9869,allgemeinen,algemeen,genereel; generiek,,Adjektiv,allgemein,lemma,704,4.51
9870,frustriert,gefrustreerd,,,Adjektiv,,direct,704,4.51
9871,ohnmacht,bezwijming,,,Substantiv,,direct,704,4.51
9872,autoschlüssel,autosleutel,,de,Substantiv,,direct,704,4.51
9873,erfährst,ervaren,,,Adjektiv,erfahren,lemma,704,4.51
9874,image,imago,,,Substantiv,,direct,704,4.51
9875,grady,,,,,,none,704,4.51
9876,people,,,,,,none,704,4.51
9877,unheilvolle,natuurramp,,,Adjektiv,unheilvoll,lemma,704,4.51
9878,kapieren,begrijpen,,,Verb,,direct,704,4.51
9879,zigarren,sigaar,,,Substantiv,Zigarre,lemma,704,4.51
9880,joint,joint,,,Substantiv,,direct,703,4.50
9881,nachgehen,achterlopen,,,Verb,,direct,703,4.50
9882,gedrängt,,,,,,none,703,4.50
9883,soziale,sociaal,maatschappelijk,,Adjektiv,sozial,lemma,703,4.50
9884,diente,dienen,,,Verb,dienen,lemma,703,4.50
9885,vieler,veel,,,Adjektiv,viel,lemma,703,4.50
9886,wissenschaftliche,wetenschappelijk,,,Adjektiv,wissenschaftlich,lemma,703,4.50
9887,dastehen,,,,,,none,703,4.50
9888,inmitten,te midden van,,,Präposition,,direct,703,4.50
9889,millie,,,,,,none,703,4.50
9890,brannte,branden,verbranden,,Verb,brennen,lemma,703,4.50
9891,mengen,mengen,,,,,direct,703,4.50
9892,ausnahmsweise,bij wijze van uitzondering,,,Adverb,,direct,703,4.50
9893,silvester,oudejaarsavond,oud en nieuw; oudejaarsdag,de,Substantiv,,direct,703,4.50
9894,berufen,dragen,,,Verb,,direct,702,4.50
9895,schließfach,bankkluis,,,Substantiv,,direct,702,4.50
9896,bunny,,,,,,none,702,4.50
9897,kenneth,,,,,,none,702,4.50
9898,tische,,,,,,none,702,4.50
9899,wasche,wassen,,,Verb,waschen,lemma,702,4.50
9900,vase,vaas,,,Substantiv,,direct,702,4.50
9901,einhalten,bemerken,,,Verb,,direct,702,4.50
9902,halfen,helpen,bijstaan,,Verb,helfen,lemma,702,4.50
9903,übernahm,overnemen,,,Verb,übernehmen,lemma,702,4.50
9904,millionär,miljonair,,,Substantiv,,direct,702,4.50
9905,dreißig,dertig,,,Numerale,,direct,702,4.50
9906,bernadette,,,,,,none,701,4.49
9907,denjenigen,het,,,Demonstrativpronomen,,direct,701,4.49
9908,begeisterung,enthousiasme,,,Substantiv,,direct,701,4.49
9909,forscher,verkenner,onderzoeker,de,Substantiv,,direct,701,4.49
9910,begabt,begaafd,,,Adjektiv,,direct,701,4.49
9911,design,design,,,Substantiv,,direct,701,4.49
9912,matthews,,,,,,none,701,4.49
9913,taufe,doop,,de,Substantiv,,direct,701,4.49
9914,entscheidend,cruciaal,,,Adjektiv,,direct,701,4.49
9915,zurückhaben,steunen,,,Verb,,direct,701,4.49
9916,katrina,,,,,,none,701,4.49
9917,nervensäge,strontvervelend,,,Substantiv,,direct,701,4.49
9918,betritt,bedremmeld,beteuterd; betreden; verlegen,,Adjektiv,betreten,lemma,700,4.48
9919,rodrigo,,,,,,none,700,4.48
9920,kuckuck,koekoek,,,Substantiv,,direct,700,4.48
9921,veränderte,veranderen,,,Verb,verändern,lemma,700,4.48
9922,vollbracht,aanvullen,,,Verb,vollbringen,lemma,700,4.48
9923,jeweils,tegelijk,,,Adverb,,direct,700,4.48
9924,passende,geschikt,,,Adjektiv,passend,lemma,700,4.48
9925,unabhängigkeit,onafhankelijkheid,zelfstandigheid,,Substantiv,,direct,700,4.48
9926,türe,,,,,,none,700,4.48
9927,einbrechen,inbreken,,,Verb,,direct,700,4.48
9928,folgst,volgen,,,Verb,folgen,lemma,699,4.48
9929,lücke,lacune,hiaat; leemte; opening,,Substantiv,,direct,699,4.48
9930,jüngeren,jong,jeugdig,,Adjektiv,jung,lemma,699,4.48
9931,immobilien,immobiliën,,,Substantiv,Immobilie,lemma,699,4.48
9932,industries,,,,,,none,699,4.48
9933,schwangere,in verwachting,,,Substantiv,,direct,699,4.48
9934,unfug,kattenkwaad,,,Substantiv,,direct,699,4.48
9935,weibchen,wijfjesdier,,,Substantiv,,direct,699,4.48
9936,ergriffen,,,,,,none,699,4.48
9937,jahrestag,jaardag,,,Substantiv,,direct,698,4.47
9938,oleson,,,,,,none,698,4.47
9939,fry,,,,,,none,698,4.47
9940,exzellent,excellent,,,Adjektiv,,direct,698,4.47
9941,strahlen,stralen,,,Verb,,direct,698,4.47
9942,vorgenommen,uitvoeren,,,Verb,vornehmen,lemma,698,4.47
9943,aufgezeichnet,opnemen,,,Verb,aufzeichnen,lemma,698,4.47
9944,business,zaak,,de,Substantiv,,direct,697,4.46
9945,depression,depressie,,,Substantiv,,direct,697,4.46
9946,privates,privaat,besloten,,Adjektiv,privat,lemma,697,4.46
9947,streiche,aaien,,,Verb,streichen,lemma,697,4.46
9948,alaska,Alaska,,,Substantiv,,direct,697,4.46
9949,frances,,,,,,none,697,4.46
9950,wänden,winden,,,Verb,winden,lemma,697,4.46
9951,erwecken,ontwaken,,,Verb,,direct,697,4.46
9952,sawyer,,,,,,none,697,4.46
9953,männchen,mannetje,mannetjesdier,,Substantiv,,direct,697,4.46
9954,senken,afbreken,,,Verb,,direct,697,4.46
9955,otis,,,,,,none,696,4.46
9956,spanische,Spaans,,het,Substantiv,spanisch,lemma,696,4.46
9957,beamter,ambtenaar,,de,Substantiv,,direct,696,4.46
9958,kommission,commissie,,de,Substantiv,,direct,696,4.46
9959,fünfzig,vijftig,,,Numerale,,direct,696,4.46
9960,gedemütigt,,,,,,none,696,4.46
9961,gucke,kijken,,,Verb,gucken,lemma,696,4.46
9962,mehrheit,meerderheid,merendeel,de,Substantiv,,direct,696,4.46
9963,teuren,duur,dierbaar,,Adjektiv,teuer,lemma,695,4.45
9964,abreißen,slopen,afbreken,,Verb,,direct,695,4.45
9965,komödie,komedie,,de,Substantiv,,direct,695,4.45
9966,gestehe,bekennen,,,Verb,gestehen,lemma,695,4.45
9967,außergewöhnliche,uitzonderlijk,buitengewoon; ongebruikelijk; schitterend,,Adjektiv,außergewöhnlich,lemma,695,4.45
9968,hartes,stug,hard,,Adjektiv,hart,lemma,695,4.45
9969,ausprobiert,,,,,,none,695,4.45
9970,runterkommen,,,,,,none,695,4.45
9971,tragt,dragen,,,Verb,tragen,lemma,695,4.45
9972,spart,sparen,besparen,,Verb,sparen,lemma,695,4.45
9973,bälle,bal,,de,Substantiv,Ball,lemma,695,4.45
9974,fahrzeuge,voertuig,,,Substantiv,Fahrzeug,lemma,695,4.45
9975,freya,,,,,,none,694,4.44
9976,zähl,tellen,,,Verb,zählen,lemma,694,4.44
9977,verehrer,aanbidder,,de,Substantiv,,direct,694,4.44
9978,strecken,"opvullen, uitrekken",,,Verb,,direct,694,4.44
9979,gegeneinander,,,,,,none,694,4.44
9980,ausfüllen,invullen,,,Verb,,direct,694,4.44
9981,olive,olijf,,,Substantiv,,direct,694,4.44
9982,crazy,,,,,,none,694,4.44
9983,vermächtnis,legaat,,,Substantiv,,direct,694,4.44
9984,beteiligung,deelname,,de,Substantiv,,direct,694,4.44
9985,bengel,deugniet,belhamel; bengel; kwajongen,,Substantiv,,direct,694,4.44
9986,gottverdammte,,,,,,none,694,4.44
9987,winzigen,piepklein,,,Adjektiv,winzig,lemma,694,4.44
9988,nächten,nacht,,de,Substantiv,Nacht,lemma,694,4.44
9989,ätzend,schamper,,,Adjektiv,,direct,693,4.44
9990,kapital,kapitaal,,,Substantiv,,direct,693,4.44
9991,attacke,aanval,,,Substantiv,,direct,693,4.44
9992,vorstellungsgespräch,sollicitatiegesprek,,,Substantiv,,direct,693,4.44
9993,interessiere,interesseren,,,Verb,interessieren,lemma,693,4.44
9994,medium,medium,,,Substantiv,,direct,693,4.44
9995,anwenden,toepassen,aanwenden; gebruikmaken,,Verb,,direct,693,4.44
9996,hamlet,,,,,,none,692,4.43
9997,stockwerk,verdieping,,,Substantiv,,direct,692,4.43
9998,krankenhäuser,ziekenhuis,gasthuis; hospitaal,het,Substantiv,Krankenhaus,lemma,692,4.43
9999,direkten,direct,,,Adjektiv,direkt,lemma,692,4.43
10000,benötige,nodig hebben,vergen,,Verb,benötigen,lemma,692,4.43
